country,"Country ranked by search interest in the Greece Euro referendum on July 5, 2015"
Liechtenstein,1
Monaco,2
Germany,3
Tonga,4
Greece,5
Austria,6
Luxembourg,7
Saint Martin,8
Cyprus,9
Switzerland,10
Cayman Islands,11
Bhutan,12
Italy,13
Netherlands,14
Sint Maarten,15
Grenada,16
Guernsey,17
Aland Islands,18
Belgium,19
Malta,20
Sweden,21
Lesotho,22
Cura�ao,23
Ireland,24
Iceland,25
Czech Republic,26
Spain,27
Norway,28
Guadeloupe,29
The Bahamas,30
Singapore,31
Djibouti,32
Saint Lucia,33
United Kingdom,34
Saint Helena,35
Australia,36
Romania,37
Aruba,38
Botswana,39
Slovenia,40
France,41
Isle of Man,42
Bulgaria,43
Canada,44
Brunei Darussalam,45
Denmark,46
Portugal,47
Croatia,48
Namibia,49
Mauritius,50
Estonia,51
New Zealand,52
Haiti,53
Hong Kong,54
Jersey,55
Macedonia,56
Reunion,57
Maldives,58
Finland,59
Lithuania,60
Slovakia,61
United Arab Emirates,62
Hungary,63
Barbados,64
Qatar,65
Fiji,66
South Africa,67
United States,68
Georgia,69
Poland,70
Latvia,71
Kosovo,72
Suriname,73
Rwanda,74
Senegal,75
Tunisia,76
Puerto Rico,77
Kenya,78
South Korea,79
Mali,80
Bahrain,81
Cambodia,82
Martinique,83
Zimbabwe,84
Albania,85
Malaysia,86
Kuwait,87
Uruguay,88
China,89
Myanmar,90
Panama,91
Serbia,92
Madagascar,93
Afghanistan,94
Zambia,95
Israel,96
Ghana,97
Morocco,98
Bolivia,99
India,100
C�te d'Ivoire,101
Egypt,102
Chile,103
Lebanon,104
Laos,105
Jamaica,106
Dominican Republic,107
Thailand,108
Turkey,109
Democratic Republic of the Congo,110
Tanzania,111
Cameroon,112
Philippines,113
Bosnia and Herzegovina,114
Colombia,115
Angola,116
Taiwan,117
Argentina,118
Jordan,119
Mozambique,120
Honduras,121
Peru,122
Kyrgyzstan,123
Nigeria,124
Uganda,125
Algeria,126
Saudi Arabia,127
Ethiopia,128
Costa Rica,129
Pakistan,130
Paraguay,131
Guatemala,132
Mexico,133
El Salvador,134
Venezuela,135
Japan,136
Bangladesh,137
Ecuador,138
Russia,139
Oman,140
Indonesia,141
Brazil,142
Sudan,143
Ukraine,144
Azerbaijan,145
Belarus,146
Iran,147
Kazakhstan,148
Iraq,149
Vietnam,150