"Search interest in Denmark Party Leaders by City from 5/27/15-6/15/15
All values indexed to 100, where 100 is the max search interest",,,,,,,,,,,
City,Most Searched,Kristian Thulesen Dahl,Helle Thorning-Schmidt,Søren Pape Poulsen,Morten Østergaard,Lars Løkke Rasmussen,Pia Olsen Dyhr,Uffe Elbæk,Johanne Schmidt-Nielsen,Stig Grenov,Anders Samuelsen
Vadum (North Denmark Region Denmark),Morten Østergaard,0.00,0.00,0.00,10.45,0.00,0.00,0.00,10.45,0.00,0.00
Svenstrup J (North Denmark Region Denmark),Lars Løkke Rasmussen,0.00,0.00,0.00,0.00,1.51,0.00,0.00,0.00,0.00,0.00
Skørping (North Denmark Region Denmark),Helle Thorning-Schmidt,0.00,0.67,0.00,0.00,0.00,0.00,0.00,0.00,0.00,0.00
Spøttrup (Central Denmark Region Denmark),Johanne Schmidt-Nielsen,0.00,0.00,0.00,0.00,0.87,0.00,0.00,1.74,0.00,0.00
Erslev (North Denmark Region Denmark),Lars Løkke Rasmussen,0.00,0.00,0.00,0.00,0.79,0.00,0.26,0.26,0.00,0.00
Blåvand  (Southern Denmark Region Denmark),Helle Thorning-Schmidt,0.00,1.99,0.00,0.00,0.00,0.00,0.00,0.00,0.00,0.00
Årre (Southern Denmark Region Denmark),Anders Samuelsen,0.00,0.00,0.00,0.00,0.00,0.00,0.00,0.00,0.00,11.67
Fanø (Southern Denmark Region Denmark),Lars Løkke Rasmussen,0.00,0.22,0.03,0.06,0.25,0.06,0.06,0.09,0.00,0.09
Egtved (Southern Denmark Region Denmark),Lars Løkke Rasmussen,0.00,0.00,0.00,0.00,1.04,0.00,0.00,0.00,0.00,0.00
Gesten  (Southern Denmark Region Denmark),Helle Thorning-Schmidt,0.00,0.62,0.21,0.21,0.21,0.00,0.00,0.21,0.00,0.00
Bryrup (Central Denmark Region Denmark),Kristian Thulesen Dahl,11.11,0.00,0.00,0.00,0.00,0.00,0.00,0.00,0.00,0.00
Hampen (Central Denmark Region Denmark),Kristian Thulesen Dahl,4.86,0.00,0.00,0.00,0.00,0.00,0.00,0.00,0.00,0.00
Ikast (Central Denmark Region Denmark),Kristian Thulesen Dahl,0.24,0.24,0.00,0.00,0.24,0.00,0.00,0.00,0.00,0.00
Brande (Central Denmark Region Denmark),Helle Thorning-Schmidt,0.00,0.52,0.00,0.00,0.52,0.00,0.00,0.26,0.00,0.00
Vildbjerg (Central Denmark Region Denmark),Kristian Thulesen Dahl,0.40,0.27,0.13,0.00,0.40,0.13,0.13,0.00,0.00,0.00
Vinderup (Central Denmark Region Denmark),Lars Løkke Rasmussen,0.00,0.93,0.00,0.00,1.86,0.00,0.93,0.00,0.00,0.00
Højslev (Central Denmark Region Denmark),Kristian Thulesen Dahl,5.64,0.00,0.00,0.00,0.00,0.00,0.00,0.00,0.00,0.00
Stoholm (Central Denmark Region Denmark),Søren Pape Poulsen,0.00,0.00,3.93,0.00,0.00,0.00,0.00,0.00,0.00,0.00
Hammel (Central Denmark Region Denmark),Helle Thorning-Schmidt,0.00,1.57,0.39,0.00,0.79,0.00,0.39,0.00,0.00,0.00
Hadsten (Central Denmark Region Denmark),Helle Thorning-Schmidt,0.00,1.55,0.00,0.00,1.03,0.00,0.00,0.00,0.00,0.52
Hinnerup (Central Denmark Region Denmark),Lars Løkke Rasmussen,0.27,0.27,0.00,0.00,0.80,0.00,0.00,0.00,0.00,0.00
Sabro (Central Denmark Region Denmark),Helle Thorning-Schmidt,0.00,0.64,0.00,0.00,0.00,0.00,0.00,0.00,0.00,0.00
Auning (Central Denmark Region Denmark),Kristian Thulesen Dahl,3.05,0.00,0.00,0.00,0.00,0.00,0.00,0.00,0.00,0.00
Risskov (Central Denmark Region Denmark),Johanne Schmidt-Nielsen,0.22,0.22,0.00,0.00,0.22,0.22,0.00,0.45,0.00,0.22
Tranbjerg (Central Denmark Region Denmark),Helle Thorning-Schmidt,0.00,0.67,0.00,0.00,0.67,0.00,0.00,0.00,0.00,0.00
Odder (Central Denmark Region Denmark),Helle Thorning-Schmidt,0.04,0.49,0.16,0.00,0.25,0.08,0.16,0.12,0.00,0.04
Galten (Central Denmark Region Denmark),Morten Østergaard,0.00,0.00,0.00,0.22,0.00,0.00,0.22,0.22,0.00,0.22
Skanderborg (Central Denmark Region Denmark),Helle Thorning-Schmidt,0.11,0.43,0.21,0.11,0.32,0.32,0.11,0.11,0.00,0.00
Ry (Central Denmark Region Denmark),Helle Thorning-Schmidt,0.00,2.51,0.00,0.00,1.50,0.00,0.00,0.50,0.00,0.00
Uldum (Central Denmark Region Denmark),Uffe Elbæk,0.00,0.00,0.00,0.00,0.00,0.00,4.82,0.00,0.00,0.00
Juelsminde (Central Denmark Region Denmark),Morten Østergaard,0.00,0.00,0.00,0.53,0.53,0.00,0.00,0.00,0.00,0.00
Stouby (Central Denmark Region Denmark),Helle Thorning-Schmidt,0.00,8.04,0.00,0.00,0.00,0.00,0.00,0.00,0.00,0.00
Fredericia (Southern Denmark Region Denmark),Lars Løkke Rasmussen,0.13,0.20,0.07,0.13,0.46,0.20,0.20,0.13,0.00,0.07
Blommenslyst (Southern Denmark Region Denmark),Pia Olsen Dyhr,0.00,0.00,0.00,0.00,0.00,1.68,0.00,0.00,0.00,0.00
Vemmelev (Region Zealand Denmark),Helle Thorning-Schmidt,0.00,1.12,0.00,0.00,0.00,0.00,1.12,0.00,0.00,0.00
Kalundborg (Region Zealand Denmark),Helle Thorning-Schmidt,0.00,0.16,0.00,0.00,0.16,0.00,0.16,0.16,0.00,0.16
Asnæs (Region Zealand Denmark),Lars Løkke Rasmussen,0.00,0.00,0.00,0.00,5.51,0.00,0.00,0.00,0.00,0.00
Nørre Asmindrup (Region Zealand Denmark),Helle Thorning-Schmidt,0.00,0.62,0.62,0.00,0.00,0.00,0.00,0.00,0.00,0.00
Vig (Region Zealand Denmark),Kristian Thulesen Dahl,0.57,0.00,0.00,0.00,0.57,0.00,0.00,0.00,0.00,0.00
Samsø (Central Denmark Region Denmark),Lars Løkke Rasmussen,0.14,0.39,0.08,0.12,0.44,0.11,0.19,0.25,0.00,0.14
Glesborg (Central Denmark Region Denmark),Johanne Schmidt-Nielsen,0.00,0.00,0.00,0.00,0.00,0.00,0.00,2.81,0.00,0.00
Ørsted (Central Denmark Region Denmark),Kristian Thulesen Dahl,1.99,0.00,0.00,0.00,0.00,0.00,0.00,0.00,0.00,0.00
Hadsund (North Denmark Region Denmark),Helle Thorning-Schmidt,0.00,0.34,0.00,0.00,0.00,0.00,0.00,0.34,0.00,0.00
Tårs (North Denmark Region Denmark),Lars Løkke Rasmussen,0.00,0.00,0.00,0.00,2.31,2.31,0.00,0.00,0.00,0.00
Sindal (North Denmark Region Denmark),Johanne Schmidt-Nielsen,0.00,0.00,0.00,0.00,0.00,0.00,0.00,2.07,0.00,0.00
Frederiksværk (Capital Region of Denmark Denmark),Morten Østergaard,0.00,0.00,0.00,0.50,0.00,0.00,0.00,0.00,0.00,0.00
Slangerup (Capital Region of Denmark Denmark),Helle Thorning-Schmidt,0.00,1.84,0.00,0.00,1.84,0.00,0.00,0.00,0.00,0.00
Værløse (Capital Region of Denmark Denmark),Johanne Schmidt-Nielsen,0.00,0.00,0.00,0.00,0.00,0.00,0.00,0.75,0.00,0.00
Rungsted Kyst (Capital Region of Denmark Denmark),Uffe Elbæk,0.00,0.00,0.00,0.00,0.00,0.00,3.80,0.00,0.00,0.00
Gentofte (Capital Region of Denmark Denmark),Helle Thorning-Schmidt,0.12,0.25,0.00,0.12,0.00,0.00,0.12,0.12,0.00,0.00
Glostrup (Capital Region of Denmark Denmark),Helle Thorning-Schmidt,0.00,0.27,0.09,0.00,0.09,0.00,0.18,0.09,0.00,0.00
Søborg (Capital Region of Denmark Denmark),Uffe Elbæk,0.09,0.09,0.00,0.09,0.09,0.09,0.18,0.18,0.00,0.00
Hvidovre (Capital Region of Denmark Denmark),Helle Thorning-Schmidt,0.00,0.27,0.00,0.07,0.14,0.07,0.14,0.07,0.00,0.14
Smørum (Capital Region of Denmark Denmark),Lars Løkke Rasmussen,0.00,0.00,0.00,0.00,1.13,0.00,0.00,1.13,0.00,0.00
Frederikssund (Capital Region of Denmark Denmark),Lars Løkke Rasmussen,0.00,0.43,0.00,0.00,0.64,0.21,0.00,0.21,0.00,0.00
Vipperød (Region Zealand Denmark),Søren Pape Poulsen,0.18,0.00,0.36,0.00,0.00,0.18,0.18,0.36,0.00,0.00
Vordingborg (Region Zealand Denmark),Helle Thorning-Schmidt,0.00,0.54,0.00,0.00,0.18,0.18,0.00,0.18,0.00,0.18
Viby Sj (Region Zealand Denmark),Helle Thorning-Schmidt,0.00,2.54,0.00,0.00,0.00,0.00,0.00,0.00,0.00,0.00
Dragør (Capital Region of Denmark Denmark),Kristian Thulesen Dahl,1.25,0.00,0.00,0.00,0.00,0.00,0.62,0.00,0.00,0.00
Neksø (Capital Region of Denmark Denmark),Helle Thorning-Schmidt,0.00,1.24,0.00,0.00,0.00,0.00,0.00,0.00,0.00,0.00
Maribo (Region Zealand Denmark),Morten Østergaard,0.00,0.00,0.00,0.53,0.00,0.53,0.00,0.53,0.00,0.00
Aabenraa (Southern Denmark Region Denmark),Helle Thorning-Schmidt,0.00,0.21,0.10,0.00,0.00,0.00,0.00,0.00,0.00,0.10
Aalborg (North Denmark Region Denmark),Helle Thorning-Schmidt,0.05,0.36,0.09,0.08,0.17,0.05,0.11,0.16,0.00,0.19
Aalestrup Municipality (North Denmark Region Denmark),Johanne Schmidt-Nielsen,0.00,0.00,0.00,0.00,0.00,0.00,0.00,1.20,0.00,0.00
Aarhus (Central Denmark Region Denmark),Kristian Thulesen Dahl,0.13,0.13,0.00,0.00,0.00,0.00,0.00,0.13,0.00,0.00
Aars (North Denmark Region Denmark),Morten Østergaard,0.00,0.00,0.00,0.33,0.00,0.00,0.00,0.33,0.00,0.00
Ansager (Southern Denmark Region Denmark),Helle Thorning-Schmidt,0.00,0.16,0.00,0.00,0.16,0.00,0.16,0.16,0.00,0.00
Årslev (Southern Denmark Region Denmark),Johanne Schmidt-Nielsen,0.00,0.00,0.00,0.00,0.00,0.00,0.00,2.05,0.00,0.00
Assens (Southern Denmark Region Denmark),Helle Thorning-Schmidt,0.00,0.62,0.00,0.00,0.00,0.00,0.00,0.00,0.00,0.00
Aulum (Central Denmark Region Denmark),Anders Samuelsen,0.00,0.00,0.00,0.00,0.00,0.00,0.00,0.00,0.00,3.48
Bagsværd (Capital Region of Denmark Denmark),Johanne Schmidt-Nielsen,0.00,0.22,0.00,0.00,0.22,0.00,0.00,0.43,0.00,0.00
Ballerup (Capital Region of Denmark Denmark),Helle Thorning-Schmidt,0.00,0.19,0.09,0.00,0.09,0.19,0.00,0.19,0.00,0.00
Beder (Central Denmark Region Denmark),Johanne Schmidt-Nielsen,0.00,0.00,0.00,0.00,0.00,0.00,0.00,2.03,0.00,0.00
Birkerød (Capital Region of Denmark Denmark),Helle Thorning-Schmidt,0.14,0.72,0.00,0.00,0.29,0.00,0.14,0.14,0.00,0.14
Bjerringbro (Central Denmark Region Denmark),Lars Løkke Rasmussen,0.00,0.00,0.00,0.00,0.49,0.00,0.00,0.00,0.00,0.00
Bogense (Southern Denmark Region Denmark),Pia Olsen Dyhr,0.00,0.00,0.00,0.00,0.00,0.76,0.00,0.00,0.00,0.00
Borkop (Southern Denmark Region Denmark),Helle Thorning-Schmidt,0.00,0.52,0.00,0.00,0.00,0.00,0.00,0.00,0.00,0.00
Bramming (Southern Denmark Region Denmark),Helle Thorning-Schmidt,0.00,0.59,0.00,0.00,0.59,0.00,0.59,0.00,0.00,0.00
Bredsten (Southern Denmark Region Denmark),Lars Løkke Rasmussen,0.00,0.00,0.00,0.00,3.19,0.00,0.00,0.00,0.00,0.00
Brondby Strand (Capital Region of Denmark Denmark),Helle Thorning-Schmidt,0.29,0.59,0.29,0.00,0.29,0.00,0.00,0.00,0.00,0.00
Bronderslev (North Denmark Region Denmark),Søren Pape Poulsen,0.00,0.00,0.33,0.00,0.00,0.00,0.33,0.00,0.00,0.00
Brovst (North Denmark Region Denmark),Helle Thorning-Schmidt,0.00,0.46,0.00,0.00,0.46,0.46,0.00,0.46,0.00,0.00
Charlottenlund (Capital Region of Denmark Denmark),Johanne Schmidt-Nielsen,0.45,0.00,0.00,0.00,0.00,0.00,0.00,0.91,0.00,0.00
Copenhagen (Capital Region of Denmark Denmark),Helle Thorning-Schmidt,0.08,0.36,0.06,0.06,0.27,0.09,0.14,0.19,0.00,0.09
Dybvad (North Denmark Region Denmark),Helle Thorning-Schmidt,0.00,0.69,0.00,0.69,0.69,0.00,0.69,0.00,0.00,0.00
Ebeltoft (Central Denmark Region Denmark),Anders Samuelsen,0.00,0.00,0.00,0.00,0.37,0.00,0.00,0.00,0.00,0.73
Ega (Central Denmark Region Denmark),Helle Thorning-Schmidt,0.27,0.54,0.00,0.00,0.27,0.27,0.00,0.00,0.00,0.00
Ejby Municipality (Southern Denmark Region Denmark),Helle Thorning-Schmidt,0.00,7.73,0.00,0.00,3.87,0.00,0.00,0.00,0.00,0.00
Esbjerg (Southern Denmark Region Denmark),Helle Thorning-Schmidt,0.00,1.05,0.52,0.00,0.00,0.00,0.00,0.00,0.00,0.00
Espergaerde (Capital Region of Denmark Denmark),Helle Thorning-Schmidt,0.00,1.27,0.00,1.27,1.27,0.00,1.27,0.00,0.00,0.00
Faaborg (Southern Denmark Region Denmark),Uffe Elbæk,0.00,0.00,0.00,0.00,0.00,0.00,0.32,0.00,0.00,0.00
Farsø (North Denmark Region Denmark),Johanne Schmidt-Nielsen,0.00,0.00,0.00,0.00,0.00,0.00,0.00,2.96,0.00,0.00
Farum (Capital Region of Denmark Denmark),Lars Løkke Rasmussen,0.00,0.00,0.00,0.00,0.45,0.00,0.00,0.00,0.00,0.00
Faxe Ladeplads (Region Zealand Denmark),Johanne Schmidt-Nielsen,0.00,0.00,0.00,0.00,0.00,0.00,0.00,1.27,0.00,0.00
Fredensborg (Capital Region of Denmark Denmark),Kristian Thulesen Dahl,0.69,0.35,0.00,0.00,0.35,0.00,0.00,0.00,0.00,0.00
Frederiksberg (Capital Region of Denmark Denmark),Helle Thorning-Schmidt,0.07,0.47,0.03,0.10,0.37,0.10,0.13,0.27,0.00,0.10
Frederikshavn (North Denmark Region Denmark),Johanne Schmidt-Nielsen,0.00,0.25,0.13,0.00,0.25,0.13,0.00,0.38,0.00,0.00
Give Municipality (Southern Denmark Region Denmark),Kristian Thulesen Dahl,0.81,0.00,0.00,0.00,0.40,0.00,0.00,0.40,0.00,0.00
Gorlev (Region Zealand Denmark),Anders Samuelsen,0.00,0.00,0.00,0.00,0.00,0.00,0.00,0.00,0.00,2.57
Graested (Capital Region of Denmark Denmark),Helle Thorning-Schmidt,0.00,0.67,0.00,0.00,0.00,0.00,0.00,0.67,0.00,0.00
Greve Strand (Region Zealand Denmark),Anders Samuelsen,0.00,0.00,0.00,0.13,0.13,0.00,0.13,0.00,0.00,0.38
Grindsted (Southern Denmark Region Denmark),Helle Thorning-Schmidt,0.26,0.77,0.00,0.00,0.51,0.51,0.00,0.00,0.00,0.00
Gudhjem (Capital Region of Denmark Denmark),Kristian Thulesen Dahl,0.34,0.00,0.00,0.17,0.17,0.00,0.00,0.00,0.00,0.17
Haarby Municipality (Southern Denmark Region Denmark),Helle Thorning-Schmidt,0.00,4.29,0.00,0.00,0.00,0.00,0.00,0.00,0.00,0.00
Haderslev (Southern Denmark Region Denmark),Helle Thorning-Schmidt,0.00,0.38,0.00,0.00,0.28,0.00,0.19,0.09,0.00,0.00
Hanstholm (North Denmark Region Denmark),Uffe Elbæk,0.00,0.00,0.00,0.00,0.00,0.00,4.32,0.00,0.00,0.00
Haslev (Region Zealand Denmark),Lars Løkke Rasmussen,0.00,0.00,0.00,0.00,0.28,0.28,0.28,0.00,0.00,0.28
Hasselager (Central Denmark Region Denmark),Lars Løkke Rasmussen,0.00,0.00,0.00,0.00,1.24,0.00,0.00,0.00,0.00,0.00
Hedehusene (Capital Region of Denmark Denmark),Helle Thorning-Schmidt,0.00,0.61,0.61,0.00,0.61,0.00,0.61,0.00,0.00,0.00
Hedensted (Central Denmark Region Denmark),Johanne Schmidt-Nielsen,0.00,0.29,0.00,0.29,0.29,0.29,0.29,0.59,0.00,0.00
Hellerup (Capital Region of Denmark Denmark),Helle Thorning-Schmidt,0.00,0.20,0.00,0.10,0.20,0.20,0.10,0.20,0.00,0.10
Helsinge (Capital Region of Denmark Denmark),Lars Løkke Rasmussen,0.00,0.41,0.00,0.00,0.61,0.00,0.00,0.41,0.00,0.00
Helsingor (Capital Region of Denmark Denmark),Helle Thorning-Schmidt,0.00,0.27,0.09,0.09,0.18,0.09,0.18,0.09,0.00,0.09
Herlev (Capital Region of Denmark Denmark),Lars Løkke Rasmussen,0.16,0.33,0.16,0.00,0.49,0.08,0.00,0.00,0.00,0.08
Herning (Central Denmark Region Denmark),Lars Løkke Rasmussen,0.00,0.12,0.00,0.00,0.23,0.06,0.23,0.23,0.00,0.06
Hillerod (Capital Region of Denmark Denmark),Johanne Schmidt-Nielsen,0.06,0.28,0.06,0.00,0.17,0.22,0.06,0.34,0.00,0.06
Hjorring (North Denmark Region Denmark),Johanne Schmidt-Nielsen,0.00,0.20,0.10,0.20,0.10,0.00,0.20,0.30,0.00,0.00
Hobro (North Denmark Region Denmark),Helle Thorning-Schmidt,0.00,0.76,0.00,0.19,0.38,0.19,0.00,0.00,0.00,0.00
Holbaek (Region Zealand Denmark),Helle Thorning-Schmidt,0.12,0.41,0.06,0.12,0.17,0.29,0.12,0.06,0.00,0.06
Holstebro (Central Denmark Region Denmark),Lars Løkke Rasmussen,0.00,0.34,0.00,0.17,0.43,0.00,0.00,0.17,0.00,0.09
Holte (Capital Region of Denmark Denmark),Helle Thorning-Schmidt,0.00,0.43,0.00,0.00,0.43,0.00,0.00,0.00,0.00,0.00
Hornslet (Central Denmark Region Denmark),Helle Thorning-Schmidt,0.00,0.57,0.00,0.00,0.00,0.00,0.00,0.57,0.00,0.00
Horsholm (Capital Region of Denmark Denmark),Helle Thorning-Schmidt,0.09,0.52,0.00,0.17,0.48,0.09,0.04,0.30,0.00,0.00
Ishoj (Capital Region of Denmark Denmark),Lars Løkke Rasmussen,0.00,0.00,0.00,0.00,0.20,0.00,0.00,0.00,0.00,0.00
Karlslunde (Region Zealand Denmark),Helle Thorning-Schmidt,0.00,3.07,0.00,0.00,3.07,0.00,0.00,0.00,0.00,0.00
Karup (Central Denmark Region Denmark),Uffe Elbæk,0.30,0.30,0.00,0.30,0.30,0.00,0.61,0.00,0.00,0.00
Kastrup (Capital Region of Denmark Denmark),Helle Thorning-Schmidt,0.00,0.49,0.00,0.00,0.24,0.24,0.00,0.24,0.00,0.00
Kjellerup (Central Denmark Region Denmark),Søren Pape Poulsen,0.00,0.00,1.26,0.00,0.00,0.00,0.00,0.00,0.00,0.00
Køge (Region Zealand Denmark),Helle Thorning-Schmidt,0.05,0.64,0.09,0.09,0.41,0.23,0.18,0.09,0.00,0.14
Kokkedal (Capital Region of Denmark Denmark),Anders Samuelsen,0.00,0.00,0.00,0.00,0.00,0.00,0.00,0.00,0.00,4.41
Kolding (Southern Denmark Region Denmark),Helle Thorning-Schmidt,0.14,0.50,0.08,0.06,0.17,0.17,0.17,0.14,0.00,0.11
Langaa (Central Denmark Region Denmark),Morten Østergaard,0.00,0.00,0.00,1.01,0.00,1.01,0.00,0.00,0.00,0.00
Lejre (Region Zealand Denmark),Lars Løkke Rasmussen,0.00,0.00,0.00,0.00,4.07,0.00,0.00,0.00,0.00,0.00
Lemvig (Central Denmark Region Denmark),Johanne Schmidt-Nielsen,0.00,0.25,0.00,0.00,0.25,0.25,0.00,0.49,0.00,0.00
Lillerød (Capital Region of Denmark Denmark),Morten Østergaard,0.00,0.00,0.00,0.19,0.00,0.19,0.19,0.00,0.00,0.00
Løkken-Vrå (North Denmark Region Denmark),Kristian Thulesen Dahl,2.19,0.00,0.00,0.00,0.00,0.00,0.00,0.00,0.00,0.00
Løsning (Central Denmark Region Denmark),Helle Thorning-Schmidt,0.00,1.06,0.00,0.00,1.06,1.06,0.00,1.06,0.00,0.00
Lyngby (Capital Region of Denmark Denmark),Helle Thorning-Schmidt,0.04,0.54,0.09,0.09,0.31,0.04,0.13,0.27,0.00,0.13
Marslet (Central Denmark Region Denmark),Uffe Elbæk,0.00,0.00,0.00,0.00,0.00,0.00,0.35,0.00,0.00,0.00
Middelfart (Southern Denmark Region Denmark),Lars Løkke Rasmussen,0.00,0.68,0.00,0.00,1.02,0.17,0.00,0.00,0.00,0.00
Munkebo (Southern Denmark Region Denmark),Helle Thorning-Schmidt,0.00,2.60,0.00,0.00,1.30,0.00,0.00,0.00,0.00,0.00
Naestved (Region Zealand Denmark),Lars Løkke Rasmussen,0.05,0.10,0.00,0.05,0.35,0.00,0.00,0.10,0.00,0.05
Nakskov (Region Zealand Denmark),Uffe Elbæk,0.00,0.00,0.00,0.00,0.00,0.00,0.50,0.25,0.00,0.00
Niva (Capital Region of Denmark Denmark),Helle Thorning-Schmidt,0.00,1.45,0.00,0.00,0.00,0.00,0.00,0.00,0.00,0.00
Nørre Aaby Municipality (Southern Denmark Region Denmark),Helle Thorning-Schmidt,0.00,1.76,0.00,0.00,0.00,0.00,0.00,0.00,0.00,0.00
Norre Alslev (Region Zealand Denmark),Kristian Thulesen Dahl,1.57,0.00,0.00,1.57,0.00,1.57,0.00,0.00,0.00,0.00
Norresundby (North Denmark Region Denmark),Morten Østergaard,0.00,0.00,0.00,0.87,0.00,0.00,0.00,0.00,0.00,0.00
Nyborg (Southern Denmark Region Denmark),Kristian Thulesen Dahl,0.17,0.17,0.00,0.00,0.00,0.17,0.17,0.00,0.00,0.00
Nykobing Falster (Region Zealand Denmark),Helle Thorning-Schmidt,0.00,0.64,0.00,0.00,0.32,0.00,0.11,0.00,0.00,0.00
Odense (Southern Denmark Region Denmark),Lars Løkke Rasmussen,0.07,0.35,0.04,0.04,0.41,0.14,0.21,0.18,0.00,0.13
Olstykke (Capital Region of Denmark Denmark),Lars Løkke Rasmussen,0.00,0.00,0.00,0.00,0.40,0.00,0.40,0.00,0.00,0.00
Ørbæk (Southern Denmark Region Denmark),Søren Pape Poulsen,0.00,0.00,4.19,4.19,0.00,0.00,0.00,0.00,0.00,0.00
Otterup (Southern Denmark Region Denmark),Johanne Schmidt-Nielsen,0.00,0.00,0.00,0.00,0.00,0.00,0.00,0.61,0.00,0.61
Randers (Central Denmark Region Denmark),Helle Thorning-Schmidt,0.00,0.51,0.05,0.00,0.30,0.10,0.10,0.30,0.00,0.20
Ranum (North Denmark Region Denmark),Helle Thorning-Schmidt,0.00,100.00,0.00,0.00,0.00,0.00,0.00,0.00,0.00,0.00
Ribe (Southern Denmark Region Denmark),Lars Løkke Rasmussen,0.00,0.00,0.00,0.00,1.13,0.00,0.38,0.38,0.00,0.38
Ringe (Southern Denmark Region Denmark),Lars Løkke Rasmussen,0.00,0.00,0.00,0.00,0.33,0.00,0.00,0.33,0.00,0.00
Ringkobing (Central Denmark Region Denmark),Lars Løkke Rasmussen,0.19,0.19,0.00,0.00,0.38,0.00,0.19,0.19,0.00,0.00
Ringsted (Region Zealand Denmark),Søren Pape Poulsen,0.00,0.00,0.27,0.13,0.27,0.00,0.00,0.13,0.00,0.13
Rodding (Southern Denmark Region Denmark),Johanne Schmidt-Nielsen,0.00,0.00,0.00,0.00,0.00,0.00,0.00,0.28,0.00,0.00
Rodovre (Capital Region of Denmark Denmark),Helle Thorning-Schmidt,0.34,0.67,0.22,0.11,0.45,0.00,0.11,0.22,0.00,0.34
Ronde (Central Denmark Region Denmark),Johanne Schmidt-Nielsen,0.00,0.00,0.00,0.00,0.00,0.00,0.00,0.70,0.00,0.00
Rørvig (Region Zealand Denmark),Helle Thorning-Schmidt,0.00,1.74,0.00,0.00,0.00,0.00,0.00,0.00,0.00,0.00
Roskilde County (Region Zealand Denmark),Helle Thorning-Schmidt,0.00,0.29,0.11,0.04,0.26,0.11,0.18,0.18,0.00,0.11
Roslev (Central Denmark Region Denmark),Pia Olsen Dyhr,0.00,0.00,0.00,0.00,0.00,0.89,0.00,0.00,0.00,0.00
Sakskobing (Region Zealand Denmark),Kristian Thulesen Dahl,1.95,0.00,0.00,0.00,0.00,0.00,0.00,0.00,0.00,0.00
Silkeborg (Central Denmark Region Denmark),Helle Thorning-Schmidt,0.00,0.46,0.00,0.06,0.17,0.06,0.11,0.06,0.00,0.11
Skaelskor (Region Zealand Denmark),Helle Thorning-Schmidt,0.00,0.93,0.00,0.00,0.93,0.93,0.93,0.00,0.00,0.00
Skaerbaek (Southern Denmark Region Denmark),Lars Løkke Rasmussen,0.00,0.00,0.00,0.00,1.14,0.00,0.00,0.00,0.00,0.00
Skagen (North Denmark Region Denmark),Uffe Elbæk,0.00,0.00,0.00,0.00,0.00,0.00,0.56,0.00,0.00,0.00
Skibby (Capital Region of Denmark Denmark),Lars Løkke Rasmussen,0.00,0.00,0.00,0.00,3.11,0.00,0.00,0.00,0.00,0.00
Skive (Central Denmark Region Denmark),Morten Østergaard,0.05,0.09,0.14,0.23,0.18,0.05,0.00,0.05,0.00,0.05
Skjern (Central Denmark Region Denmark),Helle Thorning-Schmidt,0.00,0.36,0.00,0.00,0.36,0.00,0.00,0.36,0.00,0.00
Skødstrup (Central Denmark Region Denmark),Helle Thorning-Schmidt,0.00,0.78,0.00,0.00,0.00,0.00,0.00,0.78,0.00,0.00
Slagelse Municipality (Region Zealand Denmark),Helle Thorning-Schmidt,0.07,0.50,0.00,0.00,0.50,0.14,0.00,0.14,0.00,0.07
Solbjerg (Central Denmark Region Denmark),Uffe Elbæk,0.00,0.00,0.00,0.00,0.00,0.00,2.03,2.03,0.00,0.00
Solrod Strand (Region Zealand Denmark),Helle Thorning-Schmidt,0.00,0.45,0.00,0.00,0.45,0.00,0.00,0.00,0.00,0.00
Sonderborg (Southern Denmark Region Denmark),Johanne Schmidt-Nielsen,0.09,0.22,0.04,0.04,0.09,0.04,0.13,0.26,0.00,0.00
Soro (Region Zealand Denmark),Søren Pape Poulsen,0.00,0.00,0.31,0.31,0.31,0.00,0.31,0.00,0.00,0.00
Stege (Region Zealand Denmark),Pia Olsen Dyhr,0.00,0.00,0.00,0.00,0.00,0.69,0.00,0.00,0.00,0.00
Store Heddinge (Region Zealand Denmark),Lars Løkke Rasmussen,0.00,0.00,0.00,0.00,1.51,0.00,0.00,0.00,0.00,0.00
Struer (Central Denmark Region Denmark),Lars Løkke Rasmussen,0.00,0.29,0.00,0.00,0.58,0.00,0.00,0.29,0.00,0.00
Svendborg (Southern Denmark Region Denmark),Helle Thorning-Schmidt,0.13,0.46,0.07,0.00,0.07,0.13,0.13,0.07,0.00,0.00
Taastrup (Capital Region of Denmark Denmark),Helle Thorning-Schmidt,0.00,0.25,0.08,0.17,0.25,0.08,0.00,0.08,0.00,0.00
Thisted (North Denmark Region Denmark),Lars Løkke Rasmussen,0.00,0.00,0.00,0.00,0.32,0.00,0.00,0.16,0.00,0.16
Tjele Municipality (Central Denmark Region Denmark),Johanne Schmidt-Nielsen,0.00,0.11,0.11,0.05,0.11,0.11,0.11,0.16,0.00,0.00
Tollose (Region Zealand Denmark),Søren Pape Poulsen,0.00,0.00,0.37,0.00,0.00,0.00,0.00,0.37,0.00,0.00
Tonder (Southern Denmark Region Denmark),Uffe Elbæk,0.00,0.00,0.00,0.00,0.00,0.00,0.45,0.00,0.00,0.00
Tune (Region Zealand Denmark),Helle Thorning-Schmidt,0.00,1.26,0.00,0.00,0.00,0.00,1.26,1.26,0.00,0.00
Vamdrup (Southern Denmark Region Denmark),Kristian Thulesen Dahl,0.98,0.00,0.00,0.00,0.00,0.00,0.00,0.00,0.00,0.00
Vejle County (Southern Denmark Region Denmark),Helle Thorning-Schmidt,0.20,0.36,0.05,0.20,0.31,0.15,0.10,0.20,0.00,0.15
Veksø (Capital Region of Denmark Denmark),Johanne Schmidt-Nielsen,0.00,0.00,0.00,0.00,0.00,0.00,0.00,1.18,0.00,0.00
Videbaek (Central Denmark Region Denmark),Søren Pape Poulsen,0.00,0.00,0.88,0.00,0.00,0.00,0.00,0.00,0.00,0.00
Virum (Capital Region of Denmark Denmark),Helle Thorning-Schmidt,0.00,0.69,0.35,0.35,0.69,0.35,0.35,0.35,0.00,0.00
Vojens Municipality (Southern Denmark Region Denmark),Morten Østergaard,0.00,0.00,0.00,0.58,0.00,0.58,0.00,0.00,0.00,0.00