Top cities searching for wildfires on 8-19,
All values indexed to 100 where 100 is the max value,
City,Search interest
Ashland (Montana United States),100
Okanogan (Washington United States),79.20252478
Pray (Montana United States),65.69485739
Goldendale (Washington United States),61.62355753
John Day (Oregon United States),55.64752064
Winthrop (Washington United States),54.17971137
Kamilche (Washington United States),48.54289548
Nixon (Texas United States),47.36932443
Tabernacle (New Jersey United States),46.62145768
Lewiston (California United States),43.98182645
Ennis (Montana United States),42.7295879
Eielson AFB (Alaska United States),41.36415914
La Center (Washington United States),38.19915359
Big Sky (Montana United States),36.47160545
Fort Bragg (California United States),35.96247933
Sandpoint (Idaho United States),33.62162226
Cave Junction (Oregon United States),33.61108176
Amboy (Washington United States),32.29239577
Maltby (Washington United States),31.49069292
Altamont (Oregon United States),31.01899437
Mount Shasta (California United States),30.69105826
Marion (Oregon United States),30.66031452
White City (Oregon United States),29.61131802
White Salmon (Washington United States),29.532294
Hailey (Idaho United States),29.36497661
Fruitland (Idaho United States),29.3105841
Post Falls (Idaho United States),28.77195997
Klamath Falls (Oregon United States),27.85170649
Ontario (Oregon United States),27.18713465
Onalaska (Washington United States),27.16635302
Omak (Washington United States),27.00497421
South Corning (New York United States),25.76207748
Darby (Montana United States),25.75626427
Basin City (Washington United States),25.20142558
Roseburg (Oregon United States),24.87854719
Gleed (Washington United States),24.75631474
Kingston (Washington United States),24.51981833
Truckee (California United States),23.88301966
Kalispell (Montana United States),23.58379123
Crescent City (California United States),23.29293217
Grants Pass (Oregon United States),23.22657232
Custer (South Dakota United States),22.75163149
Cottage Grove (Oregon United States),22.27413306
The Dalles (Oregon United States),21.96303523
Soldotna (Alaska United States),21.53167131
Prosser (Washington United States),21.18561483
Dillon (Montana United States),21.12702225
Creswell (Oregon United States),20.92842241
Three Rivers (California United States),20.58622559
Oakhurst (California United States),20.43159042
Fabens (Texas United States),20.38005995
Graham (Texas United States),20.21829677
Central Point (Oregon United States),20.16111812
Kuna (Idaho United States),20.11544089
Westwood (California United States),19.73528285
Waldport (Oregon United States),19.52624324
North Pole (Alaska United States),18.74150991
Whitefish (Montana United States),18.6249838
Iron River (Wisconsin United States),18.44256883
Madras (Oregon United States),18.38607539
Rupert (Idaho United States),18.33050145
Valdez (Alaska United States),18.15760473
Easton (California United States),17.91715554
Dallas (Oregon United States),17.83490401
Incline Village (Nevada United States),16.92550204
Moscow (Idaho United States),16.50685126
Yelm (Washington United States),16.23450447
Florence (Oregon United States),15.97742967
Lincoln City (Oregon United States),15.92462027
Blodgett (Oregon United States),15.75519197
Jackson (California United States),15.7504078
Three Rivers (Oregon United States),15.55955026
Ketchum (Idaho United States),15.5539328
Hayden (Idaho United States),15.54450076
Walla Walla (Washington United States),15.3443805
Clearlake (California United States),15.28339519
Hood River (Oregon United States),15.12283124
East Wenatchee (Washington United States),15.06683573
Fairbanks (Alaska United States),14.98416132
Seminole (Texas United States),14.93362811
Sedona (Arizona United States),14.83726599
Coeur d'Alene (Idaho United States),14.7355071
Lebanon (Oregon United States),14.68113166
Sedro-Woolley (Washington United States),14.57201316
Pleasant Hill (Missouri United States),14.53476539
Gypsum (Colorado United States),14.41274518
Artondale (Washington United States),14.19718644
Ellensburg (Washington United States),14.16349876
Shell Valley (North Dakota United States),14.12731376
Berthoud (Colorado United States),14.12012898
Arcata (California United States),14.00053556
Bastrop (Texas United States),13.95992812
Tenino (Washington United States),13.90085354
Monmouth (Oregon United States),13.81286791
Williamstown (Massachusetts United States),13.76018502
Fernley (Nevada United States),13.68520558
Port Hadlock-Irondale (Washington United States),13.68123893
Point MacKenzie (Alaska United States),13.50135535
Beavercreek (Oregon United States),13.4416799
Alta Sierra (California United States),13.35621478
Algona (Iowa United States),13.2306175
Monticello (New York United States),13.08836938
South Lake Tahoe (California United States),12.98963668
Arlington Heights (Washington United States),12.90090804
Coos Bay (Oregon United States),12.87150815
Munising (Michigan United States),12.82218364
Missoula (Montana United States),12.77869539
Richfield (Utah United States),12.71462596
Camano Island (Washington United States),12.66298585
Carson City (Nevada United States),12.65854129
Powell (Wyoming United States),12.58627623
Kodiak (Alaska United States),12.55718332
Bend (Oregon United States),12.53675697
Corvallis (Oregon United States),12.38167581
Five Corners (Washington United States),12.29064068
Helena Valley Northeast (Montana United States),12.23281907
Springfield (Oregon United States),12.11494257
Eureka (California United States),12.05489499
Ashland (Wisconsin United States),11.99516879
Anacortes (Washington United States),11.97768416
Blackfoot (Idaho United States),11.91865128
Loris (South Carolina United States),11.7767589
Gig Harbor (Washington United States),11.71382084
Cody (Wyoming United States),11.62903596
Silver City (New Mexico United States),11.57404849
Mount Angel (Oregon United States),11.49333884
Mariposa (California United States),11.27783517
Spokane Valley (Washington United States),11.26079723
Chippewa Falls (Wisconsin United States),11.0473345
Moab (Utah United States),11.00016612
Clarkston Heights-Vineland (Washington United States),10.93317107
Molalla (Oregon United States),10.71108545
Germantown (Wisconsin United States),10.70370328
Prairie du Chien (Wisconsin United States),10.65275778
Bozeman (Montana United States),10.62439833
Snohomish (Washington United States),10.60296663
College (Alaska United States),10.5042126
Redmond (Oregon United States),10.40239454
Windham (Maine United States),10.38508262
Jackson (Wyoming United States),10.35564165
Grass Valley (California United States),10.18503688
Carroll (Iowa United States),10.06407943
Ridgecrest (California United States),10.05452149
Woodburn (Oregon United States),10.00101891
Tehachapi (California United States),9.937228368
Valley Springs (California United States),9.891377466
Orting (Washington United States),9.812959276
Eugene (Oregon United States),9.788152135
Happy Valley (Oregon United States),9.760860789
Pendleton (Oregon United States),9.697074798
Butte (Montana United States),9.695359752
Lakeport (California United States),9.597165593
Spearfish (South Dakota United States),9.546598515
Clay Springs (Arizona United States),9.491686595
Payson (Arizona United States),9.487007821
Gardnerville Ranchos (Nevada United States),9.481310542
McMinnville (Oregon United States),9.115042579
Salem (Oregon United States),9.060544999
Tulare (California United States),8.955330548
Winchester (Connecticut United States),8.886415395
Gillette (Wyoming United States),8.880244899
Gardnerville (Nevada United States),8.877130824
Prineville (Oregon United States),8.810672993
Lake Arrowhead (California United States),8.73565552
Vashon (Washington United States),8.690391251
Shafter (California United States),8.682110852
Larkfield-Wikiup (California United States),8.660367295
Jordan Road-Canyon Creek (Washington United States),8.599741824
New London (Wisconsin United States),8.52498257
Flagstaff (Arizona United States),8.40512443
Diamond Springs (California United States),8.39616212
Poulsbo (Washington United States),8.388761101
Eagle (Idaho United States),8.359681182
Coachella (California United States),8.331998658
Rush Valley (Utah United States),8.218210634
Taft (California United States),8.214486243
Montrose (Colorado United States),8.137305046
Marietta-Alderwood (Washington United States),8.130859285
Taos (New Mexico United States),8.120708713
Woodstock (Virginia United States),8.075445995
Hudson (Wisconsin United States),8.065249963
Prescott (Arizona United States),8.010949231
Snoqualmie (Washington United States),7.99407625
Mulino (Oregon United States),7.925786587
Ironwood (Michigan United States),7.835619477
Sheridan (Wyoming United States),7.809531689
Watford City (North Dakota United States),7.801063262
Mill Valley (California United States),7.795579281
Moses Lake (Washington United States),7.730628843
Carlsborg (Washington United States),7.647085648
Bella Vista (California United States),7.633283052
Belfair (Washington United States),7.630324197
Aberdeen Gardens (Washington United States),7.523626198
Nampa (Idaho United States),7.453881951
Osceola (Wisconsin United States),7.428722173
Elko (Nevada United States),7.381316998
Espanola (New Mexico United States),7.353311726
Cannon Falls (Minnesota United States),7.297705957
Woodmoor (Colorado United States),7.292053496
Bishop (California United States),7.209052537
Council Bluffs (Iowa United States),7.173015888
Aspen (Colorado United States),7.101415451
Strasburg (Virginia United States),7.085038114
Gresham (Oregon United States),7.07280415
Fallon (Nevada United States),7.022073062
Willmar (Minnesota United States),7.01295653
Boyes Hot Springs (California United States),7.009524631
Anchorage (Alaska United States),6.969638979
Hastings (Nebraska United States),6.915877899
Jordan (Minnesota United States),6.905973933
Astoria (Oregon United States),6.880415025
Cottage Lake (Washington United States),6.822615362
Stayton (Oregon United States),6.819071359
Valley Center (California United States),6.79602336
Brenham (Texas United States),6.74591906
Laramie (Wyoming United States),6.733410916
Lake Oswego (Oregon United States),6.71074112
Gaylord (Michigan United States),6.679248032
Edmonds (Washington United States),6.660922654
Estes Park (Colorado United States),6.639929342
Worthington (Minnesota United States),6.635540512
Barstow (California United States),6.632292497
Alpine (California United States),6.62533597
Cheney (Washington United States),6.611858188
Chico (California United States),6.601574279
Savage (Minnesota United States),6.592209512
Page (Arizona United States),6.589995801
Thornton (Colorado United States),6.564195806
Spokane (Washington United States),6.560075831
Pasco (Washington United States),6.524285117
Redding (California United States),6.483757188
Commerce City (Colorado United States),6.38210258
Twin Groves (Arkansas United States),6.376574553
West Fargo (North Dakota United States),6.367295228
Camas (Washington United States),6.356062958
Sunnyside (Washington United States),6.352835441
Toledo (Oregon United States),6.331644885
Los Alamos (New Mexico United States),6.260397807
Orcutt (California United States),6.239098904
Wallkill (New York United States),6.231108679
Georgetown (South Carolina United States),6.181541437
Sonora (California United States),6.16651216
Dickinson (North Dakota United States),6.162942622
Beale AFB (California United States),6.09162638
Austin (Minnesota United States),6.072976052
Oak Harbor (Washington United States),6.01329266
Kennewick (Washington United States),6.005842357
Jasper (Indiana United States),5.995507835
Durango (Colorado United States),5.991957072
Hyde Park (New York United States),5.960878826
Mexico (Missouri United States),5.952100434
Baywood-Los Osos (California United States),5.903872101
Harrison Township (Michigan United States),5.901846795
Pine Bush (New York United States),5.8725391
Los Banos (California United States),5.795202933
North Adams (Massachusetts United States),5.769915785
Cottage Grove (Minnesota United States),5.712034456
Duluth (Minnesota United States),5.711609736
Aumsville (Oregon United States),5.706589581
Brownwood (Texas United States),5.661302946
Juneau (Alaska United States),5.650434047
Ramona (California United States),5.642236209
Superior (Wisconsin United States),5.61446033
Lacey (Washington United States),5.576143721
Boise (Idaho United States),5.54821716
Parkville (Pennsylvania United States),5.538467614
Mason City (Iowa United States),5.521455584
Auburn (California United States),5.517313381
Parkland (Washington United States),5.514748701
Madison (South Dakota United States),5.513114965
Aberdeen (South Dakota United States),5.48230447
Rice Lake (Wisconsin United States),5.466892487
Richland (Washington United States),5.441932162
North Marysville (Washington United States),5.357127848
Great Falls (Montana United States),5.329033289
Kingman (Arizona United States),5.325392269
Twin Falls (Idaho United States),5.322960986
Lockwood (Montana United States),5.313288035
Newberg (Oregon United States),5.266049534
Rexburg (Idaho United States),5.257422709
Bangor Trident Base (Washington United States),5.220590238
Golden Valley (Minnesota United States),5.173769291
Catalina (Arizona United States),5.130570116
East Port Orchard (Washington United States),5.055990594
Oak Brook (Illinois United States),5.001570549
West Linn (Oregon United States),4.980818462
Brockport (New York United States),4.976535623
Greeley (Colorado United States),4.956969071
Vail (Colorado United States),4.927252904
Weston (Wisconsin United States),4.901677286
Camino (California United States),4.880177664
Hillsboro (Oregon United States),4.871472652
Pullman (Washington United States),4.866516086
New Castle (Pennsylvania United States),4.856499923
Gaffney (South Carolina United States),4.852868465
Brighton (Colorado United States),4.829477961
Elkhorn (Wisconsin United States),4.777931763
Escondido (California United States),4.706371978
Dry Run (Ohio United States),4.661042504
Marshall (Minnesota United States),4.65255785
Camp Pendleton North (California United States),4.617786583
Longview Heights (Washington United States),4.572721258
Oakdale (Minnesota United States),4.557217833
Blue Ridge (Georgia United States),4.536961969
Caro (Michigan United States),4.460857168
Los Altos (California United States),4.430420349
Bemidji (Minnesota United States),4.425186524
Menomonie (Wisconsin United States),4.421629505
Loves Park (Illinois United States),4.40480443
Hamilton City (California United States),4.403654378
Brainerd (Minnesota United States),4.369488926
Baldwinsville (New York United States),4.34699378
Jennings Lodge (Oregon United States),4.338574556
Santa Fe (New Mexico United States),4.33567316
Windham (Connecticut United States),4.320366589
Rialto (California United States),4.31861209
Ken Caryl (Colorado United States),4.313273633
Moncks Corner (South Carolina United States),4.290018644
Portland (Oregon United States),4.286034681
Everett (Washington United States),4.267695549
Winona (Minnesota United States),4.267431775
Parker (Colorado United States),4.26623542
Rohnert Park (California United States),4.245495897
Perkasie (Pennsylvania United States),4.237723365
Meridian (Idaho United States),4.22040167
Prince George (Virginia United States),4.202536212
Rapid City (South Dakota United States),4.183913403
Poquoson (Virginia United States),4.168161571
Yakima (Washington United States),4.119005774
Kamas (Utah United States),4.108084685
San Rafael (California United States),4.103488493
Rocklin (California United States),4.092594877
Fargo (North Dakota United States),4.066591564
Citrus Heights (California United States),4.055453214
Mount Pocono (Pennsylvania United States),4.050804248
Prescott Valley (Arizona United States),4.050340141
Antelope (California United States),4.042358294
Bullhead City (Arizona United States),4.024988367
Rock Springs (Wyoming United States),3.994359522
Bremerton (Washington United States),3.986755551
Sault Ste. Marie (Michigan United States),3.981336562
Exeter (New Hampshire United States),3.977455746
Pocatello (Idaho United States),3.966330037
Davis (California United States),3.958298325
Loma Linda (California United States),3.921208901
Bothell (Washington United States),3.919794822
Des Moines (Iowa United States),3.918935336
Brookfield (Wisconsin United States),3.89766852
Andover (Minnesota United States),3.897643666
Malibu (California United States),3.895074327
Redlands (California United States),3.881957163
Reno (Nevada United States),3.872924194
Forest Lake (Minnesota United States),3.866053484
Kenmore (New York United States),3.866003421
Fountain Hills (Arizona United States),3.837277533
La Verne (California United States),3.795324604
Issaquah (Washington United States),3.781866212
Harrisburg (Pennsylvania United States),3.72664979
Alamo (California United States),3.724438139
Williston (North Dakota United States),3.720069071
Upper Providence Township (Pennsylvania United States),3.718269291
Shoreview (Minnesota United States),3.664675263
Yountville (California United States),3.662368283
Bedford (Texas United States),3.627616385
Greenwood (South Carolina United States),3.62430385
Vancouver (Washington United States),3.61730662
Rhinelander (Wisconsin United States),3.60197284
Saint Cloud (Minnesota United States),3.591637368
Orangevale (California United States),3.560521251
Seattle (Washington United States),3.556539491
Royse City (Texas United States),3.552317697
Wellesley (Massachusetts United States),3.544253313
Falmouth (Massachusetts United States),3.53388115
Lake Havasu City (Arizona United States),3.529240668
San Marcos (California United States),3.524190986
Tacoma (Washington United States),3.520828184
Staunton (Virginia United States),3.512311958
Plymouth (Minnesota United States),3.508362437