players name,rate of growth in %,search interest season 16/17,search interest season 15/16,Team
Oliver Burke,11705,0.4,0.0,RB Leipzig
Dayot Upamecano,4605,0.2,0.0,RB Leipzig
Douglas Santos,3966,0.3,0.0,Hamburger SV
Dominik Kohr,1069,0.9,0.1,FC Augsburg
Leon Bailey,852,0.4,0.0,Bayer Leverkusen
Thomas Delaney,729,0.4,0.0,Werder Bremen
Walace,670,0.3,0.0,Hamburger SV
Joel Pohjanpalo,648,0.5,0.1,Bayer Leverkusen
Timothée Kolodziejczak,628,0.2,0.0,Bor. Mönchengladbach
Naby Keïta,494,0.4,0.1,RB Leipzig
Nabil Bentaleb,439,1.1,0.2,FC Schalke 04
Guido Burgstaller,397,1.1,0.2,FC Schalke 04
Paul-Georges Ntep,395,0.3,0.1,VfL Wolfsburg
Thilo Kehrer,372,0.4,0.1,FC Schalke 04
Serge Gnabry,372,4.1,0.9,Werder Bremen
Emil Forsberg,369,0.5,0.1,RB Leipzig
Timo Werner,362,3.2,0.7,RB Leipzig
Sead Kolašinac,337,1.2,0.3,FC Schalke 04
Ousman Manneh,328,0.2,0.1,Werder Bremen
Shani Tarashaj,311,0.2,0.0,Eintracht Frankfurt
Marvin Compper,283,0.4,0.1,RB Leipzig
Diego Demme,270,0.2,0.0,RB Leipzig
Maximilian Philipp,269,0.3,0.1,SC Freiburg
Vallejo,260,0.2,0.0,Eintracht Frankfurt
Anthony Modeste,256,1.7,0.5,1. FC Köln
Benjamin Henrichs,254,0.3,0.1,Bayer Leverkusen
Kostas Stafylidis,246,0.3,0.1,FC Augsburg
Péter Gulácsi,231,0.1,0.0,RB Leipzig
Gōtoku Sakai,220,0.2,0.1,Hamburger SV
Terrence Boyd,211,0.2,0.1,SV Darmstadt 98
Ashkan Dejagah,206,0.4,0.1,VfL Wolfsburg
Bartra,201,3.1,1.0,Borussia Dortmund
Tom Starke,198,0.4,0.1,Bayern München
Yevhen Konoplyanka,194,1.0,0.3,FC Schalke 04
Kyriakos Papadopoulos,194,1.1,0.4,Hamburger SV
Marcel Risse,181,0.4,0.2,1. FC Köln
Yuya Osako,179,0.2,0.1,1. FC Köln
Marcel Sabitzer,173,0.6,0.2,RB Leipzig
Pavel Kadeřábek,173,0.3,0.1,1899 Hoffenheim
Niklas Süle,167,0.9,0.3,1899 Hoffenheim
Hamit Altintop,162,1.3,0.5,SV Darmstadt 98
Marius Wolf,150,0.3,0.1,Eintracht Frankfurt
Lukáš Hrádecký,150,0.4,0.2,Eintracht Frankfurt
Sven Ulreich,139,0.9,0.4,Bayern München
Mark Uth,136,0.3,0.1,1899 Hoffenheim
Willi Orban,131,0.4,0.2,RB Leipzig
Bobby Wood,129,0.8,0.3,Hamburger SV
Ante Rebić,128,0.4,0.2,Eintracht Frankfurt
Halil Altintop,124,0.4,0.2,FC Augsburg
Dominik Kaiser,120,0.4,0.2,RB Leipzig
Mascarell,117,0.3,0.1,Eintracht Frankfurt
Çağlar Söyüncü,111,0.2,0.1,SC Freiburg
Benjamin Stambouli,110,0.3,0.2,FC Schalke 04
Riechedly Bazoer,108,0.2,0.1,VfL Wolfsburg
Rani Khedira,103,0.3,0.2,RB Leipzig
Fin Bartels,97,0.4,0.2,Werder Bremen
Yussuf Poulsen,95,0.3,0.2,RB Leipzig
Bojan,93,1.0,0.5,1. FSV Mainz 05
Timothy Chandler,92,0.1,0.1,Eintracht Frankfurt
Sokratis Papastathopoulos,92,1.6,0.9,Borussia Dortmund
Mergim Mavraj,89,0.5,0.3,Hamburger SV
Michael Esser,88,0.1,0.1,SV Darmstadt 98
Thorgan Hazard,86,0.5,0.3,Bor. Mönchengladbach
Stefan Ilsanker,84,0.2,0.1,RB Leipzig
Jeffrey Gouweleeuw,84,0.1,0.1,FC Augsburg
Makoto Hasebe,80,0.2,0.1,Eintracht Frankfurt
Danny Latza,80,0.2,0.1,1. FSV Mainz 05
Leon Goretzka,80,1.4,0.8,FC Schalke 04
Thomas Kessler,79,0.2,0.1,1. FC Köln
Matthias Lehmann,72,0.2,0.1,1. FC Köln
Vincenzo Grifo,69,0.3,0.2,SC Freiburg
Sebastian Rudy,67,0.5,0.3,1899 Hoffenheim
Mahmoud Dahoud,65,1.7,1.0,Bor. Mönchengladbach
Bastian Oczipka,65,0.3,0.2,Eintracht Frankfurt
Rune Jarstein,64,0.2,0.1,Hertha BSC
Leonardo Bittencourt,64,0.7,0.4,1. FC Köln
Dominique Heintz,63,0.1,0.1,1. FC Köln
Lars Stindl,62,1.2,0.8,Bor. Mönchengladbach
Andrej Kramarić,61,0.5,0.3,1899 Hoffenheim
Marco Fabián,59,0.5,0.3,Eintracht Frankfurt
Hendrik Bonmann,58,0.2,0.1,Borussia Dortmund
Izet Hajrović,58,0.2,0.1,Werder Bremen
Michael Hector,56,0.1,0.1,Eintracht Frankfurt
René Adler,55,1.0,0.7,Hamburger SV
Markus Steinhöfer,55,0.2,0.1,SV Darmstadt 98
Georg Teigl,55,0.1,0.1,FC Augsburg
Simon Zoller,54,0.5,0.3,1. FC Köln
Mitchell Weiser,49,0.9,0.6,Hertha BSC
Daniel Brosinski,48,0.2,0.1,1. FSV Mainz 05
Timo Horn,45,1.0,0.7,1. FC Köln
Nadiem Amiri,44,0.2,0.2,1899 Hoffenheim
Eric Maxim Choupo-Moting,42,0.6,0.4,FC Schalke 04
Daniel Caligiuri,42,0.4,0.3,FC Schalke 04
Dominic Maroh,41,0.4,0.3,1. FC Köln
Florian Niederlechner,41,0.4,0.3,SC Freiburg
Jonas Lössl,41,0.3,0.2,1. FSV Mainz 05
Kevin Vogt,41,0.2,0.1,1899 Hoffenheim
Genki Haraguchi,40,0.1,0.1,Hertha BSC
Philipp Wollscheid,39,0.4,0.3,VfL Wolfsburg
Marvin Plattenhardt,39,0.5,0.3,Hertha BSC
Onur Bulut,38,0.1,0.1,SC Freiburg
Janik Haberer,38,0.2,0.2,SC Freiburg
Sidney Sam,38,0.4,0.3,SV Darmstadt 98
Pierre-Emerick Aubameyang,37,10.0,7.3,Borussia Dortmund
Pablo de Blasis,36,0.2,0.2,1. FSV Mainz 05
Kerem Demirbay,35,0.8,0.6,1899 Hoffenheim
Marcel Schmelzer,35,1.2,0.9,Borussia Dortmund
Matthias Ostrzolek,34,0.2,0.2,Hamburger SV
Nicolai Müller,31,0.3,0.3,Hamburger SV
Dennis Diekmeier,28,0.5,0.4,Hamburger SV
Thiago,28,2.4,1.8,Bayern München
Sebastian Langkamp,28,0.2,0.1,Hertha BSC
Clemens Fritz,27,1.0,0.8,Werder Bremen
Raffael,26,1.9,1.5,Bor. Mönchengladbach
Lukas Klostermann,26,0.2,0.2,RB Leipzig
Donis Avdijaj,26,0.6,0.5,FC Schalke 04
Koen Casteels,25,0.2,0.1,VfL Wolfsburg
Amir Abrashi,25,0.2,0.1,SC Freiburg
Philipp Lahm,24,9.1,7.4,Bayern München
Niklas Stark,23,0.3,0.2,Hertha BSC
Raphaël Guerreiro,23,0.7,0.6,Borussia Dortmund
Vladimír Darida,22,0.4,0.3,Hertha BSC
Ömer Toprak,20,0.8,0.6,Bayer Leverkusen
Roman Bürki,20,1.7,1.4,Borussia Dortmund
Marco Terrazzino,20,0.2,0.1,1899 Hoffenheim
Christian Clemens,20,0.2,0.2,1. FC Köln
Davie Selke,18,0.9,0.8,RB Leipzig
Florian Grillitsch,17,0.3,0.2,Werder Bremen
Levin Öztunali,17,0.5,0.4,1. FSV Mainz 05
Neven Subotić,17,1.9,1.6,1. FC Köln
Julian Brandt,17,0.8,0.7,Bayer Leverkusen
Gonzalo Castro,16,0.6,0.5,Borussia Dortmund
Oliver Baumann,15,0.1,0.1,1899 Hoffenheim
Max Meyer,15,1.3,1.1,FC Schalke 04
Sandro Wagner,15,2.0,1.8,1899 Hoffenheim
Marcel Halstenberg,14,0.4,0.3,RB Leipzig
Yannick Gerhardt,13,0.3,0.3,VfL Wolfsburg
Xabi Alonso,13,1.7,1.5,Bayern München
Andreas Christensen,13,0.1,0.1,Bor. Mönchengladbach
Tobias Strobl,13,0.1,0.1,Bor. Mönchengladbach
Luiz Gustavo,13,0.5,0.5,VfL Wolfsburg
Mijat Gaćinović,12,0.2,0.2,Eintracht Frankfurt
Javi Martínez,12,0.8,0.7,Bayern München
Ermin Bičakčić,12,0.2,0.1,1899 Hoffenheim
Per Skjelbred,11,0.2,0.1,Hertha BSC
Hakan Çalhanoğlu,11,2.2,2.0,Bayer Leverkusen
Branimir Hrgota,9,0.3,0.3,Eintracht Frankfurt
Klaas-Jan Huntelaar,9,1.0,0.9,FC Schalke 04
Naldo,8,2.9,2.7,FC Schalke 04
Alexander Esswein,8,0.6,0.6,Hertha BSC
Gideon Jung,7,0.1,0.1,Hamburger SV
Mathew Leckie,7,0.1,0.1,FC Ingolstadt 04
Felix Wiedwald,7,0.3,0.2,Werder Bremen
Sehrou Guirassy,7,0.1,0.1,1. FC Köln
Salomon Kalou,6,0.6,0.6,Hertha BSC
Arjen Robben,5,7.9,7.5,Bayern München
Johan Djourou,4,0.3,0.3,Hamburger SV
Pirmin Schwegler,3,0.1,0.1,1899 Hoffenheim
Niklas Moisander,3,0.1,0.1,Werder Bremen
Jeremy Toljan,3,0.2,0.2,1899 Hoffenheim
Danny Blum,3,0.2,0.2,Eintracht Frankfurt
Benjamin Hübner,2,0.1,0.1,1899 Hoffenheim
Caiuby,2,0.2,0.2,FC Augsburg
Dominik Stroh-Engel,1,0.2,0.2,SV Darmstadt 98
Breel Embolo,1,1.5,1.5,FC Schalke 04
Holger Badstuber,1,2.4,2.4,FC Schalke 04
Manuel Neuer,0,100.0,100.0,Bayern München
Jonathan Schmid,0,0.1,0.1,FC Augsburg
Daniel Baier,-1,0.2,0.2,FC Augsburg
Luca Waldschmidt,-1,0.1,0.1,Hamburger SV
Daniel Didavi,-2,0.9,0.9,VfL Wolfsburg
Georg Niedermeier,-4,1.1,1.1,SC Freiburg
Sebastian Jung,-4,0.2,0.2,VfL Wolfsburg
Alexander Baumjohann,-4,0.3,0.3,Hertha BSC
Ibrahima Traoré,-4,0.2,0.2,Bor. Mönchengladbach
Alfreð Finnbogason,-6,0.3,0.3,FC Augsburg
Jonas Föhrenbach,-7,0.2,0.2,SC Freiburg
Łukasz Piszczek,-8,0.8,0.9,Borussia Dortmund
Vedad Ibišević,-8,0.7,0.8,Hertha BSC
Fabian Johnson,-8,0.2,0.2,Bor. Mönchengladbach
Ralf Fährmann,-8,1.3,1.4,FC Schalke 04
Josuha Guilavogui,-10,0.2,0.2,VfL Wolfsburg
Philipp Bargfrede,-10,0.2,0.2,Werder Bremen
Miloš Jojić,-11,0.2,0.2,1. FC Köln
Timon Wellenreuther,-11,0.3,0.3,FC Schalke 04
Nico Elvedi,-12,0.2,0.2,Bor. Mönchengladbach
Nuri Şahin,-12,1.7,2.0,Borussia Dortmund
Karim Bellarabi,-13,1.1,1.3,Bayer Leverkusen
Martin Hinteregger,-13,0.4,0.5,FC Augsburg
Nico Schulz,-13,0.2,0.2,Bor. Mönchengladbach
Patrick Herrmann,-14,0.9,1.0,Bor. Mönchengladbach
Thomas Müller,-15,26.0,30.4,Bayern München
Arturo Vidal,-15,3.5,4.1,Bayern München
Christoph Janker,-15,0.2,0.3,FC Augsburg
Matija Nastasić,-15,0.3,0.3,FC Schalke 04
Julian Schieber,-17,0.4,0.4,Hertha BSC
Julian Weigl,-17,2.9,3.5,Borussia Dortmund
Kevin Volland,-18,1.2,1.4,Bayer Leverkusen
Luca Caldirola,-18,0.2,0.2,Werder Bremen
Roman Weidenfeller,-18,1.3,1.6,Borussia Dortmund
Pascal Stenzel,-18,0.1,0.1,SC Freiburg
Sven Bender,-18,0.5,0.7,Borussia Dortmund
Philipp Max,-18,0.1,0.2,FC Augsburg
Michael Gregoritsch,-19,0.3,0.4,Hamburger SV
Jan-Ingwer Callsen-Bracker,-19,0.1,0.2,FC Augsburg
Theodor Gebre Selassie,-20,0.1,0.1,Werder Bremen
Shinji Kagawa,-20,0.8,1.0,Borussia Dortmund
Dennis Aogo,-21,0.5,0.7,FC Schalke 04
Sascha Riether,-22,0.2,0.3,FC Schalke 04
Konstantin Rausch,-22,0.1,0.2,1. FC Köln
Aleksandar Dragović,-22,0.3,0.3,Bayer Leverkusen
Christoph Kramer,-22,0.7,0.9,Bor. Mönchengladbach
Fabian Lustenberger,-23,0.2,0.3,Hertha BSC
Pierre-Michel Lasogga,-23,1.2,1.5,Hamburger SV
Juan Bernat,-23,0.2,0.3,Bayern München
Tony Jantschke,-23,0.3,0.3,Bor. Mönchengladbach
Lewis Holtby,-23,0.4,0.6,Hamburger SV
Franco Di Santo,-25,0.4,0.5,FC Schalke 04
Maximilian Arnold,-25,0.2,0.3,VfL Wolfsburg
Sebastian Rode,-25,0.6,0.8,Borussia Dortmund
Bernd Leno,-25,0.6,0.8,Bayer Leverkusen
Robin Knoche,-26,0.2,0.2,VfL Wolfsburg
Atsuto Uchida,-26,0.2,0.2,FC Schalke 04
Stefan Kießling,-26,0.5,0.7,Bayer Leverkusen
Sinan Kurt,-27,0.7,1.0,Hertha BSC
Marco Reus,-28,9.3,12.8,Borussia Dortmund
Raúl Bobadilla,-28,0.3,0.4,FC Augsburg
Christian Mathenia,-28,0.2,0.3,Hamburger SV
Felix Platte,-28,0.1,0.2,SV Darmstadt 98
Oscar Wendt,-30,0.2,0.3,Bor. Mönchengladbach
Franck Ribéry,-30,4.4,6.3,Bayern München
Maximilian Eggestein,-31,0.3,0.5,Werder Bremen
Sven Schipplock,-32,0.2,0.2,SV Darmstadt 98
Kevin Kampl,-32,0.8,1.1,Bayer Leverkusen
Charles Aránguiz,-32,0.2,0.3,Bayer Leverkusen
Javier Hernández,-33,1.4,2.1,Bayer Leverkusen
Moritz Leitner,-33,0.4,0.6,FC Augsburg
Julian Baumgartlinger,-33,0.2,0.4,Bayer Leverkusen
Mikel Merino,-34,0.3,0.4,Borussia Dortmund
Mats Hummels,-34,11.6,17.7,Bayern München
Aaron Hunt,-35,0.4,0.6,Hamburger SV
Christian Träsch,-36,0.2,0.3,VfL Wolfsburg
Erik Durm,-37,1.0,1.5,Borussia Dortmund
Thomas Kraft,-37,0.2,0.3,Hertha BSC
Marco Höger,-38,0.3,0.4,1. FC Köln
Roberto Hilbert,-39,0.1,0.2,Bayer Leverkusen
Paul Verhaegh,-39,0.1,0.2,FC Augsburg
Douglas Costa,-39,1.8,3.0,Bayern München
Mario Götze,-40,15.7,25.9,Borussia Dortmund
Nils Petersen,-40,0.5,0.9,SC Freiburg
Marc Stendera,-40,0.3,0.5,Eintracht Frankfurt
Alessandro Schöpf,-40,0.2,0.3,FC Schalke 04
Benedikt Höwedes,-41,1.1,1.9,FC Schalke 04
Alexander Meier,-41,1.0,1.8,Eintracht Frankfurt
Robert Lewandowski,-42,10.5,18.0,Bayern München
Joshua Kimmich,-42,5.9,10.0,Bayern München
Lars Bender,-42,0.7,1.3,Bayer Leverkusen
Abdul Rahman Baba,-42,0.1,0.2,FC Schalke 04
David Alaba,-42,2.5,4.3,Bayern München
Jonas Hofmann,-42,0.3,0.5,Bor. Mönchengladbach
Jannik Vestergaard,-44,0.4,0.7,Bor. Mönchengladbach
André Schürrle,-44,2.8,5.1,Borussia Dortmund
Yunus Mallı,-44,0.4,0.7,VfL Wolfsburg
Albin Ekdal,-45,0.2,0.3,Hamburger SV
Tin Jedvaj,-45,0.2,0.3,Bayer Leverkusen
Lukas Hinterseer,-45,0.1,0.2,FC Ingolstadt 04
Ricardo Rodríguez,-46,0.3,0.5,VfL Wolfsburg
Yann Sommer,-46,0.6,1.2,Bor. Mönchengladbach
Haris Seferović,-47,0.4,0.7,Eintracht Frankfurt
Zlatko Junuzović,-47,0.3,0.6,Werder Bremen
Aytaç Sulu,-48,0.2,0.3,SV Darmstadt 98
Josip Drmić,-49,0.3,0.6,Bor. Mönchengladbach
Matthias Ginter,-49,0.5,1.0,Borussia Dortmund
Admir Mehmedi,-50,0.2,0.5,Bayer Leverkusen
Lukas Rupp,-50,0.2,0.3,1899 Hoffenheim
Diego Benaglio,-53,0.3,0.6,VfL Wolfsburg
Ádám Szalai,-55,0.2,0.4,1899 Hoffenheim
Jérôme Boateng,-56,8.1,18.1,Bayern München
Jonathan Tah,-56,0.6,1.3,Bayer Leverkusen
Renato Sanches,-58,1.2,2.9,Bayern München
Marcel Heller,-61,0.1,0.3,SV Darmstadt 98
Vieirinha,-61,0.1,0.3,VfL Wolfsburg
Artjoms Rudņevs,-63,0.2,0.5,1. FC Köln
Marwin Hitz,-65,0.1,0.4,FC Augsburg
Johannes Geis,-67,0.3,0.8,FC Schalke 04
Claudio Pizarro,-67,0.6,1.9,Werder Bremen
Kingsley Coman,-67,1.4,4.2,Bayern München
Marco Russ,-68,0.8,2.6,Eintracht Frankfurt
Mario Gomez,-69,2.6,8.3,VfL Wolfsburg
André Hahn,-71,0.4,1.5,Bor. Mönchengladbach
Filip Kostić,-72,0.3,1.1,Hamburger SV
Max Kruse,-73,2.4,8.7,Werder Bremen
Jakub Błaszczykowski,-74,0.6,2.3,VfL Wolfsburg
Jonas Hector,-78,0.9,4.0,1. FC Köln