cycle,branch,model,modeldate,candidate_inc,candidate_chal,candidate_3rd,state,step_no,value_inc,value_chal,value_3rd,weight,step_description,timestamp,simulations
2020,President,polls-plus,10/27/2020,Trump,Biden,"",Wyoming,9,67.85793,29.15366,,,Projected vote share,10:58:03 27 Oct 2020,40000
2020,President,polls-plus,10/27/2020,Trump,Biden,"",Wyoming,8,70.99345,26.01814,,.0440041,Blend with economic fundamentals,10:58:03 27 Oct 2020,40000
2020,President,polls-plus,10/27/2020,Trump,Biden,"",Wyoming,7,67.71316,29.29843,,,Snapshot,10:58:03 27 Oct 2020,40000
2020,President,polls-plus,10/27/2020,Trump,Biden,"",Wyoming,6,68.12294,28.88865,,.6607519,Blend with regression,10:58:03 27 Oct 2020,40000
2020,President,polls-plus,10/27/2020,Trump,Biden,"",Wyoming,5,66.91502,30.09656,,,Reallocated vote share,10:58:03 27 Oct 2020,40000
2020,President,polls-plus,10/27/2020,Trump,Biden,"",Wyoming,4,1.043259,1.043261,,,Reallocate undecideds and third-party votes,10:58:03 27 Oct 2020,40000
2020,President,polls-plus,10/27/2020,Trump,Biden,"",Wyoming,3,65.87177,29.0533,,,Adjusted polling average,10:58:03 27 Oct 2020,40000
2020,President,polls-plus,10/27/2020,Trump,Biden,"",Wyoming,2,-.0297928,-.0536308,,,Adjust for bounces & recent events,10:58:03 27 Oct 2020,40000
2020,President,polls-plus,10/27/2020,Trump,Biden,"",Wyoming,1,65.90156,29.10693,,,Polling average,10:58:03 27 Oct 2020,40000
2020,President,polls-plus,10/27/2020,Trump,Biden,"",Wyoming,10,.998775,.001225,,,Chance of winning,10:58:03 27 Oct 2020,40000
2020,President,polls-plus,10/27/2020,Trump,Biden,"",Wisconsin,9,46.19867,52.8856,,,Projected vote share,10:58:03 27 Oct 2020,40000
2020,President,polls-plus,10/27/2020,Trump,Biden,"",Wisconsin,8,49.94434,49.13993,,.0440041,Blend with economic fundamentals,10:58:03 27 Oct 2020,40000
2020,President,polls-plus,10/27/2020,Trump,Biden,"",Wisconsin,7,46.01008,53.07419,,,Snapshot,10:58:03 27 Oct 2020,40000
2020,President,polls-plus,10/27/2020,Trump,Biden,"",Wisconsin,6,45.96296,53.1213,,.1816506,Blend with regression,10:58:03 27 Oct 2020,40000
2020,President,polls-plus,10/27/2020,Trump,Biden,"",Wisconsin,5,46.02054,53.06373,,,Reallocated vote share,10:58:03 27 Oct 2020,40000
2020,President,polls-plus,10/27/2020,Trump,Biden,"",Wisconsin,4,1.744339,1.744335,,,Reallocate undecideds and third-party votes,10:58:03 27 Oct 2020,40000
2020,President,polls-plus,10/27/2020,Trump,Biden,"",Wisconsin,3,44.2762,51.31939,,,Adjusted polling average,10:58:03 27 Oct 2020,40000
2020,President,polls-plus,10/27/2020,Trump,Biden,"",Wisconsin,2,-.0270348,-.0642281,,,Adjust for bounces & recent events,10:58:03 27 Oct 2020,40000
2020,President,polls-plus,10/27/2020,Trump,Biden,"",Wisconsin,1,44.30323,51.38362,,,Polling average,10:58:03 27 Oct 2020,40000
2020,President,polls-plus,10/27/2020,Trump,Biden,"",Wisconsin,10,.111375,.888625,,,Chance of winning,10:58:03 27 Oct 2020,40000
2020,President,polls-plus,10/27/2020,Trump,Biden,"",West Virginia,9,63.07792,35.12495,,,Projected vote share,10:58:03 27 Oct 2020,40000
2020,President,polls-plus,10/27/2020,Trump,Biden,"",West Virginia,8,66.48531,31.71755,,.0440041,Blend with economic fundamentals,10:58:03 27 Oct 2020,40000
2020,President,polls-plus,10/27/2020,Trump,Biden,"",West Virginia,7,62.89667,35.30619,,,Snapshot,10:58:03 27 Oct 2020,40000
2020,President,polls-plus,10/27/2020,Trump,Biden,"",West Virginia,6,65.93602,32.26684,,.3779852,Blend with regression,10:58:03 27 Oct 2020,40000
2020,President,polls-plus,10/27/2020,Trump,Biden,"",West Virginia,5,61.04973,37.15314,,,Reallocated vote share,10:58:03 27 Oct 2020,40000
2020,President,polls-plus,10/27/2020,Trump,Biden,"",West Virginia,4,1.366463,1.366463,,,Reallocate undecideds and third-party votes,10:58:03 27 Oct 2020,40000
2020,President,polls-plus,10/27/2020,Trump,Biden,"",West Virginia,3,59.68327,35.78667,,,Adjusted polling average,10:58:03 27 Oct 2020,40000
2020,President,polls-plus,10/27/2020,Trump,Biden,"",West Virginia,2,.0044022,-.0396309,,,Adjust for bounces & recent events,10:58:03 27 Oct 2020,40000
2020,President,polls-plus,10/27/2020,Trump,Biden,"",West Virginia,1,59.67886,35.82631,,,Polling average,10:58:03 27 Oct 2020,40000
2020,President,polls-plus,10/27/2020,Trump,Biden,"",West Virginia,10,.9878,.0122,,,Chance of winning,10:58:03 27 Oct 2020,40000
2020,President,polls-plus,10/27/2020,Trump,Biden,"",Washington,9,37.14443,60.75468,,,Projected vote share,10:58:03 27 Oct 2020,40000
2020,President,polls-plus,10/27/2020,Trump,Biden,"",Washington,8,40.72577,57.17334,,.0440041,Blend with economic fundamentals,10:58:03 27 Oct 2020,40000
2020,President,polls-plus,10/27/2020,Trump,Biden,"",Washington,7,36.96664,60.93248,,,Snapshot,10:58:03 27 Oct 2020,40000
2020,President,polls-plus,10/27/2020,Trump,Biden,"",Washington,6,36.25799,61.64112,,.3104257,Blend with regression,10:58:03 27 Oct 2020,40000
2020,President,polls-plus,10/27/2020,Trump,Biden,"",Washington,5,37.28564,60.61347,,,Reallocated vote share,10:58:03 27 Oct 2020,40000
2020,President,polls-plus,10/27/2020,Trump,Biden,"",Washington,4,1.806602,1.806599,,,Reallocate undecideds and third-party votes,10:58:03 27 Oct 2020,40000
2020,President,polls-plus,10/27/2020,Trump,Biden,"",Washington,3,35.47904,58.80687,,,Adjusted polling average,10:58:03 27 Oct 2020,40000
2020,President,polls-plus,10/27/2020,Trump,Biden,"",Washington,2,-.0534935,.0221024,,,Adjust for bounces & recent events,10:58:03 27 Oct 2020,40000
2020,President,polls-plus,10/27/2020,Trump,Biden,"",Washington,1,35.53253,58.78477,,,Polling average,10:58:03 27 Oct 2020,40000
2020,President,polls-plus,10/27/2020,Trump,Biden,"",Washington,10,.009025,.990975,,,Chance of winning,10:58:03 27 Oct 2020,40000
2020,President,polls-plus,10/27/2020,Trump,Biden,"",Virginia,9,43.48265,55.55307,,,Projected vote share,10:58:03 27 Oct 2020,40000
2020,President,polls-plus,10/27/2020,Trump,Biden,"",Virginia,8,47.23314,51.80259,,.0440041,Blend with economic fundamentals,10:58:03 27 Oct 2020,40000
2020,President,polls-plus,10/27/2020,Trump,Biden,"",Virginia,7,43.32045,55.71528,,,Snapshot,10:58:03 27 Oct 2020,40000
2020,President,polls-plus,10/27/2020,Trump,Biden,"",Virginia,6,41.9005,57.13523,,.2742608,Blend with regression,10:58:03 27 Oct 2020,40000
2020,President,polls-plus,10/27/2020,Trump,Biden,"",Virginia,5,43.85705,55.17868,,,Reallocated vote share,10:58:03 27 Oct 2020,40000
2020,President,polls-plus,10/27/2020,Trump,Biden,"",Virginia,4,2.604679,2.604675,,,Reallocate undecideds and third-party votes,10:58:03 27 Oct 2020,40000
2020,President,polls-plus,10/27/2020,Trump,Biden,"",Virginia,3,41.25237,52.574,,,Adjusted polling average,10:58:03 27 Oct 2020,40000
2020,President,polls-plus,10/27/2020,Trump,Biden,"",Virginia,2,-.0454216,.0168495,,,Adjust for bounces & recent events,10:58:03 27 Oct 2020,40000
2020,President,polls-plus,10/27/2020,Trump,Biden,"",Virginia,1,41.29779,52.55715,,,Polling average,10:58:03 27 Oct 2020,40000
2020,President,polls-plus,10/27/2020,Trump,Biden,"",Virginia,10,.013075,.986925,,,Chance of winning,10:58:03 27 Oct 2020,40000
2020,President,polls-plus,10/27/2020,Trump,Biden,"",Vermont,9,30.92877,66.5419,,,Projected vote share,10:58:03 27 Oct 2020,40000
2020,President,polls-plus,10/27/2020,Trump,Biden,"",Vermont,8,34.26653,63.20414,,.0440041,Blend with economic fundamentals,10:58:03 27 Oct 2020,40000
2020,President,polls-plus,10/27/2020,Trump,Biden,"",Vermont,7,30.73648,66.73418,,,Snapshot,10:58:03 27 Oct 2020,40000
2020,President,polls-plus,10/27/2020,Trump,Biden,"",Vermont,6,29.72147,67.7492,,.4103429,Blend with regression,10:58:03 27 Oct 2020,40000
2020,President,polls-plus,10/27/2020,Trump,Biden,"",Vermont,5,31.44284,66.02782,,,Reallocated vote share,10:58:03 27 Oct 2020,40000
2020,President,polls-plus,10/27/2020,Trump,Biden,"",Vermont,4,2.303461,2.303467,,,Reallocate undecideds and third-party votes,10:58:03 27 Oct 2020,40000
2020,President,polls-plus,10/27/2020,Trump,Biden,"",Vermont,3,29.13938,63.72436,,,Adjusted polling average,10:58:03 27 Oct 2020,40000
2020,President,polls-plus,10/27/2020,Trump,Biden,"",Vermont,2,-.0388355,-.0202866,,,Adjust for bounces & recent events,10:58:03 27 Oct 2020,40000
2020,President,polls-plus,10/27/2020,Trump,Biden,"",Vermont,1,29.17822,63.74464,,,Polling average,10:58:03 27 Oct 2020,40000
2020,President,polls-plus,10/27/2020,Trump,Biden,"",Vermont,10,.007175,.992825,,,Chance of winning,10:58:03 27 Oct 2020,40000
2020,President,polls-plus,10/27/2020,Trump,Biden,"",Utah,9,55.8115,41.37288,,,Projected vote share,10:58:03 27 Oct 2020,40000
2020,President,polls-plus,10/27/2020,Trump,Biden,"",Utah,8,59.39549,37.78888,,.0440041,Blend with economic fundamentals,10:58:03 27 Oct 2020,40000
2020,President,polls-plus,10/27/2020,Trump,Biden,"",Utah,7,55.63656,41.54781,,,Snapshot,10:58:03 27 Oct 2020,40000
2020,President,polls-plus,10/27/2020,Trump,Biden,"",Utah,6,59.27638,37.90799,,.3241511,Blend with regression,10:58:03 27 Oct 2020,40000
2020,President,polls-plus,10/27/2020,Trump,Biden,"",Utah,5,53.89082,43.29355,,,Reallocated vote share,10:58:03 27 Oct 2020,40000
2020,President,polls-plus,10/27/2020,Trump,Biden,"",Utah,4,2.973343,2.973343,,,Reallocate undecideds and third-party votes,10:58:03 27 Oct 2020,40000
2020,President,polls-plus,10/27/2020,Trump,Biden,"",Utah,3,50.91748,40.32021,,,Adjusted polling average,10:58:03 27 Oct 2020,40000
2020,President,polls-plus,10/27/2020,Trump,Biden,"",Utah,2,.0132256,-.0468025,,,Adjust for bounces & recent events,10:58:03 27 Oct 2020,40000
2020,President,polls-plus,10/27/2020,Trump,Biden,"",Utah,1,50.90425,40.36701,,,Polling average,10:58:03 27 Oct 2020,40000
2020,President,polls-plus,10/27/2020,Trump,Biden,"",Utah,10,.956125,.043875,,,Chance of winning,10:58:03 27 Oct 2020,40000
2020,President,polls-plus,10/27/2020,Trump,Biden,"",Texas,9,50.75676,48.27411,,,Projected vote share,10:58:03 27 Oct 2020,40000
2020,President,polls-plus,10/27/2020,Trump,Biden,"",Texas,8,54.49985,44.53102,,.0440041,Blend with economic fundamentals,10:58:03 27 Oct 2020,40000
2020,President,polls-plus,10/27/2020,Trump,Biden,"",Texas,7,50.57617,48.45471,,,Snapshot,10:58:03 27 Oct 2020,40000
2020,President,polls-plus,10/27/2020,Trump,Biden,"",Texas,6,52.34755,46.68332,,.197076,Blend with regression,10:58:03 27 Oct 2020,40000
2020,President,polls-plus,10/27/2020,Trump,Biden,"",Texas,5,50.14139,48.88949,,,Reallocated vote share,10:58:03 27 Oct 2020,40000
2020,President,polls-plus,10/27/2020,Trump,Biden,"",Texas,4,2.288731,2.288731,,,Reallocate undecideds and third-party votes,10:58:03 27 Oct 2020,40000
2020,President,polls-plus,10/27/2020,Trump,Biden,"",Texas,3,47.85266,46.60076,,,Adjusted polling average,10:58:03 27 Oct 2020,40000
2020,President,polls-plus,10/27/2020,Trump,Biden,"",Texas,2,-.0056229,.0540581,,,Adjust for bounces & recent events,10:58:03 27 Oct 2020,40000
2020,President,polls-plus,10/27/2020,Trump,Biden,"",Texas,1,47.85828,46.5467,,,Polling average,10:58:03 27 Oct 2020,40000
2020,President,polls-plus,10/27/2020,Trump,Biden,"",Texas,10,.674025,.325975,,,Chance of winning,10:58:03 27 Oct 2020,40000
2020,President,polls-plus,10/27/2020,Trump,Biden,"",Tennessee,9,57.33944,41.62378,,,Projected vote share,10:58:03 27 Oct 2020,40000
2020,President,polls-plus,10/27/2020,Trump,Biden,"",Tennessee,8,60.98391,37.9793,,.0440041,Blend with economic fundamentals,10:58:03 27 Oct 2020,40000
2020,President,polls-plus,10/27/2020,Trump,Biden,"",Tennessee,7,57.16827,41.79495,,,Snapshot,10:58:03 27 Oct 2020,40000
2020,President,polls-plus,10/27/2020,Trump,Biden,"",Tennessee,6,58.63316,40.33005,,.4295009,Blend with regression,10:58:03 27 Oct 2020,40000
2020,President,polls-plus,10/27/2020,Trump,Biden,"",Tennessee,5,56.06542,42.89779,,,Reallocated vote share,10:58:03 27 Oct 2020,40000
2020,President,polls-plus,10/27/2020,Trump,Biden,"",Tennessee,4,1.817146,1.817146,,,Reallocate undecideds and third-party votes,10:58:03 27 Oct 2020,40000
2020,President,polls-plus,10/27/2020,Trump,Biden,"",Tennessee,3,54.24827,41.08065,,,Adjusted polling average,10:58:03 27 Oct 2020,40000
2020,President,polls-plus,10/27/2020,Trump,Biden,"",Tennessee,2,-.11903,.0345764,,,Adjust for bounces & recent events,10:58:03 27 Oct 2020,40000
2020,President,polls-plus,10/27/2020,Trump,Biden,"",Tennessee,1,54.3673,41.04607,,,Polling average,10:58:03 27 Oct 2020,40000
2020,President,polls-plus,10/27/2020,Trump,Biden,"",Tennessee,10,.9663,.0337,,,Chance of winning,10:58:03 27 Oct 2020,40000
2020,President,polls-plus,10/27/2020,Trump,Biden,"",South Dakota,9,57.02266,41.53611,,,Projected vote share,10:58:03 27 Oct 2020,40000
2020,President,polls-plus,10/27/2020,Trump,Biden,"",South Dakota,8,60.64592,37.91285,,.0440041,Blend with economic fundamentals,10:58:03 27 Oct 2020,40000
2020,President,polls-plus,10/27/2020,Trump,Biden,"",South Dakota,7,56.84368,41.71508,,,Snapshot,10:58:03 27 Oct 2020,40000
2020,President,polls-plus,10/27/2020,Trump,Biden,"",South Dakota,6,58.93405,39.62472,,.3881643,Blend with regression,10:58:03 27 Oct 2020,40000
2020,President,polls-plus,10/27/2020,Trump,Biden,"",South Dakota,5,55.5175,43.04126,,,Reallocated vote share,10:58:03 27 Oct 2020,40000
2020,President,polls-plus,10/27/2020,Trump,Biden,"",South Dakota,4,2.829002,2.829002,,,Reallocate undecideds and third-party votes,10:58:03 27 Oct 2020,40000
2020,President,polls-plus,10/27/2020,Trump,Biden,"",South Dakota,3,52.6885,40.21226,,,Adjusted polling average,10:58:03 27 Oct 2020,40000
2020,President,polls-plus,10/27/2020,Trump,Biden,"",South Dakota,2,.0115318,.0259552,,,Adjust for bounces & recent events,10:58:03 27 Oct 2020,40000
2020,President,polls-plus,10/27/2020,Trump,Biden,"",South Dakota,1,52.67697,40.18631,,,Polling average,10:58:03 27 Oct 2020,40000
2020,President,polls-plus,10/27/2020,Trump,Biden,"",South Dakota,10,.94245,.05755,,,Chance of winning,10:58:03 27 Oct 2020,40000
2020,President,polls-plus,10/27/2020,Trump,Biden,"",South Carolina,9,53.75598,45.38691,,,Projected vote share,10:58:03 27 Oct 2020,40000
2020,President,polls-plus,10/27/2020,Trump,Biden,"",South Carolina,8,57.49524,41.64764,,.0440041,Blend with economic fundamentals,10:58:03 27 Oct 2020,40000
2020,President,polls-plus,10/27/2020,Trump,Biden,"",South Carolina,7,53.6007,45.54218,,,Snapshot,10:58:03 27 Oct 2020,40000
2020,President,polls-plus,10/27/2020,Trump,Biden,"",South Carolina,6,53.85604,45.28685,,.3384719,Blend with regression,10:58:03 27 Oct 2020,40000
2020,President,polls-plus,10/27/2020,Trump,Biden,"",South Carolina,5,53.47006,45.67282,,,Reallocated vote share,10:58:03 27 Oct 2020,40000
2020,President,polls-plus,10/27/2020,Trump,Biden,"",South Carolina,4,2.300098,2.300098,,,Reallocate undecideds and third-party votes,10:58:03 27 Oct 2020,40000
2020,President,polls-plus,10/27/2020,Trump,Biden,"",South Carolina,3,51.16996,43.37272,,,Adjusted polling average,10:58:03 27 Oct 2020,40000
2020,President,polls-plus,10/27/2020,Trump,Biden,"",South Carolina,2,-.0391808,.0152893,,,Adjust for bounces & recent events,10:58:03 27 Oct 2020,40000
2020,President,polls-plus,10/27/2020,Trump,Biden,"",South Carolina,1,51.20914,43.35743,,,Polling average,10:58:03 27 Oct 2020,40000
2020,President,polls-plus,10/27/2020,Trump,Biden,"",South Carolina,10,.91045,.08955,,,Chance of winning,10:58:03 27 Oct 2020,40000
2020,President,polls-plus,10/27/2020,Trump,Biden,"",Rhode Island,9,35.34606,63.37656,,,Projected vote share,10:58:03 27 Oct 2020,40000
2020,President,polls-plus,10/27/2020,Trump,Biden,"",Rhode Island,8,38.86523,59.85739,,.0440041,Blend with economic fundamentals,10:58:03 27 Oct 2020,40000
2020,President,polls-plus,10/27/2020,Trump,Biden,"",Rhode Island,7,35.13737,63.58525,,,Snapshot,10:58:03 27 Oct 2020,40000
2020,President,polls-plus,10/27/2020,Trump,Biden,"",Rhode Island,6,36.41829,62.30433,,.648134,Blend with regression,10:58:03 27 Oct 2020,40000
2020,President,polls-plus,10/27/2020,Trump,Biden,"",Rhode Island,5,32.77794,65.94469,,,Reallocated vote share,10:58:03 27 Oct 2020,40000
2020,President,polls-plus,10/27/2020,Trump,Biden,"",Rhode Island,4,1.230574,1.230568,,,Reallocate undecideds and third-party votes,10:58:03 27 Oct 2020,40000
2020,President,polls-plus,10/27/2020,Trump,Biden,"",Rhode Island,3,31.54737,64.71412,,,Adjusted polling average,10:58:03 27 Oct 2020,40000
2020,President,polls-plus,10/27/2020,Trump,Biden,"",Rhode Island,2,.027689,-.052475,,,Adjust for bounces & recent events,10:58:03 27 Oct 2020,40000
2020,President,polls-plus,10/27/2020,Trump,Biden,"",Rhode Island,1,31.51968,64.76659,,,Polling average,10:58:03 27 Oct 2020,40000
2020,President,polls-plus,10/27/2020,Trump,Biden,"",Rhode Island,10,.000825,.999175,,,Chance of winning,10:58:03 27 Oct 2020,40000
2020,President,polls-plus,10/27/2020,Trump,Biden,"",Pennsylvania,9,47.01463,52.28833,,,Projected vote share,10:58:03 27 Oct 2020,40000
2020,President,polls-plus,10/27/2020,Trump,Biden,"",Pennsylvania,8,50.78688,48.51608,,.0440041,Blend with economic fundamentals,10:58:03 27 Oct 2020,40000
2020,President,polls-plus,10/27/2020,Trump,Biden,"",Pennsylvania,7,46.84173,52.46123,,,Snapshot,10:58:03 27 Oct 2020,40000
2020,President,polls-plus,10/27/2020,Trump,Biden,"",Pennsylvania,6,45.72964,53.57332,,.0905375,Blend with regression,10:58:03 27 Oct 2020,40000
2020,President,polls-plus,10/27/2020,Trump,Biden,"",Pennsylvania,5,46.95244,52.35052,,,Reallocated vote share,10:58:03 27 Oct 2020,40000
2020,President,polls-plus,10/27/2020,Trump,Biden,"",Pennsylvania,4,2.107445,2.107449,,,Reallocate undecideds and third-party votes,10:58:03 27 Oct 2020,40000
2020,President,polls-plus,10/27/2020,Trump,Biden,"",Pennsylvania,3,44.84499,50.24308,,,Adjusted polling average,10:58:03 27 Oct 2020,40000
2020,President,polls-plus,10/27/2020,Trump,Biden,"",Pennsylvania,2,-.0369682,.0222816,,,Adjust for bounces & recent events,10:58:03 27 Oct 2020,40000
2020,President,polls-plus,10/27/2020,Trump,Biden,"",Pennsylvania,1,44.88196,50.22079,,,Polling average,10:58:03 27 Oct 2020,40000
2020,President,polls-plus,10/27/2020,Trump,Biden,"",Pennsylvania,10,.14345,.85655,,,Chance of winning,10:58:03 27 Oct 2020,40000
2020,President,polls-plus,10/27/2020,Trump,Biden,"",Oregon,9,39.7702,58.14377,,,Projected vote share,10:58:03 27 Oct 2020,40000
2020,President,polls-plus,10/27/2020,Trump,Biden,"",Oregon,8,43.40771,54.50626,,.0440041,Blend with economic fundamentals,10:58:03 27 Oct 2020,40000
2020,President,polls-plus,10/27/2020,Trump,Biden,"",Oregon,7,39.58813,58.32584,,,Snapshot,10:58:03 27 Oct 2020,40000
2020,President,polls-plus,10/27/2020,Trump,Biden,"",Oregon,6,40.71933,57.19464,,.3556657,Blend with regression,10:58:03 27 Oct 2020,40000
2020,President,polls-plus,10/27/2020,Trump,Biden,"",Oregon,5,38.96373,58.95024,,,Reallocated vote share,10:58:03 27 Oct 2020,40000
2020,President,polls-plus,10/27/2020,Trump,Biden,"",Oregon,4,1.43644,1.436436,,,Reallocate undecideds and third-party votes,10:58:03 27 Oct 2020,40000
2020,President,polls-plus,10/27/2020,Trump,Biden,"",Oregon,3,37.52729,57.51381,,,Adjusted polling average,10:58:03 27 Oct 2020,40000
2020,President,polls-plus,10/27/2020,Trump,Biden,"",Oregon,2,-.0031624,-.0280075,,,Adjust for bounces & recent events,10:58:03 27 Oct 2020,40000
2020,President,polls-plus,10/27/2020,Trump,Biden,"",Oregon,1,37.53045,57.54182,,,Polling average,10:58:03 27 Oct 2020,40000
2020,President,polls-plus,10/27/2020,Trump,Biden,"",Oregon,10,.02375,.97625,,,Chance of winning,10:58:03 27 Oct 2020,40000
2020,President,polls-plus,10/27/2020,Trump,Biden,"",Oklahoma,9,61.70969,37.1707,,,Projected vote share,10:58:03 27 Oct 2020,40000
2020,President,polls-plus,10/27/2020,Trump,Biden,"",Oklahoma,8,65.23354,33.64685,,.0440041,Blend with economic fundamentals,10:58:03 27 Oct 2020,40000
2020,President,polls-plus,10/27/2020,Trump,Biden,"",Oklahoma,7,61.55313,37.32726,,,Snapshot,10:58:03 27 Oct 2020,40000
2020,President,polls-plus,10/27/2020,Trump,Biden,"",Oklahoma,6,64.3027,34.5777,,.3112236,Blend with regression,10:58:03 27 Oct 2020,40000
2020,President,polls-plus,10/27/2020,Trump,Biden,"",Oklahoma,5,60.31075,38.56964,,,Reallocated vote share,10:58:03 27 Oct 2020,40000
2020,President,polls-plus,10/27/2020,Trump,Biden,"",Oklahoma,4,2.127693,2.127689,,,Reallocate undecideds and third-party votes,10:58:03 27 Oct 2020,40000
2020,President,polls-plus,10/27/2020,Trump,Biden,"",Oklahoma,3,58.18306,36.44195,,,Adjusted polling average,10:58:03 27 Oct 2020,40000
2020,President,polls-plus,10/27/2020,Trump,Biden,"",Oklahoma,2,-.1077919,.0318604,,,Adjust for bounces & recent events,10:58:03 27 Oct 2020,40000
2020,President,polls-plus,10/27/2020,Trump,Biden,"",Oklahoma,1,58.29085,36.41009,,,Polling average,10:58:03 27 Oct 2020,40000
2020,President,polls-plus,10/27/2020,Trump,Biden,"",Oklahoma,10,.993225,.006775,,,Chance of winning,10:58:03 27 Oct 2020,40000
2020,President,polls-plus,10/27/2020,Trump,Biden,"",Ohio,9,50.03962,48.96082,,,Projected vote share,10:58:03 27 Oct 2020,40000
2020,President,polls-plus,10/27/2020,Trump,Biden,"",Ohio,8,53.785,45.21544,,.0440041,Blend with economic fundamentals,10:58:03 27 Oct 2020,40000
2020,President,polls-plus,10/27/2020,Trump,Biden,"",Ohio,7,49.85778,49.14265,,,Snapshot,10:58:03 27 Oct 2020,40000
2020,President,polls-plus,10/27/2020,Trump,Biden,"",Ohio,6,48.46407,50.53637,,.2312031,Blend with regression,10:58:03 27 Oct 2020,40000
2020,President,polls-plus,10/27/2020,Trump,Biden,"",Ohio,5,50.27692,48.72351,,,Reallocated vote share,10:58:03 27 Oct 2020,40000
2020,President,polls-plus,10/27/2020,Trump,Biden,"",Ohio,4,2.305641,2.305641,,,Reallocate undecideds and third-party votes,10:58:03 27 Oct 2020,40000
2020,President,polls-plus,10/27/2020,Trump,Biden,"",Ohio,3,47.97128,46.41787,,,Adjusted polling average,10:58:03 27 Oct 2020,40000
2020,President,polls-plus,10/27/2020,Trump,Biden,"",Ohio,2,-.0366631,.0115509,,,Adjust for bounces & recent events,10:58:03 27 Oct 2020,40000
2020,President,polls-plus,10/27/2020,Trump,Biden,"",Ohio,1,48.00794,46.40632,,,Polling average,10:58:03 27 Oct 2020,40000
2020,President,polls-plus,10/27/2020,Trump,Biden,"",Ohio,10,.5803,.4197,,,Chance of winning,10:58:03 27 Oct 2020,40000
2020,President,polls-plus,10/27/2020,Trump,Biden,"",North Dakota,9,59.94138,37.56443,,,Projected vote share,10:58:03 27 Oct 2020,40000
2020,President,polls-plus,10/27/2020,Trump,Biden,"",North Dakota,8,63.41671,34.08909,,.0440041,Blend with economic fundamentals,10:58:03 27 Oct 2020,40000
2020,President,polls-plus,10/27/2020,Trump,Biden,"",North Dakota,7,59.75524,37.75056,,,Snapshot,10:58:03 27 Oct 2020,40000
2020,President,polls-plus,10/27/2020,Trump,Biden,"",North Dakota,6,62.52561,34.98019,,.4044277,Blend with regression,10:58:03 27 Oct 2020,40000
2020,President,polls-plus,10/27/2020,Trump,Biden,"",North Dakota,5,57.874,39.63181,,,Reallocated vote share,10:58:03 27 Oct 2020,40000
2020,President,polls-plus,10/27/2020,Trump,Biden,"",North Dakota,4,1.539642,1.539639,,,Reallocate undecideds and third-party votes,10:58:03 27 Oct 2020,40000
2020,President,polls-plus,10/27/2020,Trump,Biden,"",North Dakota,3,56.33435,38.09217,,,Adjusted polling average,10:58:03 27 Oct 2020,40000
2020,President,polls-plus,10/27/2020,Trump,Biden,"",North Dakota,2,.0306549,-.0461655,,,Adjust for bounces & recent events,10:58:03 27 Oct 2020,40000
2020,President,polls-plus,10/27/2020,Trump,Biden,"",North Dakota,1,56.3037,38.13833,,,Polling average,10:58:03 27 Oct 2020,40000
2020,President,polls-plus,10/27/2020,Trump,Biden,"",North Dakota,10,.98285,.01715,,,Chance of winning,10:58:03 27 Oct 2020,40000
2020,President,polls-plus,10/27/2020,Trump,Biden,"",North Carolina,9,48.59467,50.67719,,,Projected vote share,10:58:03 27 Oct 2020,40000
2020,President,polls-plus,10/27/2020,Trump,Biden,"",North Carolina,8,52.37035,46.90151,,.0440041,Blend with economic fundamentals,10:58:03 27 Oct 2020,40000
2020,President,polls-plus,10/27/2020,Trump,Biden,"",North Carolina,7,48.42628,50.84558,,,Snapshot,10:58:03 27 Oct 2020,40000
2020,President,polls-plus,10/27/2020,Trump,Biden,"",North Carolina,6,48.6003,50.67156,,.1355259,Blend with regression,10:58:03 27 Oct 2020,40000
2020,President,polls-plus,10/27/2020,Trump,Biden,"",North Carolina,5,48.39899,50.87287,,,Reallocated vote share,10:58:03 27 Oct 2020,40000
2020,President,polls-plus,10/27/2020,Trump,Biden,"",North Carolina,4,1.713032,1.713039,,,Reallocate undecideds and third-party votes,10:58:03 27 Oct 2020,40000
2020,President,polls-plus,10/27/2020,Trump,Biden,"",North Carolina,3,46.68596,49.15983,,,Adjusted polling average,10:58:03 27 Oct 2020,40000
2020,President,polls-plus,10/27/2020,Trump,Biden,"",North Carolina,2,-.0301819,.0057297,,,Adjust for bounces & recent events,10:58:03 27 Oct 2020,40000
2020,President,polls-plus,10/27/2020,Trump,Biden,"",North Carolina,1,46.71614,49.1541,,,Polling average,10:58:03 27 Oct 2020,40000
2020,President,polls-plus,10/27/2020,Trump,Biden,"",North Carolina,10,.3459,.6541,,,Chance of winning,10:58:03 27 Oct 2020,40000
2020,President,polls-plus,10/27/2020,Trump,Biden,"",New York,9,34.77472,64.19503,,,Projected vote share,10:58:03 27 Oct 2020,40000
2020,President,polls-plus,10/27/2020,Trump,Biden,"",New York,8,38.3336,60.63614,,.0440041,Blend with economic fundamentals,10:58:03 27 Oct 2020,40000
2020,President,polls-plus,10/27/2020,Trump,Biden,"",New York,7,34.61663,64.35312,,,Snapshot,10:58:03 27 Oct 2020,40000
2020,President,polls-plus,10/27/2020,Trump,Biden,"",New York,6,34.96193,64.00781,,.3360739,Blend with regression,10:58:03 27 Oct 2020,40000
2020,President,polls-plus,10/27/2020,Trump,Biden,"",New York,5,34.44183,64.52792,,,Reallocated vote share,10:58:03 27 Oct 2020,40000
2020,President,polls-plus,10/27/2020,Trump,Biden,"",New York,4,2.65419,2.654186,,,Reallocate undecideds and third-party votes,10:58:03 27 Oct 2020,40000
2020,President,polls-plus,10/27/2020,Trump,Biden,"",New York,3,31.78764,61.87373,,,Adjusted polling average,10:58:03 27 Oct 2020,40000
2020,President,polls-plus,10/27/2020,Trump,Biden,"",New York,2,.109684,-.3314857,,,Adjust for bounces & recent events,10:58:03 27 Oct 2020,40000
2020,President,polls-plus,10/27/2020,Trump,Biden,"",New York,1,31.67796,62.20522,,,Polling average,10:58:03 27 Oct 2020,40000
2020,President,polls-plus,10/27/2020,Trump,Biden,"",New York,10,.0001,.9999,,,Chance of winning,10:58:03 27 Oct 2020,40000
2020,President,polls-plus,10/27/2020,Trump,Biden,"",New Mexico,9,42.47324,55.66787,,,Projected vote share,10:58:03 27 Oct 2020,40000
2020,President,polls-plus,10/27/2020,Trump,Biden,"",New Mexico,8,46.15388,51.98723,,.0440041,Blend with economic fundamentals,10:58:03 27 Oct 2020,40000
2020,President,polls-plus,10/27/2020,Trump,Biden,"",New Mexico,7,42.28404,55.85707,,,Snapshot,10:58:03 27 Oct 2020,40000
2020,President,polls-plus,10/27/2020,Trump,Biden,"",New Mexico,6,40.93162,57.20949,,.314217,Blend with regression,10:58:03 27 Oct 2020,40000
2020,President,polls-plus,10/27/2020,Trump,Biden,"",New Mexico,5,42.9037,55.23741,,,Reallocated vote share,10:58:03 27 Oct 2020,40000
2020,President,polls-plus,10/27/2020,Trump,Biden,"",New Mexico,4,1.872616,1.87262,,,Reallocate undecideds and third-party votes,10:58:03 27 Oct 2020,40000
2020,President,polls-plus,10/27/2020,Trump,Biden,"",New Mexico,3,41.03109,53.36479,,,Adjusted polling average,10:58:03 27 Oct 2020,40000
2020,President,polls-plus,10/27/2020,Trump,Biden,"",New Mexico,2,-.3202171,.1369476,,,Adjust for bounces & recent events,10:58:03 27 Oct 2020,40000
2020,President,polls-plus,10/27/2020,Trump,Biden,"",New Mexico,1,41.3513,53.22784,,,Polling average,10:58:03 27 Oct 2020,40000
2020,President,polls-plus,10/27/2020,Trump,Biden,"",New Mexico,10,.02635,.97365,,,Chance of winning,10:58:03 27 Oct 2020,40000
2020,President,polls-plus,10/27/2020,Trump,Biden,"",New Jersey,9,39.82335,59.36889,,,Projected vote share,10:58:03 27 Oct 2020,40000
2020,President,polls-plus,10/27/2020,Trump,Biden,"",New Jersey,8,43.50405,55.6882,,.0440041,Blend with economic fundamentals,10:58:03 27 Oct 2020,40000
2020,President,polls-plus,10/27/2020,Trump,Biden,"",New Jersey,7,39.64382,59.54843,,,Snapshot,10:58:03 27 Oct 2020,40000
2020,President,polls-plus,10/27/2020,Trump,Biden,"",New Jersey,6,39.34637,59.84587,,.2619954,Blend with regression,10:58:03 27 Oct 2020,40000
2020,President,polls-plus,10/27/2020,Trump,Biden,"",New Jersey,5,39.74941,59.44284,,,Reallocated vote share,10:58:03 27 Oct 2020,40000
2020,President,polls-plus,10/27/2020,Trump,Biden,"",New Jersey,4,3.160912,3.160912,,,Reallocate undecideds and third-party votes,10:58:03 27 Oct 2020,40000
2020,President,polls-plus,10/27/2020,Trump,Biden,"",New Jersey,3,36.5885,56.28193,,,Adjusted polling average,10:58:03 27 Oct 2020,40000
2020,President,polls-plus,10/27/2020,Trump,Biden,"",New Jersey,2,-.0356789,.0054932,,,Adjust for bounces & recent events,10:58:03 27 Oct 2020,40000
2020,President,polls-plus,10/27/2020,Trump,Biden,"",New Jersey,1,36.62418,56.27643,,,Polling average,10:58:03 27 Oct 2020,40000
2020,President,polls-plus,10/27/2020,Trump,Biden,"",New Jersey,10,.010625,.989375,,,Chance of winning,10:58:03 27 Oct 2020,40000
2020,President,polls-plus,10/27/2020,Trump,Biden,"",New Hampshire,9,44.40851,54.63362,,,Projected vote share,10:58:03 27 Oct 2020,40000
2020,President,polls-plus,10/27/2020,Trump,Biden,"",New Hampshire,8,48.10376,50.93837,,.0440041,Blend with economic fundamentals,10:58:03 27 Oct 2020,40000
2020,President,polls-plus,10/27/2020,Trump,Biden,"",New Hampshire,7,44.1825,54.85963,,,Snapshot,10:58:03 27 Oct 2020,40000
2020,President,polls-plus,10/27/2020,Trump,Biden,"",New Hampshire,6,44.76138,54.28075,,.3014058,Blend with regression,10:58:03 27 Oct 2020,40000
2020,President,polls-plus,10/27/2020,Trump,Biden,"",New Hampshire,5,43.93274,55.10939,,,Reallocated vote share,10:58:03 27 Oct 2020,40000
2020,President,polls-plus,10/27/2020,Trump,Biden,"",New Hampshire,4,1.503849,1.503845,,,Reallocate undecideds and third-party votes,10:58:03 27 Oct 2020,40000
2020,President,polls-plus,10/27/2020,Trump,Biden,"",New Hampshire,3,42.42889,53.60555,,,Adjusted polling average,10:58:03 27 Oct 2020,40000
2020,President,polls-plus,10/27/2020,Trump,Biden,"",New Hampshire,2,-.0202789,.0029793,,,Adjust for bounces & recent events,10:58:03 27 Oct 2020,40000
2020,President,polls-plus,10/27/2020,Trump,Biden,"",New Hampshire,1,42.44917,53.60257,,,Polling average,10:58:03 27 Oct 2020,40000
2020,President,polls-plus,10/27/2020,Trump,Biden,"",New Hampshire,10,.1252,.8748,,,Chance of winning,10:58:03 27 Oct 2020,40000
2020,President,polls-plus,10/27/2020,Trump,Biden,"",Nevada,9,45.18127,53.30328,,,Projected vote share,10:58:03 27 Oct 2020,40000
2020,President,polls-plus,10/27/2020,Trump,Biden,"",Nevada,8,48.89739,49.58717,,.0440041,Blend with economic fundamentals,10:58:03 27 Oct 2020,40000
2020,President,polls-plus,10/27/2020,Trump,Biden,"",Nevada,7,44.99058,53.49398,,,Snapshot,10:58:03 27 Oct 2020,40000
2020,President,polls-plus,10/27/2020,Trump,Biden,"",Nevada,6,43.67738,54.80717,,.3486755,Blend with regression,10:58:03 27 Oct 2020,40000
2020,President,polls-plus,10/27/2020,Trump,Biden,"",Nevada,5,45.69357,52.79098,,,Reallocated vote share,10:58:03 27 Oct 2020,40000
2020,President,polls-plus,10/27/2020,Trump,Biden,"",Nevada,4,2.434803,2.434803,,,Reallocate undecideds and third-party votes,10:58:03 27 Oct 2020,40000
2020,President,polls-plus,10/27/2020,Trump,Biden,"",Nevada,3,43.25877,50.35618,,,Adjusted polling average,10:58:03 27 Oct 2020,40000
2020,President,polls-plus,10/27/2020,Trump,Biden,"",Nevada,2,.0081596,-.0313454,,,Adjust for bounces & recent events,10:58:03 27 Oct 2020,40000
2020,President,polls-plus,10/27/2020,Trump,Biden,"",Nevada,1,43.25061,50.38752,,,Polling average,10:58:03 27 Oct 2020,40000
2020,President,polls-plus,10/27/2020,Trump,Biden,"",Nevada,10,.0779,.9221,,,Chance of winning,10:58:03 27 Oct 2020,40000
2020,President,polls-plus,10/27/2020,Trump,Biden,"",Nebraska,9,57.8096,40.47939,,,Projected vote share,10:58:03 27 Oct 2020,40000
2020,President,polls-plus,10/27/2020,Trump,Biden,"",Nebraska,8,61.40194,36.88705,,.0440041,Blend with economic fundamentals,10:58:03 27 Oct 2020,40000
2020,President,polls-plus,10/27/2020,Trump,Biden,"",Nebraska,7,57.65076,40.66698,,,Snapshot,10:58:03 27 Oct 2020,40000
2020,President,polls-plus,10/27/2020,Trump,Biden,"",Nebraska,6,58.52847,39.78928,,.5938655,Blend with regression,10:58:03 27 Oct 2020,40000
2020,President,polls-plus,10/27/2020,Trump,Biden,"",Nebraska,5,52.38487,45.93287,,,Reallocated vote share,10:58:03 27 Oct 2020,40000
2020,President,polls-plus,10/27/2020,Trump,Biden,"",Nebraska,4,1.839844,1.839844,,,Reallocate undecideds and third-party votes,10:58:03 27 Oct 2020,40000
2020,President,polls-plus,10/27/2020,Trump,Biden,"",Nebraska,3,50.54503,44.09303,,,Adjusted polling average,10:58:03 27 Oct 2020,40000
2020,President,polls-plus,10/27/2020,Trump,Biden,"",Nebraska,2,-.0289078,-.0824165,,,Adjust for bounces & recent events,10:58:03 27 Oct 2020,40000
2020,President,polls-plus,10/27/2020,Trump,Biden,"",Nebraska,1,50.57394,44.17544,,,Polling average,10:58:03 27 Oct 2020,40000
2020,President,polls-plus,10/27/2020,Trump,Biden,"",Nebraska,10,.992,.008,,,Chance of winning,10:58:03 27 Oct 2020,40000
2020,President,polls-plus,10/27/2020,Trump,Biden,"",NE-3,9,72.18027,25.66364,,,Projected vote share,10:58:03 27 Oct 2020,40000
2020,President,polls-plus,10/27/2020,Trump,Biden,"",NE-3,8,75.11477,22.72914,,.0440041,Blend with economic fundamentals,10:58:03 27 Oct 2020,40000
2020,President,polls-plus,10/27/2020,Trump,Biden,"",NE-3,7,72.03177,25.81214,,,Snapshot,10:58:03 27 Oct 2020,40000
2020,President,polls-plus,10/27/2020,Trump,Biden,"",NE-3,6,72.03177,25.81214,,1,Blend with regression,10:58:03 27 Oct 2020,40000
2020,President,polls-plus,10/27/2020,Trump,Biden,"",NE-3,5,,,,,Reallocated vote share,10:58:03 27 Oct 2020,40000
2020,President,polls-plus,10/27/2020,Trump,Biden,"",NE-3,4,,,,,Reallocate undecideds and third-party votes,10:58:03 27 Oct 2020,40000
2020,President,polls-plus,10/27/2020,Trump,Biden,"",NE-3,3,,,,,Adjusted polling average,10:58:03 27 Oct 2020,40000
2020,President,polls-plus,10/27/2020,Trump,Biden,"",NE-3,2,,,,,Adjust for bounces & recent events,10:58:03 27 Oct 2020,40000
2020,President,polls-plus,10/27/2020,Trump,Biden,"",NE-3,1,,,,,Polling average,10:58:03 27 Oct 2020,40000
2020,President,polls-plus,10/27/2020,Trump,Biden,"",NE-3,10,.999675,.000325,,,Chance of winning,10:58:03 27 Oct 2020,40000
2020,President,polls-plus,10/27/2020,Trump,Biden,"",NE-2,9,47.04431,51.62437,,,Projected vote share,10:58:03 27 Oct 2020,40000
2020,President,polls-plus,10/27/2020,Trump,Biden,"",NE-2,8,50.77792,47.89077,,.0440041,Blend with economic fundamentals,10:58:03 27 Oct 2020,40000
2020,President,polls-plus,10/27/2020,Trump,Biden,"",NE-2,7,46.85743,51.81126,,,Snapshot,10:58:03 27 Oct 2020,40000
2020,President,polls-plus,10/27/2020,Trump,Biden,"",NE-2,6,48.15207,50.51661,,.3981946,Blend with regression,10:58:03 27 Oct 2020,40000
2020,President,polls-plus,10/27/2020,Trump,Biden,"",NE-2,5,46.00079,52.66789,,,Reallocated vote share,10:58:03 27 Oct 2020,40000
2020,President,polls-plus,10/27/2020,Trump,Biden,"",NE-2,4,2.20982,2.20982,,,Reallocate undecideds and third-party votes,10:58:03 27 Oct 2020,40000
2020,President,polls-plus,10/27/2020,Trump,Biden,"",NE-2,3,43.79097,50.45807,,,Adjusted polling average,10:58:03 27 Oct 2020,40000
2020,President,polls-plus,10/27/2020,Trump,Biden,"",NE-2,2,-.043251,-.0052185,,,Adjust for bounces & recent events,10:58:03 27 Oct 2020,40000
2020,President,polls-plus,10/27/2020,Trump,Biden,"",NE-2,1,43.83422,50.46329,,,Polling average,10:58:03 27 Oct 2020,40000
2020,President,polls-plus,10/27/2020,Trump,Biden,"",NE-2,10,.2191,.7809,,,Chance of winning,10:58:03 27 Oct 2020,40000
2020,President,polls-plus,10/27/2020,Trump,Biden,"",NE-1,9,55.13058,43.19252,,,Projected vote share,10:58:03 27 Oct 2020,40000
2020,President,polls-plus,10/27/2020,Trump,Biden,"",NE-1,8,58.79257,39.53053,,.0440041,Blend with economic fundamentals,10:58:03 27 Oct 2020,40000
2020,President,polls-plus,10/27/2020,Trump,Biden,"",NE-1,7,54.96142,43.36168,,,Snapshot,10:58:03 27 Oct 2020,40000
2020,President,polls-plus,10/27/2020,Trump,Biden,"",NE-1,6,56.37149,41.95161,,.7278288,Blend with regression,10:58:03 27 Oct 2020,40000
2020,President,polls-plus,10/27/2020,Trump,Biden,"",NE-1,5,51.19067,47.13243,,,Reallocated vote share,10:58:03 27 Oct 2020,40000
2020,President,polls-plus,10/27/2020,Trump,Biden,"",NE-1,4,1.32576,1.32576,,,Reallocate undecideds and third-party votes,10:58:03 27 Oct 2020,40000
2020,President,polls-plus,10/27/2020,Trump,Biden,"",NE-1,3,49.86491,45.80667,,,Adjusted polling average,10:58:03 27 Oct 2020,40000
2020,President,polls-plus,10/27/2020,Trump,Biden,"",NE-1,2,-.3827591,.1451378,,,Adjust for bounces & recent events,10:58:03 27 Oct 2020,40000
2020,President,polls-plus,10/27/2020,Trump,Biden,"",NE-1,1,50.24767,45.66154,,,Polling average,10:58:03 27 Oct 2020,40000
2020,President,polls-plus,10/27/2020,Trump,Biden,"",NE-1,10,.955425,.044575,,,Chance of winning,10:58:03 27 Oct 2020,40000
2020,President,polls-plus,10/27/2020,Trump,Biden,"",Montana,9,53.3835,44.57878,,,Projected vote share,10:58:03 27 Oct 2020,40000
2020,President,polls-plus,10/27/2020,Trump,Biden,"",Montana,8,57.04433,40.91795,,.0440041,Blend with economic fundamentals,10:58:03 27 Oct 2020,40000
2020,President,polls-plus,10/27/2020,Trump,Biden,"",Montana,7,53.1998,44.76248,,,Snapshot,10:58:03 27 Oct 2020,40000
2020,President,polls-plus,10/27/2020,Trump,Biden,"",Montana,6,55.423,42.53928,,.2789676,Blend with regression,10:58:03 27 Oct 2020,40000
2020,President,polls-plus,10/27/2020,Trump,Biden,"",Montana,5,52.33965,45.62263,,,Reallocated vote share,10:58:03 27 Oct 2020,40000
2020,President,polls-plus,10/27/2020,Trump,Biden,"",Montana,4,1.429691,1.429691,,,Reallocate undecideds and third-party votes,10:58:03 27 Oct 2020,40000
2020,President,polls-plus,10/27/2020,Trump,Biden,"",Montana,3,50.90995,44.19294,,,Adjusted polling average,10:58:03 27 Oct 2020,40000
2020,President,polls-plus,10/27/2020,Trump,Biden,"",Montana,2,-.0065498,.0126534,,,Adjust for bounces & recent events,10:58:03 27 Oct 2020,40000
2020,President,polls-plus,10/27/2020,Trump,Biden,"",Montana,1,50.9165,44.18029,,,Polling average,10:58:03 27 Oct 2020,40000
2020,President,polls-plus,10/27/2020,Trump,Biden,"",Montana,10,.883075,.116925,,,Chance of winning,10:58:03 27 Oct 2020,40000
2020,President,polls-plus,10/27/2020,Trump,Biden,"",Missouri,9,53.84531,44.8261,,,Projected vote share,10:58:03 27 Oct 2020,40000
2020,President,polls-plus,10/27/2020,Trump,Biden,"",Missouri,8,57.53918,41.13223,,.0440041,Blend with economic fundamentals,10:58:03 27 Oct 2020,40000
2020,President,polls-plus,10/27/2020,Trump,Biden,"",Missouri,7,53.66813,45.00327,,,Snapshot,10:58:03 27 Oct 2020,40000
2020,President,polls-plus,10/27/2020,Trump,Biden,"",Missouri,6,55.43909,43.23232,,.378718,Blend with regression,10:58:03 27 Oct 2020,40000
2020,President,polls-plus,10/27/2020,Trump,Biden,"",Missouri,5,52.5886,46.08281,,,Reallocated vote share,10:58:03 27 Oct 2020,40000
2020,President,polls-plus,10/27/2020,Trump,Biden,"",Missouri,4,1.42551,1.42551,,,Reallocate undecideds and third-party votes,10:58:03 27 Oct 2020,40000
2020,President,polls-plus,10/27/2020,Trump,Biden,"",Missouri,3,51.16309,44.6573,,,Adjusted polling average,10:58:03 27 Oct 2020,40000
2020,President,polls-plus,10/27/2020,Trump,Biden,"",Missouri,2,-.0944252,-.0151443,,,Adjust for bounces & recent events,10:58:03 27 Oct 2020,40000
2020,President,polls-plus,10/27/2020,Trump,Biden,"",Missouri,1,51.25751,44.67244,,,Polling average,10:58:03 27 Oct 2020,40000
2020,President,polls-plus,10/27/2020,Trump,Biden,"",Missouri,10,.921275,.078725,,,Chance of winning,10:58:03 27 Oct 2020,40000
2020,President,polls-plus,10/27/2020,Trump,Biden,"",Mississippi,9,56.48151,42.76217,,,Projected vote share,10:58:03 27 Oct 2020,40000
2020,President,polls-plus,10/27/2020,Trump,Biden,"",Mississippi,8,60.19249,39.05119,,.0440041,Blend with economic fundamentals,10:58:03 27 Oct 2020,40000
2020,President,polls-plus,10/27/2020,Trump,Biden,"",Mississippi,7,56.34337,42.90031,,,Snapshot,10:58:03 27 Oct 2020,40000
2020,President,polls-plus,10/27/2020,Trump,Biden,"",Mississippi,6,55.00563,44.23805,,.3737521,Blend with regression,10:58:03 27 Oct 2020,40000
2020,President,polls-plus,10/27/2020,Trump,Biden,"",Mississippi,5,57.14175,42.10192,,,Reallocated vote share,10:58:03 27 Oct 2020,40000
2020,President,polls-plus,10/27/2020,Trump,Biden,"",Mississippi,4,2.427483,2.427479,,,Reallocate undecideds and third-party votes,10:58:03 27 Oct 2020,40000
2020,President,polls-plus,10/27/2020,Trump,Biden,"",Mississippi,3,54.71427,39.67445,,,Adjusted polling average,10:58:03 27 Oct 2020,40000
2020,President,polls-plus,10/27/2020,Trump,Biden,"",Mississippi,2,-.2339325,-.0518837,,,Adjust for bounces & recent events,10:58:03 27 Oct 2020,40000
2020,President,polls-plus,10/27/2020,Trump,Biden,"",Mississippi,1,54.9482,39.72633,,,Polling average,10:58:03 27 Oct 2020,40000
2020,President,polls-plus,10/27/2020,Trump,Biden,"",Mississippi,10,.90305,.09695,,,Chance of winning,10:58:03 27 Oct 2020,40000
2020,President,polls-plus,10/27/2020,Trump,Biden,"",Minnesota,9,45.34064,53.1776,,,Projected vote share,10:58:03 27 Oct 2020,40000
2020,President,polls-plus,10/27/2020,Trump,Biden,"",Minnesota,8,49.07269,49.44556,,.0440041,Blend with economic fundamentals,10:58:03 27 Oct 2020,40000
2020,President,polls-plus,10/27/2020,Trump,Biden,"",Minnesota,7,45.16365,53.3546,,,Snapshot,10:58:03 27 Oct 2020,40000
2020,President,polls-plus,10/27/2020,Trump,Biden,"",Minnesota,6,44.87148,53.64676,,.2756101,Blend with regression,10:58:03 27 Oct 2020,40000
2020,President,polls-plus,10/27/2020,Trump,Biden,"",Minnesota,5,45.27481,53.24343,,,Reallocated vote share,10:58:03 27 Oct 2020,40000
2020,President,polls-plus,10/27/2020,Trump,Biden,"",Minnesota,4,2.590858,2.590851,,,Reallocate undecideds and third-party votes,10:58:03 27 Oct 2020,40000
2020,President,polls-plus,10/27/2020,Trump,Biden,"",Minnesota,3,42.68395,50.65258,,,Adjusted polling average,10:58:03 27 Oct 2020,40000
2020,President,polls-plus,10/27/2020,Trump,Biden,"",Minnesota,2,-.0355988,-.040226,,,Adjust for bounces & recent events,10:58:03 27 Oct 2020,40000
2020,President,polls-plus,10/27/2020,Trump,Biden,"",Minnesota,1,42.71955,50.69281,,,Polling average,10:58:03 27 Oct 2020,40000
2020,President,polls-plus,10/27/2020,Trump,Biden,"",Minnesota,10,.078425,.921575,,,Chance of winning,10:58:03 27 Oct 2020,40000
2020,President,polls-plus,10/27/2020,Trump,Biden,"",Michigan,9,45.25071,53.68451,,,Projected vote share,10:58:03 27 Oct 2020,40000
2020,President,polls-plus,10/27/2020,Trump,Biden,"",Michigan,8,48.99278,49.94243,,.0440041,Blend with economic fundamentals,10:58:03 27 Oct 2020,40000
2020,President,polls-plus,10/27/2020,Trump,Biden,"",Michigan,7,45.06886,53.86635,,,Snapshot,10:58:03 27 Oct 2020,40000
2020,President,polls-plus,10/27/2020,Trump,Biden,"",Michigan,6,43.28322,55.65199,,.1321663,Blend with regression,10:58:03 27 Oct 2020,40000
2020,President,polls-plus,10/27/2020,Trump,Biden,"",Michigan,5,45.3408,53.59441,,,Reallocated vote share,10:58:03 27 Oct 2020,40000
2020,President,polls-plus,10/27/2020,Trump,Biden,"",Michigan,4,2.763119,2.763119,,,Reallocate undecideds and third-party votes,10:58:03 27 Oct 2020,40000
2020,President,polls-plus,10/27/2020,Trump,Biden,"",Michigan,3,42.57768,50.8313,,,Adjusted polling average,10:58:03 27 Oct 2020,40000
2020,President,polls-plus,10/27/2020,Trump,Biden,"",Michigan,2,.0091095,-.0120239,,,Adjust for bounces & recent events,10:58:03 27 Oct 2020,40000
2020,President,polls-plus,10/27/2020,Trump,Biden,"",Michigan,1,42.56857,50.84332,,,Polling average,10:58:03 27 Oct 2020,40000
2020,President,polls-plus,10/27/2020,Trump,Biden,"",Michigan,10,.055,.945,,,Chance of winning,10:58:03 27 Oct 2020,40000
2020,President,polls-plus,10/27/2020,Trump,Biden,"",Massachusetts,9,31.69971,66.81898,,,Projected vote share,10:58:03 27 Oct 2020,40000
2020,President,polls-plus,10/27/2020,Trump,Biden,"",Massachusetts,8,35.10193,63.41676,,.0440041,Blend with economic fundamentals,10:58:03 27 Oct 2020,40000
2020,President,polls-plus,10/27/2020,Trump,Biden,"",Massachusetts,7,31.51459,67.0041,,,Snapshot,10:58:03 27 Oct 2020,40000
2020,President,polls-plus,10/27/2020,Trump,Biden,"",Massachusetts,6,32.71885,65.79984,,.3353931,Blend with regression,10:58:03 27 Oct 2020,40000
2020,President,polls-plus,10/27/2020,Trump,Biden,"",Massachusetts,5,30.90685,67.61184,,,Reallocated vote share,10:58:03 27 Oct 2020,40000
2020,President,polls-plus,10/27/2020,Trump,Biden,"",Massachusetts,4,1.652727,1.652733,,,Reallocate undecideds and third-party votes,10:58:03 27 Oct 2020,40000
2020,President,polls-plus,10/27/2020,Trump,Biden,"",Massachusetts,3,29.25413,65.95911,,,Adjusted polling average,10:58:03 27 Oct 2020,40000
2020,President,polls-plus,10/27/2020,Trump,Biden,"",Massachusetts,2,-.0059357,-.1483459,,,Adjust for bounces & recent events,10:58:03 27 Oct 2020,40000
2020,President,polls-plus,10/27/2020,Trump,Biden,"",Massachusetts,1,29.26006,66.10745,,,Polling average,10:58:03 27 Oct 2020,40000
2020,President,polls-plus,10/27/2020,Trump,Biden,"",Massachusetts,10,.000525,.999475,,,Chance of winning,10:58:03 27 Oct 2020,40000
2020,President,polls-plus,10/27/2020,Trump,Biden,"",Maryland,9,34.35332,64.27887,,,Projected vote share,10:58:03 27 Oct 2020,40000
2020,President,polls-plus,10/27/2020,Trump,Biden,"",Maryland,8,37.90549,60.7267,,.0440041,Blend with economic fundamentals,10:58:03 27 Oct 2020,40000
2020,President,polls-plus,10/27/2020,Trump,Biden,"",Maryland,7,34.2111,64.42109,,,Snapshot,10:58:03 27 Oct 2020,40000
2020,President,polls-plus,10/27/2020,Trump,Biden,"",Maryland,6,33.72122,64.91096,,.3149263,Blend with regression,10:58:03 27 Oct 2020,40000
2020,President,polls-plus,10/27/2020,Trump,Biden,"",Maryland,5,34.43629,64.19589,,,Reallocated vote share,10:58:03 27 Oct 2020,40000
2020,President,polls-plus,10/27/2020,Trump,Biden,"",Maryland,4,2.557087,2.557083,,,Reallocate undecideds and third-party votes,10:58:03 27 Oct 2020,40000
2020,President,polls-plus,10/27/2020,Trump,Biden,"",Maryland,3,31.87921,61.63881,,,Adjusted polling average,10:58:03 27 Oct 2020,40000
2020,President,polls-plus,10/27/2020,Trump,Biden,"",Maryland,2,-.1000519,.0897827,,,Adjust for bounces & recent events,10:58:03 27 Oct 2020,40000
2020,President,polls-plus,10/27/2020,Trump,Biden,"",Maryland,1,31.97926,61.54903,,,Polling average,10:58:03 27 Oct 2020,40000
2020,President,polls-plus,10/27/2020,Trump,Biden,"",Maryland,10,.00065,.99935,,,Chance of winning,10:58:03 27 Oct 2020,40000
2020,President,polls-plus,10/27/2020,Trump,Biden,"",Maine,9,43.23565,55.29228,,,Projected vote share,10:58:03 27 Oct 2020,40000
2020,President,polls-plus,10/27/2020,Trump,Biden,"",Maine,8,46.92318,51.60474,,.0440041,Blend with economic fundamentals,10:58:03 27 Oct 2020,40000
2020,President,polls-plus,10/27/2020,Trump,Biden,"",Maine,7,43.09143,55.57422,,,Snapshot,10:58:03 27 Oct 2020,40000
2020,President,polls-plus,10/27/2020,Trump,Biden,"",Maine,6,44.10964,54.55601,,.3464997,Blend with regression,10:58:03 27 Oct 2020,40000
2020,President,polls-plus,10/27/2020,Trump,Biden,"",Maine,5,42.29248,56.37318,,,Reallocated vote share,10:58:03 27 Oct 2020,40000
2020,President,polls-plus,10/27/2020,Trump,Biden,"",Maine,4,2.483242,2.483238,,,Reallocate undecideds and third-party votes,10:58:03 27 Oct 2020,40000
2020,President,polls-plus,10/27/2020,Trump,Biden,"",Maine,3,39.80923,53.88994,,,Adjusted polling average,10:58:03 27 Oct 2020,40000
2020,President,polls-plus,10/27/2020,Trump,Biden,"",Maine,2,-.0154877,.0076103,,,Adjust for bounces & recent events,10:58:03 27 Oct 2020,40000
2020,President,polls-plus,10/27/2020,Trump,Biden,"",Maine,1,39.82472,53.88233,,,Polling average,10:58:03 27 Oct 2020,40000
2020,President,polls-plus,10/27/2020,Trump,Biden,"",Maine,10,.100675,.899325,,,Chance of winning,10:58:03 27 Oct 2020,40000
2020,President,polls-plus,10/27/2020,Trump,Biden,"",ME-2,9,49.11122,49.30656,,,Projected vote share,10:58:03 27 Oct 2020,40000
2020,President,polls-plus,10/27/2020,Trump,Biden,"",ME-2,8,52.82553,45.59226,,.0440041,Blend with economic fundamentals,10:58:03 27 Oct 2020,40000
2020,President,polls-plus,10/27/2020,Trump,Biden,"",ME-2,7,48.91818,49.49961,,,Snapshot,10:58:03 27 Oct 2020,40000
2020,President,polls-plus,10/27/2020,Trump,Biden,"",ME-2,6,50.16352,48.25427,,.425205,Blend with regression,10:58:03 27 Oct 2020,40000
2020,President,polls-plus,10/27/2020,Trump,Biden,"",ME-2,5,48.13947,50.27832,,,Reallocated vote share,10:58:03 27 Oct 2020,40000
2020,President,polls-plus,10/27/2020,Trump,Biden,"",ME-2,4,2.83588,2.837387,,,Reallocate undecideds and third-party votes,10:58:03 27 Oct 2020,40000
2020,President,polls-plus,10/27/2020,Trump,Biden,"",ME-2,3,45.30359,47.44094,,,Adjusted polling average,10:58:03 27 Oct 2020,40000
2020,President,polls-plus,10/27/2020,Trump,Biden,"",ME-2,2,-.0184937,-.010334,,,Adjust for bounces & recent events,10:58:03 27 Oct 2020,40000
2020,President,polls-plus,10/27/2020,Trump,Biden,"",ME-2,1,45.32208,47.45127,,,Polling average,10:58:03 27 Oct 2020,40000
2020,President,polls-plus,10/27/2020,Trump,Biden,"",ME-2,10,.493225,.506775,,,Chance of winning,10:58:03 27 Oct 2020,40000
2020,President,polls-plus,10/27/2020,Trump,Biden,"",ME-1,9,37.92597,60.70144,,,Projected vote share,10:58:03 27 Oct 2020,40000
2020,President,polls-plus,10/27/2020,Trump,Biden,"",ME-1,8,41.51273,57.11468,,.0440041,Blend with economic fundamentals,10:58:03 27 Oct 2020,40000
2020,President,polls-plus,10/27/2020,Trump,Biden,"",ME-1,7,37.71346,60.91396,,,Snapshot,10:58:03 27 Oct 2020,40000
2020,President,polls-plus,10/27/2020,Trump,Biden,"",ME-1,6,38.61053,60.01688,,.4272895,Blend with regression,10:58:03 27 Oct 2020,40000
2020,President,polls-plus,10/27/2020,Trump,Biden,"",ME-1,5,37.18129,61.44612,,,Reallocated vote share,10:58:03 27 Oct 2020,40000
2020,President,polls-plus,10/27/2020,Trump,Biden,"",ME-1,4,2.944,2.959095,,,Reallocate undecideds and third-party votes,10:58:03 27 Oct 2020,40000
2020,President,polls-plus,10/27/2020,Trump,Biden,"",ME-1,3,34.23729,58.48703,,,Adjusted polling average,10:58:03 27 Oct 2020,40000
2020,President,polls-plus,10/27/2020,Trump,Biden,"",ME-1,2,-.0257988,-.0130272,,,Adjust for bounces & recent events,10:58:03 27 Oct 2020,40000
2020,President,polls-plus,10/27/2020,Trump,Biden,"",ME-1,1,34.26309,58.50005,,,Polling average,10:58:03 27 Oct 2020,40000
2020,President,polls-plus,10/27/2020,Trump,Biden,"",ME-1,10,.02285,.97715,,,Chance of winning,10:58:03 27 Oct 2020,40000
2020,President,polls-plus,10/27/2020,Trump,Biden,"",Louisiana,9,57.54294,41.62175,,,Projected vote share,10:58:03 27 Oct 2020,40000
2020,President,polls-plus,10/27/2020,Trump,Biden,"",Louisiana,8,61.20188,37.96281,,.0440041,Blend with economic fundamentals,10:58:03 27 Oct 2020,40000
2020,President,polls-plus,10/27/2020,Trump,Biden,"",Louisiana,7,57.3808,41.78389,,,Snapshot,10:58:03 27 Oct 2020,40000
2020,President,polls-plus,10/27/2020,Trump,Biden,"",Louisiana,6,56.93921,42.22548,,.3474727,Blend with regression,10:58:03 27 Oct 2020,40000
2020,President,polls-plus,10/27/2020,Trump,Biden,"",Louisiana,5,57.61595,41.54874,,,Reallocated vote share,10:58:03 27 Oct 2020,40000
2020,President,polls-plus,10/27/2020,Trump,Biden,"",Louisiana,4,3.216106,3.216106,,,Reallocate undecideds and third-party votes,10:58:03 27 Oct 2020,40000
2020,President,polls-plus,10/27/2020,Trump,Biden,"",Louisiana,3,54.39984,38.33263,,,Adjusted polling average,10:58:03 27 Oct 2020,40000
2020,President,polls-plus,10/27/2020,Trump,Biden,"",Louisiana,2,-.243412,.1276932,,,Adjust for bounces & recent events,10:58:03 27 Oct 2020,40000
2020,President,polls-plus,10/27/2020,Trump,Biden,"",Louisiana,1,54.64325,38.20494,,,Polling average,10:58:03 27 Oct 2020,40000
2020,President,polls-plus,10/27/2020,Trump,Biden,"",Louisiana,10,.9511,.0489,,,Chance of winning,10:58:03 27 Oct 2020,40000
2020,President,polls-plus,10/27/2020,Trump,Biden,"",Kentucky,9,58.99112,39.85435,,,Projected vote share,10:58:03 27 Oct 2020,40000
2020,President,polls-plus,10/27/2020,Trump,Biden,"",Kentucky,8,62.5851,36.26037,,.0440041,Blend with economic fundamentals,10:58:03 27 Oct 2020,40000
2020,President,polls-plus,10/27/2020,Trump,Biden,"",Kentucky,7,58.81931,40.02617,,,Snapshot,10:58:03 27 Oct 2020,40000
2020,President,polls-plus,10/27/2020,Trump,Biden,"",Kentucky,6,60.24758,38.59789,,.3079256,Blend with regression,10:58:03 27 Oct 2020,40000
2020,President,polls-plus,10/27/2020,Trump,Biden,"",Kentucky,5,58.18382,40.66165,,,Reallocated vote share,10:58:03 27 Oct 2020,40000
2020,President,polls-plus,10/27/2020,Trump,Biden,"",Kentucky,4,1.604321,1.604317,,,Reallocate undecideds and third-party votes,10:58:03 27 Oct 2020,40000
2020,President,polls-plus,10/27/2020,Trump,Biden,"",Kentucky,3,56.5795,39.05733,,,Adjusted polling average,10:58:03 27 Oct 2020,40000
2020,President,polls-plus,10/27/2020,Trump,Biden,"",Kentucky,2,-.0733833,.0235481,,,Adjust for bounces & recent events,10:58:03 27 Oct 2020,40000
2020,President,polls-plus,10/27/2020,Trump,Biden,"",Kentucky,1,56.65288,39.03379,,,Polling average,10:58:03 27 Oct 2020,40000
2020,President,polls-plus,10/27/2020,Trump,Biden,"",Kentucky,10,.98665,.01335,,,Chance of winning,10:58:03 27 Oct 2020,40000
2020,President,polls-plus,10/27/2020,Trump,Biden,"",Kansas,9,54.50788,43.71964,,,Projected vote share,10:58:03 27 Oct 2020,40000
2020,President,polls-plus,10/27/2020,Trump,Biden,"",Kansas,8,58.1642,40.06332,,.0440041,Blend with economic fundamentals,10:58:03 27 Oct 2020,40000
2020,President,polls-plus,10/27/2020,Trump,Biden,"",Kansas,7,54.32582,43.9017,,,Snapshot,10:58:03 27 Oct 2020,40000
2020,President,polls-plus,10/27/2020,Trump,Biden,"",Kansas,6,55.87524,42.35228,,.277092,Blend with regression,10:58:03 27 Oct 2020,40000
2020,President,polls-plus,10/27/2020,Trump,Biden,"",Kansas,5,53.73192,44.4956,,,Reallocated vote share,10:58:03 27 Oct 2020,40000
2020,President,polls-plus,10/27/2020,Trump,Biden,"",Kansas,4,2.51997,2.51997,,,Reallocate undecideds and third-party votes,10:58:03 27 Oct 2020,40000
2020,President,polls-plus,10/27/2020,Trump,Biden,"",Kansas,3,51.21195,41.97563,,,Adjusted polling average,10:58:03 27 Oct 2020,40000
2020,President,polls-plus,10/27/2020,Trump,Biden,"",Kansas,2,-.0231209,.0090981,,,Adjust for bounces & recent events,10:58:03 27 Oct 2020,40000
2020,President,polls-plus,10/27/2020,Trump,Biden,"",Kansas,1,51.23507,41.96653,,,Polling average,10:58:03 27 Oct 2020,40000
2020,President,polls-plus,10/27/2020,Trump,Biden,"",Kansas,10,.9598,.0402,,,Chance of winning,10:58:03 27 Oct 2020,40000
2020,President,polls-plus,10/27/2020,Trump,Biden,"",Iowa,9,49.41305,49.30485,,,Projected vote share,10:58:03 27 Oct 2020,40000
2020,President,polls-plus,10/27/2020,Trump,Biden,"",Iowa,8,53.13049,45.5874,,.0440041,Blend with economic fundamentals,10:58:03 27 Oct 2020,40000
2020,President,polls-plus,10/27/2020,Trump,Biden,"",Iowa,7,49.21186,49.50603,,,Snapshot,10:58:03 27 Oct 2020,40000
2020,President,polls-plus,10/27/2020,Trump,Biden,"",Iowa,6,50.83719,47.88071,,.2121146,Blend with regression,10:58:03 27 Oct 2020,40000
2020,President,polls-plus,10/27/2020,Trump,Biden,"",Iowa,5,48.77429,49.9436,,,Reallocated vote share,10:58:03 27 Oct 2020,40000
2020,President,polls-plus,10/27/2020,Trump,Biden,"",Iowa,4,2.464787,2.464783,,,Reallocate undecideds and third-party votes,10:58:03 27 Oct 2020,40000
2020,President,polls-plus,10/27/2020,Trump,Biden,"",Iowa,3,46.30951,47.47882,,,Adjusted polling average,10:58:03 27 Oct 2020,40000
2020,President,polls-plus,10/27/2020,Trump,Biden,"",Iowa,2,.019371,.0049095,,,Adjust for bounces & recent events,10:58:03 27 Oct 2020,40000
2020,President,polls-plus,10/27/2020,Trump,Biden,"",Iowa,1,46.29013,47.47391,,,Polling average,10:58:03 27 Oct 2020,40000
2020,President,polls-plus,10/27/2020,Trump,Biden,"",Iowa,10,.508125,.491875,,,Chance of winning,10:58:03 27 Oct 2020,40000
2020,President,polls-plus,10/27/2020,Trump,Biden,"",Indiana,9,54.14534,44.49266,,,Projected vote share,10:58:03 27 Oct 2020,40000
2020,President,polls-plus,10/27/2020,Trump,Biden,"",Indiana,8,57.83452,40.80348,,.0440041,Blend with economic fundamentals,10:58:03 27 Oct 2020,40000
2020,President,polls-plus,10/27/2020,Trump,Biden,"",Indiana,7,53.96997,44.66803,,,Snapshot,10:58:03 27 Oct 2020,40000
2020,President,polls-plus,10/27/2020,Trump,Biden,"",Indiana,6,54.36242,44.27558,,.3114391,Blend with regression,10:58:03 27 Oct 2020,40000
2020,President,polls-plus,10/27/2020,Trump,Biden,"",Indiana,5,53.79246,44.84554,,,Reallocated vote share,10:58:03 27 Oct 2020,40000
2020,President,polls-plus,10/27/2020,Trump,Biden,"",Indiana,4,3.285496,3.285496,,,Reallocate undecideds and third-party votes,10:58:03 27 Oct 2020,40000
2020,President,polls-plus,10/27/2020,Trump,Biden,"",Indiana,3,50.50697,41.56005,,,Adjusted polling average,10:58:03 27 Oct 2020,40000
2020,President,polls-plus,10/27/2020,Trump,Biden,"",Indiana,2,-.037281,.0255127,,,Adjust for bounces & recent events,10:58:03 27 Oct 2020,40000
2020,President,polls-plus,10/27/2020,Trump,Biden,"",Indiana,1,50.54425,41.53453,,,Polling average,10:58:03 27 Oct 2020,40000
2020,President,polls-plus,10/27/2020,Trump,Biden,"",Indiana,10,.9432,.0568,,,Chance of winning,10:58:03 27 Oct 2020,40000
2020,President,polls-plus,10/27/2020,Trump,Biden,"",Illinois,9,40.25444,58.31309,,,Projected vote share,10:58:03 27 Oct 2020,40000
2020,President,polls-plus,10/27/2020,Trump,Biden,"",Illinois,8,43.93565,54.63189,,.0440041,Blend with economic fundamentals,10:58:03 27 Oct 2020,40000
2020,President,polls-plus,10/27/2020,Trump,Biden,"",Illinois,7,40.08613,58.4814,,,Snapshot,10:58:03 27 Oct 2020,40000
2020,President,polls-plus,10/27/2020,Trump,Biden,"",Illinois,6,37.90319,60.66434,,.356705,Blend with regression,10:58:03 27 Oct 2020,40000
2020,President,polls-plus,10/27/2020,Trump,Biden,"",Illinois,5,41.29656,57.27097,,,Reallocated vote share,10:58:03 27 Oct 2020,40000
2020,President,polls-plus,10/27/2020,Trump,Biden,"",Illinois,4,2.033718,2.033718,,,Reallocate undecideds and third-party votes,10:58:03 27 Oct 2020,40000
2020,President,polls-plus,10/27/2020,Trump,Biden,"",Illinois,3,39.26284,55.23726,,,Adjusted polling average,10:58:03 27 Oct 2020,40000
2020,President,polls-plus,10/27/2020,Trump,Biden,"",Illinois,2,-.0691032,.0381317,,,Adjust for bounces & recent events,10:58:03 27 Oct 2020,40000
2020,President,polls-plus,10/27/2020,Trump,Biden,"",Illinois,1,39.33195,55.19912,,,Polling average,10:58:03 27 Oct 2020,40000
2020,President,polls-plus,10/27/2020,Trump,Biden,"",Illinois,10,.00075,.99925,,,Chance of winning,10:58:03 27 Oct 2020,40000
2020,President,polls-plus,10/27/2020,Trump,Biden,"",Idaho,9,60.12484,37.13976,,,Projected vote share,10:58:03 27 Oct 2020,40000
2020,President,polls-plus,10/27/2020,Trump,Biden,"",Idaho,8,63.58154,33.68306,,.0440041,Blend with economic fundamentals,10:58:03 27 Oct 2020,40000
2020,President,polls-plus,10/27/2020,Trump,Biden,"",Idaho,7,59.94025,37.32435,,,Snapshot,10:58:03 27 Oct 2020,40000
2020,President,polls-plus,10/27/2020,Trump,Biden,"",Idaho,6,62.20726,35.05735,,.4084359,Blend with regression,10:58:03 27 Oct 2020,40000
2020,President,polls-plus,10/27/2020,Trump,Biden,"",Idaho,5,58.37503,38.88957,,,Reallocated vote share,10:58:03 27 Oct 2020,40000
2020,President,polls-plus,10/27/2020,Trump,Biden,"",Idaho,4,1.21413,1.21413,,,Reallocate undecideds and third-party votes,10:58:03 27 Oct 2020,40000
2020,President,polls-plus,10/27/2020,Trump,Biden,"",Idaho,3,57.1609,37.67544,,,Adjusted polling average,10:58:03 27 Oct 2020,40000
2020,President,polls-plus,10/27/2020,Trump,Biden,"",Idaho,2,-.246315,-.0812607,,,Adjust for bounces & recent events,10:58:03 27 Oct 2020,40000
2020,President,polls-plus,10/27/2020,Trump,Biden,"",Idaho,1,57.40722,37.7567,,,Polling average,10:58:03 27 Oct 2020,40000
2020,President,polls-plus,10/27/2020,Trump,Biden,"",Idaho,10,.9945,.0055,,,Chance of winning,10:58:03 27 Oct 2020,40000
2020,President,polls-plus,10/27/2020,Trump,Biden,"",Hawaii,9,31.87517,66.59939,,,Projected vote share,10:58:03 27 Oct 2020,40000
2020,President,polls-plus,10/27/2020,Trump,Biden,"",Hawaii,8,35.28545,63.18911,,.0440041,Blend with economic fundamentals,10:58:03 27 Oct 2020,40000
2020,President,polls-plus,10/27/2020,Trump,Biden,"",Hawaii,7,31.69164,66.78292,,,Snapshot,10:58:03 27 Oct 2020,40000
2020,President,polls-plus,10/27/2020,Trump,Biden,"",Hawaii,6,28.8238,69.65076,,.3879913,Blend with regression,10:58:03 27 Oct 2020,40000
2020,President,polls-plus,10/27/2020,Trump,Biden,"",Hawaii,5,33.50975,64.96481,,,Reallocated vote share,10:58:03 27 Oct 2020,40000
2020,President,polls-plus,10/27/2020,Trump,Biden,"",Hawaii,4,2.367319,2.36731,,,Reallocate undecideds and third-party votes,10:58:03 27 Oct 2020,40000
2020,President,polls-plus,10/27/2020,Trump,Biden,"",Hawaii,3,31.14243,62.5975,,,Adjusted polling average,10:58:03 27 Oct 2020,40000
2020,President,polls-plus,10/27/2020,Trump,Biden,"",Hawaii,2,-.060215,.0027771,,,Adjust for bounces & recent events,10:58:03 27 Oct 2020,40000
2020,President,polls-plus,10/27/2020,Trump,Biden,"",Hawaii,1,31.20264,62.59473,,,Polling average,10:58:03 27 Oct 2020,40000
2020,President,polls-plus,10/27/2020,Trump,Biden,"",Hawaii,10,.00815,.99185,,,Chance of winning,10:58:03 27 Oct 2020,40000
2020,President,polls-plus,10/27/2020,Trump,Biden,"",Georgia,9,49.50957,49.71162,,,Projected vote share,10:58:03 27 Oct 2020,40000
2020,President,polls-plus,10/27/2020,Trump,Biden,"",Georgia,8,53.29866,45.92253,,.0440041,Blend with economic fundamentals,10:58:03 27 Oct 2020,40000
2020,President,polls-plus,10/27/2020,Trump,Biden,"",Georgia,7,49.35959,49.8616,,,Snapshot,10:58:03 27 Oct 2020,40000
2020,President,polls-plus,10/27/2020,Trump,Biden,"",Georgia,6,51.03144,48.18975,,.1684422,Blend with regression,10:58:03 27 Oct 2020,40000
2020,President,polls-plus,10/27/2020,Trump,Biden,"",Georgia,5,49.02094,50.20026,,,Reallocated vote share,10:58:03 27 Oct 2020,40000
2020,President,polls-plus,10/27/2020,Trump,Biden,"",Georgia,4,2.200993,2.200996,,,Reallocate undecideds and third-party votes,10:58:03 27 Oct 2020,40000
2020,President,polls-plus,10/27/2020,Trump,Biden,"",Georgia,3,46.81995,47.99926,,,Adjusted polling average,10:58:03 27 Oct 2020,40000
2020,President,polls-plus,10/27/2020,Trump,Biden,"",Georgia,2,-.0212708,-.0418739,,,Adjust for bounces & recent events,10:58:03 27 Oct 2020,40000
2020,President,polls-plus,10/27/2020,Trump,Biden,"",Georgia,1,46.84122,48.04113,,,Polling average,10:58:03 27 Oct 2020,40000
2020,President,polls-plus,10/27/2020,Trump,Biden,"",Georgia,10,.480525,.519475,,,Chance of winning,10:58:03 27 Oct 2020,40000
2020,President,polls-plus,10/27/2020,Trump,Biden,"",Florida,9,48.44526,50.8088,,,Projected vote share,10:58:03 27 Oct 2020,40000
2020,President,polls-plus,10/27/2020,Trump,Biden,"",Florida,8,52.20338,47.05067,,.0440041,Blend with economic fundamentals,10:58:03 27 Oct 2020,40000
2020,President,polls-plus,10/27/2020,Trump,Biden,"",Florida,7,48.25975,50.99431,,,Snapshot,10:58:03 27 Oct 2020,40000
2020,President,polls-plus,10/27/2020,Trump,Biden,"",Florida,6,47.31264,51.94142,,.1055915,Blend with regression,10:58:03 27 Oct 2020,40000
2020,President,polls-plus,10/27/2020,Trump,Biden,"",Florida,5,48.37156,50.8825,,,Reallocated vote share,10:58:03 27 Oct 2020,40000
2020,President,polls-plus,10/27/2020,Trump,Biden,"",Florida,4,1.758789,1.758793,,,Reallocate undecideds and third-party votes,10:58:03 27 Oct 2020,40000
2020,President,polls-plus,10/27/2020,Trump,Biden,"",Florida,3,46.61277,49.12371,,,Adjusted polling average,10:58:03 27 Oct 2020,40000
2020,President,polls-plus,10/27/2020,Trump,Biden,"",Florida,2,-.0931664,.0075836,,,Adjust for bounces & recent events,10:58:03 27 Oct 2020,40000
2020,President,polls-plus,10/27/2020,Trump,Biden,"",Florida,1,46.70594,49.11612,,,Polling average,10:58:03 27 Oct 2020,40000
2020,President,polls-plus,10/27/2020,Trump,Biden,"",Florida,10,.326975,.673025,,,Chance of winning,10:58:03 27 Oct 2020,40000
2020,President,polls-plus,10/27/2020,Trump,Biden,"",District of Columbia,9,6.930975,89.84792,,,Projected vote share,10:58:03 27 Oct 2020,40000
2020,President,polls-plus,10/27/2020,Trump,Biden,"",District of Columbia,8,8.305025,88.47388,,.0440041,Blend with economic fundamentals,10:58:03 27 Oct 2020,40000
2020,President,polls-plus,10/27/2020,Trump,Biden,"",District of Columbia,7,6.894281,89.88462,,,Snapshot,10:58:03 27 Oct 2020,40000
2020,President,polls-plus,10/27/2020,Trump,Biden,"",District of Columbia,6,5.559445,91.21945,,.6402915,Blend with regression,10:58:03 27 Oct 2020,40000
2020,President,polls-plus,10/27/2020,Trump,Biden,"",District of Columbia,5,9.270327,87.50858,,,Reallocated vote share,10:58:03 27 Oct 2020,40000
2020,President,polls-plus,10/27/2020,Trump,Biden,"",District of Columbia,4,.4458284,.4458313,,,Reallocate undecideds and third-party votes,10:58:03 27 Oct 2020,40000
2020,President,polls-plus,10/27/2020,Trump,Biden,"",District of Columbia,3,8.824498,87.06274,,,Adjusted polling average,10:58:03 27 Oct 2020,40000
2020,President,polls-plus,10/27/2020,Trump,Biden,"",District of Columbia,2,-.0583334,-.0294876,,,Adjust for bounces & recent events,10:58:03 27 Oct 2020,40000
2020,President,polls-plus,10/27/2020,Trump,Biden,"",District of Columbia,1,8.882832,87.09223,,,Polling average,10:58:03 27 Oct 2020,40000
2020,President,polls-plus,10/27/2020,Trump,Biden,"",District of Columbia,10,0,1,,,Chance of winning,10:58:03 27 Oct 2020,40000
2020,President,polls-plus,10/27/2020,Trump,Biden,"",Delaware,9,36.95719,61.85024,,,Projected vote share,10:58:03 27 Oct 2020,40000
2020,President,polls-plus,10/27/2020,Trump,Biden,"",Delaware,8,40.58538,58.22205,,.0440041,Blend with economic fundamentals,10:58:03 27 Oct 2020,40000
2020,President,polls-plus,10/27/2020,Trump,Biden,"",Delaware,7,36.80506,62.00237,,,Snapshot,10:58:03 27 Oct 2020,40000
2020,President,polls-plus,10/27/2020,Trump,Biden,"",Delaware,6,35.42329,63.38414,,.3554481,Blend with regression,10:58:03 27 Oct 2020,40000
2020,President,polls-plus,10/27/2020,Trump,Biden,"",Delaware,5,37.56706,61.24037,,,Reallocated vote share,10:58:03 27 Oct 2020,40000
2020,President,polls-plus,10/27/2020,Trump,Biden,"",Delaware,4,3.068928,3.068932,,,Reallocate undecideds and third-party votes,10:58:03 27 Oct 2020,40000
2020,President,polls-plus,10/27/2020,Trump,Biden,"",Delaware,3,34.49813,58.17144,,,Adjusted polling average,10:58:03 27 Oct 2020,40000
2020,President,polls-plus,10/27/2020,Trump,Biden,"",Delaware,2,.044281,-.189537,,,Adjust for bounces & recent events,10:58:03 27 Oct 2020,40000
2020,President,polls-plus,10/27/2020,Trump,Biden,"",Delaware,1,34.45385,58.36098,,,Polling average,10:58:03 27 Oct 2020,40000
2020,President,polls-plus,10/27/2020,Trump,Biden,"",Delaware,10,.00005,.99995,,,Chance of winning,10:58:03 27 Oct 2020,40000
2020,President,polls-plus,10/27/2020,Trump,Biden,"",Connecticut,9,38.07978,61.09731,,,Projected vote share,10:58:03 27 Oct 2020,40000
2020,President,polls-plus,10/27/2020,Trump,Biden,"",Connecticut,8,41.71455,57.46254,,.0440041,Blend with economic fundamentals,10:58:03 27 Oct 2020,40000
2020,President,polls-plus,10/27/2020,Trump,Biden,"",Connecticut,7,37.89482,61.28226,,,Snapshot,10:58:03 27 Oct 2020,40000
2020,President,polls-plus,10/27/2020,Trump,Biden,"",Connecticut,6,39.36221,59.81488,,.4267771,Blend with regression,10:58:03 27 Oct 2020,40000
2020,President,polls-plus,10/27/2020,Trump,Biden,"",Connecticut,5,36.80232,62.37476,,,Reallocated vote share,10:58:03 27 Oct 2020,40000
2020,President,polls-plus,10/27/2020,Trump,Biden,"",Connecticut,4,3.032627,3.032627,,,Reallocate undecideds and third-party votes,10:58:03 27 Oct 2020,40000
2020,President,polls-plus,10/27/2020,Trump,Biden,"",Connecticut,3,33.7697,59.34213,,,Adjusted polling average,10:58:03 27 Oct 2020,40000
2020,President,polls-plus,10/27/2020,Trump,Biden,"",Connecticut,2,-.0136337,-.0526924,,,Adjust for bounces & recent events,10:58:03 27 Oct 2020,40000
2020,President,polls-plus,10/27/2020,Trump,Biden,"",Connecticut,1,33.78333,59.39482,,,Polling average,10:58:03 27 Oct 2020,40000
2020,President,polls-plus,10/27/2020,Trump,Biden,"",Connecticut,10,.0014,.9986,,,Chance of winning,10:58:03 27 Oct 2020,40000
2020,President,polls-plus,10/27/2020,Trump,Biden,"",Colorado,9,43.04053,55.16011,,,Projected vote share,10:58:03 27 Oct 2020,40000
2020,President,polls-plus,10/27/2020,Trump,Biden,"",Colorado,8,46.72945,51.47119,,.0440041,Blend with economic fundamentals,10:58:03 27 Oct 2020,40000
2020,President,polls-plus,10/27/2020,Trump,Biden,"",Colorado,7,42.8509,55.34975,,,Snapshot,10:58:03 27 Oct 2020,40000
2020,President,polls-plus,10/27/2020,Trump,Biden,"",Colorado,6,44.3386,53.86204,,.2511314,Blend with regression,10:58:03 27 Oct 2020,40000
2020,President,polls-plus,10/27/2020,Trump,Biden,"",Colorado,5,42.352,55.84865,,,Reallocated vote share,10:58:03 27 Oct 2020,40000
2020,President,polls-plus,10/27/2020,Trump,Biden,"",Colorado,4,2.278622,2.278625,,,Reallocate undecideds and third-party votes,10:58:03 27 Oct 2020,40000
2020,President,polls-plus,10/27/2020,Trump,Biden,"",Colorado,3,40.07338,53.57002,,,Adjusted polling average,10:58:03 27 Oct 2020,40000
2020,President,polls-plus,10/27/2020,Trump,Biden,"",Colorado,2,-.0301819,-.0633392,,,Adjust for bounces & recent events,10:58:03 27 Oct 2020,40000
2020,President,polls-plus,10/27/2020,Trump,Biden,"",Colorado,1,40.10356,53.63336,,,Polling average,10:58:03 27 Oct 2020,40000
2020,President,polls-plus,10/27/2020,Trump,Biden,"",Colorado,10,.034575,.965425,,,Chance of winning,10:58:03 27 Oct 2020,40000
2020,President,polls-plus,10/27/2020,Trump,Biden,"",California,9,34.09294,64.02263,,,Projected vote share,10:58:03 27 Oct 2020,40000
2020,President,polls-plus,10/27/2020,Trump,Biden,"",California,8,37.60741,60.50816,,.0440041,Blend with economic fundamentals,10:58:03 27 Oct 2020,40000
2020,President,polls-plus,10/27/2020,Trump,Biden,"",California,7,33.93574,64.17983,,,Snapshot,10:58:03 27 Oct 2020,40000
2020,President,polls-plus,10/27/2020,Trump,Biden,"",California,6,32.98692,65.12865,,.2656373,Blend with regression,10:58:03 27 Oct 2020,40000
2020,President,polls-plus,10/27/2020,Trump,Biden,"",California,5,34.27895,63.83662,,,Reallocated vote share,10:58:03 27 Oct 2020,40000
2020,President,polls-plus,10/27/2020,Trump,Biden,"",California,4,2.561214,2.561218,,,Reallocate undecideds and third-party votes,10:58:03 27 Oct 2020,40000
2020,President,polls-plus,10/27/2020,Trump,Biden,"",California,3,31.71774,61.2754,,,Adjusted polling average,10:58:03 27 Oct 2020,40000
2020,President,polls-plus,10/27/2020,Trump,Biden,"",California,2,-.0334377,-.0206604,,,Adjust for bounces & recent events,10:58:03 27 Oct 2020,40000
2020,President,polls-plus,10/27/2020,Trump,Biden,"",California,1,31.75118,61.29606,,,Polling average,10:58:03 27 Oct 2020,40000
2020,President,polls-plus,10/27/2020,Trump,Biden,"",California,10,.00155,.99845,,,Chance of winning,10:58:03 27 Oct 2020,40000
2020,President,polls-plus,10/27/2020,Trump,Biden,"",Arkansas,9,59.58144,38.87106,,,Projected vote share,10:58:03 27 Oct 2020,40000
2020,President,polls-plus,10/27/2020,Trump,Biden,"",Arkansas,8,63.13408,35.31842,,.0440041,Blend with economic fundamentals,10:58:03 27 Oct 2020,40000
2020,President,polls-plus,10/27/2020,Trump,Biden,"",Arkansas,7,59.40756,39.04494,,,Snapshot,10:58:03 27 Oct 2020,40000
2020,President,polls-plus,10/27/2020,Trump,Biden,"",Arkansas,6,60.25,38.2025,,.3978421,Blend with regression,10:58:03 27 Oct 2020,40000
2020,President,polls-plus,10/27/2020,Trump,Biden,"",Arkansas,5,58.85097,39.60153,,,Reallocated vote share,10:58:03 27 Oct 2020,40000
2020,President,polls-plus,10/27/2020,Trump,Biden,"",Arkansas,4,2.278423,2.278427,,,Reallocate undecideds and third-party votes,10:58:03 27 Oct 2020,40000
2020,President,polls-plus,10/27/2020,Trump,Biden,"",Arkansas,3,56.57254,37.3231,,,Adjusted polling average,10:58:03 27 Oct 2020,40000
2020,President,polls-plus,10/27/2020,Trump,Biden,"",Arkansas,2,-.1452293,.0817719,,,Adjust for bounces & recent events,10:58:03 27 Oct 2020,40000
2020,President,polls-plus,10/27/2020,Trump,Biden,"",Arkansas,1,56.71777,37.24133,,,Polling average,10:58:03 27 Oct 2020,40000
2020,President,polls-plus,10/27/2020,Trump,Biden,"",Arkansas,10,.985175,.014825,,,Chance of winning,10:58:03 27 Oct 2020,40000
2020,President,polls-plus,10/27/2020,Trump,Biden,"",Arizona,9,48.14249,50.59124,,,Projected vote share,10:58:03 27 Oct 2020,40000
2020,President,polls-plus,10/27/2020,Trump,Biden,"",Arizona,8,51.87659,46.85714,,.0440041,Blend with economic fundamentals,10:58:03 27 Oct 2020,40000
2020,President,polls-plus,10/27/2020,Trump,Biden,"",Arizona,7,47.95356,50.78017,,,Snapshot,10:58:03 27 Oct 2020,40000
2020,President,polls-plus,10/27/2020,Trump,Biden,"",Arizona,6,48.11349,50.62024,,.1912506,Blend with regression,10:58:03 27 Oct 2020,40000
2020,President,polls-plus,10/27/2020,Trump,Biden,"",Arizona,5,47.91574,50.81799,,,Reallocated vote share,10:58:03 27 Oct 2020,40000
2020,President,polls-plus,10/27/2020,Trump,Biden,"",Arizona,4,2.07412,2.074123,,,Reallocate undecideds and third-party votes,10:58:03 27 Oct 2020,40000
2020,President,polls-plus,10/27/2020,Trump,Biden,"",Arizona,3,45.84162,48.74387,,,Adjusted polling average,10:58:03 27 Oct 2020,40000
2020,President,polls-plus,10/27/2020,Trump,Biden,"",Arizona,2,-.0391541,.0080185,,,Adjust for bounces & recent events,10:58:03 27 Oct 2020,40000
2020,President,polls-plus,10/27/2020,Trump,Biden,"",Arizona,1,45.88078,48.73585,,,Polling average,10:58:03 27 Oct 2020,40000
2020,President,polls-plus,10/27/2020,Trump,Biden,"",Arizona,10,.3397,.6603,,,Chance of winning,10:58:03 27 Oct 2020,40000
2020,President,polls-plus,10/27/2020,Trump,Biden,"",Alaska,9,52.74296,44.93994,,,Projected vote share,10:58:03 27 Oct 2020,40000
2020,President,polls-plus,10/27/2020,Trump,Biden,"",Alaska,8,56.39714,41.28576,,.0440041,Blend with economic fundamentals,10:58:03 27 Oct 2020,40000
2020,President,polls-plus,10/27/2020,Trump,Biden,"",Alaska,7,52.5562,45.1267,,,Snapshot,10:58:03 27 Oct 2020,40000
2020,President,polls-plus,10/27/2020,Trump,Biden,"",Alaska,6,53.61148,44.07142,,.3458766,Blend with regression,10:58:03 27 Oct 2020,40000
2020,President,polls-plus,10/27/2020,Trump,Biden,"",Alaska,5,51.99821,45.68469,,,Reallocated vote share,10:58:03 27 Oct 2020,40000
2020,President,polls-plus,10/27/2020,Trump,Biden,"",Alaska,4,2.369072,2.369076,,,Reallocate undecideds and third-party votes,10:58:03 27 Oct 2020,40000
2020,President,polls-plus,10/27/2020,Trump,Biden,"",Alaska,3,49.62914,43.31562,,,Adjusted polling average,10:58:03 27 Oct 2020,40000
2020,President,polls-plus,10/27/2020,Trump,Biden,"",Alaska,2,-.0416031,.0097733,,,Adjust for bounces & recent events,10:58:03 27 Oct 2020,40000
2020,President,polls-plus,10/27/2020,Trump,Biden,"",Alaska,1,49.67074,43.30584,,,Polling average,10:58:03 27 Oct 2020,40000
2020,President,polls-plus,10/27/2020,Trump,Biden,"",Alaska,10,.8204,.1796,,,Chance of winning,10:58:03 27 Oct 2020,40000
2020,President,polls-plus,10/27/2020,Trump,Biden,"",Alabama,9,59.29602,39.91217,,,Projected vote share,10:58:03 27 Oct 2020,40000
2020,President,polls-plus,10/27/2020,Trump,Biden,"",Alabama,8,62.93156,36.27663,,.0440041,Blend with economic fundamentals,10:58:03 27 Oct 2020,40000
2020,President,polls-plus,10/27/2020,Trump,Biden,"",Alabama,7,59.15539,40.0528,,,Snapshot,10:58:03 27 Oct 2020,40000
2020,President,polls-plus,10/27/2020,Trump,Biden,"",Alabama,6,59.95066,39.25753,,.3667999,Blend with regression,10:58:03 27 Oct 2020,40000
2020,President,polls-plus,10/27/2020,Trump,Biden,"",Alabama,5,58.69471,40.51348,,,Reallocated vote share,10:58:03 27 Oct 2020,40000
2020,President,polls-plus,10/27/2020,Trump,Biden,"",Alabama,4,2.031246,2.03125,,,Reallocate undecideds and third-party votes,10:58:03 27 Oct 2020,40000
2020,President,polls-plus,10/27/2020,Trump,Biden,"",Alabama,3,56.66346,38.48223,,,Adjusted polling average,10:58:03 27 Oct 2020,40000
2020,President,polls-plus,10/27/2020,Trump,Biden,"",Alabama,2,-.0264702,.0039368,,,Adjust for bounces & recent events,10:58:03 27 Oct 2020,40000
2020,President,polls-plus,10/27/2020,Trump,Biden,"",Alabama,1,56.68993,38.4783,,,Polling average,10:58:03 27 Oct 2020,40000
2020,President,polls-plus,10/27/2020,Trump,Biden,"",Alabama,10,.9803,.0197,,,Chance of winning,10:58:03 27 Oct 2020,40000
