cycle,branch,model,modeldate,candidate_inc,candidate_chal,candidate_3rd,evprob_inc,evprob_chal,evprob_3rd,total_ev,timestamp,simulations
2020,President,polls-plus,10/27/2020,Trump,Biden,"",.001475,0,,99,10:58:03 27 Oct 2020,40000
2020,President,polls-plus,10/27/2020,Trump,Biden,"",.00195,.000025,,98,10:58:03 27 Oct 2020,40000
2020,President,polls-plus,10/27/2020,Trump,Biden,"",.00165,0,,97,10:58:03 27 Oct 2020,40000
2020,President,polls-plus,10/27/2020,Trump,Biden,"",.001125,0,,96,10:58:03 27 Oct 2020,40000
2020,President,polls-plus,10/27/2020,Trump,Biden,"",.001275,0,,95,10:58:03 27 Oct 2020,40000
2020,President,polls-plus,10/27/2020,Trump,Biden,"",.001375,0,,94,10:58:03 27 Oct 2020,40000
2020,President,polls-plus,10/27/2020,Trump,Biden,"",.001275,0,,93,10:58:03 27 Oct 2020,40000
2020,President,polls-plus,10/27/2020,Trump,Biden,"",.0018,0,,92,10:58:03 27 Oct 2020,40000
2020,President,polls-plus,10/27/2020,Trump,Biden,"",.00125,.000025,,91,10:58:03 27 Oct 2020,40000
2020,President,polls-plus,10/27/2020,Trump,Biden,"",.000525,0,,90,10:58:03 27 Oct 2020,40000
2020,President,polls-plus,10/27/2020,Trump,Biden,"",.000075,0,,9,10:58:03 27 Oct 2020,40000
2020,President,polls-plus,10/27/2020,Trump,Biden,"",.0022,0,,89,10:58:03 27 Oct 2020,40000
2020,President,polls-plus,10/27/2020,Trump,Biden,"",.00135,0,,88,10:58:03 27 Oct 2020,40000
2020,President,polls-plus,10/27/2020,Trump,Biden,"",.001,0,,87,10:58:03 27 Oct 2020,40000
2020,President,polls-plus,10/27/2020,Trump,Biden,"",.001425,0,,86,10:58:03 27 Oct 2020,40000
2020,President,polls-plus,10/27/2020,Trump,Biden,"",.001125,0,,85,10:58:03 27 Oct 2020,40000
2020,President,polls-plus,10/27/2020,Trump,Biden,"",.0004,0,,84,10:58:03 27 Oct 2020,40000
2020,President,polls-plus,10/27/2020,Trump,Biden,"",.001625,0,,83,10:58:03 27 Oct 2020,40000
2020,President,polls-plus,10/27/2020,Trump,Biden,"",.001425,0,,82,10:58:03 27 Oct 2020,40000
2020,President,polls-plus,10/27/2020,Trump,Biden,"",.0008,0,,81,10:58:03 27 Oct 2020,40000
2020,President,polls-plus,10/27/2020,Trump,Biden,"",.00085,0,,80,10:58:03 27 Oct 2020,40000
2020,President,polls-plus,10/27/2020,Trump,Biden,"",.000125,0,,8,10:58:03 27 Oct 2020,40000
2020,President,polls-plus,10/27/2020,Trump,Biden,"",.000825,0,,79,10:58:03 27 Oct 2020,40000
2020,President,polls-plus,10/27/2020,Trump,Biden,"",.0011,0,,78,10:58:03 27 Oct 2020,40000
2020,President,polls-plus,10/27/2020,Trump,Biden,"",.000925,0,,77,10:58:03 27 Oct 2020,40000
2020,President,polls-plus,10/27/2020,Trump,Biden,"",.0008,0,,76,10:58:03 27 Oct 2020,40000
2020,President,polls-plus,10/27/2020,Trump,Biden,"",.000525,0,,75,10:58:03 27 Oct 2020,40000
2020,President,polls-plus,10/27/2020,Trump,Biden,"",.000525,0,,74,10:58:03 27 Oct 2020,40000
2020,President,polls-plus,10/27/2020,Trump,Biden,"",.000675,0,,73,10:58:03 27 Oct 2020,40000
2020,President,polls-plus,10/27/2020,Trump,Biden,"",.00065,0,,72,10:58:03 27 Oct 2020,40000
2020,President,polls-plus,10/27/2020,Trump,Biden,"",.000675,0,,71,10:58:03 27 Oct 2020,40000
2020,President,polls-plus,10/27/2020,Trump,Biden,"",.000575,0,,70,10:58:03 27 Oct 2020,40000
2020,President,polls-plus,10/27/2020,Trump,Biden,"",.000125,0,,7,10:58:03 27 Oct 2020,40000
2020,President,polls-plus,10/27/2020,Trump,Biden,"",.000875,0,,69,10:58:03 27 Oct 2020,40000
2020,President,polls-plus,10/27/2020,Trump,Biden,"",.0005,0,,68,10:58:03 27 Oct 2020,40000
2020,President,polls-plus,10/27/2020,Trump,Biden,"",.00055,0,,67,10:58:03 27 Oct 2020,40000
2020,President,polls-plus,10/27/2020,Trump,Biden,"",.000575,0,,66,10:58:03 27 Oct 2020,40000
2020,President,polls-plus,10/27/2020,Trump,Biden,"",.000475,0,,65,10:58:03 27 Oct 2020,40000
2020,President,polls-plus,10/27/2020,Trump,Biden,"",.00045,.000025,,64,10:58:03 27 Oct 2020,40000
2020,President,polls-plus,10/27/2020,Trump,Biden,"",.000575,0,,63,10:58:03 27 Oct 2020,40000
2020,President,polls-plus,10/27/2020,Trump,Biden,"",.00035,0,,62,10:58:03 27 Oct 2020,40000
2020,President,polls-plus,10/27/2020,Trump,Biden,"",.0004,0,,61,10:58:03 27 Oct 2020,40000
2020,President,polls-plus,10/27/2020,Trump,Biden,"",.000475,0,,60,10:58:03 27 Oct 2020,40000
2020,President,polls-plus,10/27/2020,Trump,Biden,"",.000175,0,,6,10:58:03 27 Oct 2020,40000
2020,President,polls-plus,10/27/2020,Trump,Biden,"",.000375,0,,59,10:58:03 27 Oct 2020,40000
2020,President,polls-plus,10/27/2020,Trump,Biden,"",.00065,0,,58,10:58:03 27 Oct 2020,40000
2020,President,polls-plus,10/27/2020,Trump,Biden,"",.00045,0,,57,10:58:03 27 Oct 2020,40000
2020,President,polls-plus,10/27/2020,Trump,Biden,"",.00025,0,,56,10:58:03 27 Oct 2020,40000
2020,President,polls-plus,10/27/2020,Trump,Biden,"",.000325,0,,55,10:58:03 27 Oct 2020,40000
2020,President,polls-plus,10/27/2020,Trump,Biden,"",.00055,0,,54,10:58:03 27 Oct 2020,40000
2020,President,polls-plus,10/27/2020,Trump,Biden,"",0,0,,538,10:58:03 27 Oct 2020,40000
2020,President,polls-plus,10/27/2020,Trump,Biden,"",0,.000125,,537,10:58:03 27 Oct 2020,40000
2020,President,polls-plus,10/27/2020,Trump,Biden,"",0,0,,536,10:58:03 27 Oct 2020,40000
2020,President,polls-plus,10/27/2020,Trump,Biden,"",0,.00005,,535,10:58:03 27 Oct 2020,40000
2020,President,polls-plus,10/27/2020,Trump,Biden,"",0,.000425,,534,10:58:03 27 Oct 2020,40000
2020,President,polls-plus,10/27/2020,Trump,Biden,"",0,.000025,,533,10:58:03 27 Oct 2020,40000
2020,President,polls-plus,10/27/2020,Trump,Biden,"",0,.000175,,532,10:58:03 27 Oct 2020,40000
2020,President,polls-plus,10/27/2020,Trump,Biden,"",0,.000125,,531,10:58:03 27 Oct 2020,40000
2020,President,polls-plus,10/27/2020,Trump,Biden,"",0,.000125,,530,10:58:03 27 Oct 2020,40000
2020,President,polls-plus,10/27/2020,Trump,Biden,"",.0002,0,,53,10:58:03 27 Oct 2020,40000
2020,President,polls-plus,10/27/2020,Trump,Biden,"",0,.000075,,529,10:58:03 27 Oct 2020,40000
2020,President,polls-plus,10/27/2020,Trump,Biden,"",0,.000175,,528,10:58:03 27 Oct 2020,40000
2020,President,polls-plus,10/27/2020,Trump,Biden,"",0,.000075,,527,10:58:03 27 Oct 2020,40000
2020,President,polls-plus,10/27/2020,Trump,Biden,"",0,.000075,,526,10:58:03 27 Oct 2020,40000
2020,President,polls-plus,10/27/2020,Trump,Biden,"",0,.00005,,525,10:58:03 27 Oct 2020,40000
2020,President,polls-plus,10/27/2020,Trump,Biden,"",0,.0001,,524,10:58:03 27 Oct 2020,40000
2020,President,polls-plus,10/27/2020,Trump,Biden,"",0,.000125,,523,10:58:03 27 Oct 2020,40000
2020,President,polls-plus,10/27/2020,Trump,Biden,"",0,.000125,,522,10:58:03 27 Oct 2020,40000
2020,President,polls-plus,10/27/2020,Trump,Biden,"",0,.00015,,521,10:58:03 27 Oct 2020,40000
2020,President,polls-plus,10/27/2020,Trump,Biden,"",0,.00005,,520,10:58:03 27 Oct 2020,40000
2020,President,polls-plus,10/27/2020,Trump,Biden,"",.000275,0,,52,10:58:03 27 Oct 2020,40000
2020,President,polls-plus,10/27/2020,Trump,Biden,"",0,.000125,,519,10:58:03 27 Oct 2020,40000
2020,President,polls-plus,10/27/2020,Trump,Biden,"",0,.000075,,518,10:58:03 27 Oct 2020,40000
2020,President,polls-plus,10/27/2020,Trump,Biden,"",0,.0001,,517,10:58:03 27 Oct 2020,40000
2020,President,polls-plus,10/27/2020,Trump,Biden,"",0,.0001,,516,10:58:03 27 Oct 2020,40000
2020,President,polls-plus,10/27/2020,Trump,Biden,"",0,.000225,,515,10:58:03 27 Oct 2020,40000
2020,President,polls-plus,10/27/2020,Trump,Biden,"",0,.0001,,514,10:58:03 27 Oct 2020,40000
2020,President,polls-plus,10/27/2020,Trump,Biden,"",0,.00015,,513,10:58:03 27 Oct 2020,40000
2020,President,polls-plus,10/27/2020,Trump,Biden,"",0,.000225,,512,10:58:03 27 Oct 2020,40000
2020,President,polls-plus,10/27/2020,Trump,Biden,"",0,.0001,,511,10:58:03 27 Oct 2020,40000
2020,President,polls-plus,10/27/2020,Trump,Biden,"",0,.000075,,510,10:58:03 27 Oct 2020,40000
2020,President,polls-plus,10/27/2020,Trump,Biden,"",.000225,0,,51,10:58:03 27 Oct 2020,40000
2020,President,polls-plus,10/27/2020,Trump,Biden,"",0,.000125,,509,10:58:03 27 Oct 2020,40000
2020,President,polls-plus,10/27/2020,Trump,Biden,"",0,.0001,,508,10:58:03 27 Oct 2020,40000
2020,President,polls-plus,10/27/2020,Trump,Biden,"",0,.00005,,507,10:58:03 27 Oct 2020,40000
2020,President,polls-plus,10/27/2020,Trump,Biden,"",0,.0002,,506,10:58:03 27 Oct 2020,40000
2020,President,polls-plus,10/27/2020,Trump,Biden,"",0,.00025,,505,10:58:03 27 Oct 2020,40000
2020,President,polls-plus,10/27/2020,Trump,Biden,"",0,.000175,,504,10:58:03 27 Oct 2020,40000
2020,President,polls-plus,10/27/2020,Trump,Biden,"",0,.0003,,503,10:58:03 27 Oct 2020,40000
2020,President,polls-plus,10/27/2020,Trump,Biden,"",0,.00015,,502,10:58:03 27 Oct 2020,40000
2020,President,polls-plus,10/27/2020,Trump,Biden,"",0,.00025,,501,10:58:03 27 Oct 2020,40000
2020,President,polls-plus,10/27/2020,Trump,Biden,"",0,.000275,,500,10:58:03 27 Oct 2020,40000
2020,President,polls-plus,10/27/2020,Trump,Biden,"",.000225,0,,50,10:58:03 27 Oct 2020,40000
2020,President,polls-plus,10/27/2020,Trump,Biden,"",.000025,0,,5,10:58:03 27 Oct 2020,40000
2020,President,polls-plus,10/27/2020,Trump,Biden,"",0,.00015,,499,10:58:03 27 Oct 2020,40000
2020,President,polls-plus,10/27/2020,Trump,Biden,"",0,.00025,,498,10:58:03 27 Oct 2020,40000
2020,President,polls-plus,10/27/2020,Trump,Biden,"",0,.000125,,497,10:58:03 27 Oct 2020,40000
2020,President,polls-plus,10/27/2020,Trump,Biden,"",0,.0003,,496,10:58:03 27 Oct 2020,40000
2020,President,polls-plus,10/27/2020,Trump,Biden,"",0,.00025,,495,10:58:03 27 Oct 2020,40000
2020,President,polls-plus,10/27/2020,Trump,Biden,"",0,.0002,,494,10:58:03 27 Oct 2020,40000
2020,President,polls-plus,10/27/2020,Trump,Biden,"",0,.00035,,493,10:58:03 27 Oct 2020,40000
2020,President,polls-plus,10/27/2020,Trump,Biden,"",0,.000225,,492,10:58:03 27 Oct 2020,40000
2020,President,polls-plus,10/27/2020,Trump,Biden,"",0,.00005,,491,10:58:03 27 Oct 2020,40000
2020,President,polls-plus,10/27/2020,Trump,Biden,"",0,.000425,,490,10:58:03 27 Oct 2020,40000
2020,President,polls-plus,10/27/2020,Trump,Biden,"",.00035,0,,49,10:58:03 27 Oct 2020,40000
2020,President,polls-plus,10/27/2020,Trump,Biden,"",0,.00035,,489,10:58:03 27 Oct 2020,40000
2020,President,polls-plus,10/27/2020,Trump,Biden,"",0,.000225,,488,10:58:03 27 Oct 2020,40000
2020,President,polls-plus,10/27/2020,Trump,Biden,"",0,.000225,,487,10:58:03 27 Oct 2020,40000
2020,President,polls-plus,10/27/2020,Trump,Biden,"",0,.000275,,486,10:58:03 27 Oct 2020,40000
2020,President,polls-plus,10/27/2020,Trump,Biden,"",0,.0002,,485,10:58:03 27 Oct 2020,40000
2020,President,polls-plus,10/27/2020,Trump,Biden,"",0,.00055,,484,10:58:03 27 Oct 2020,40000
2020,President,polls-plus,10/27/2020,Trump,Biden,"",0,.000325,,483,10:58:03 27 Oct 2020,40000
2020,President,polls-plus,10/27/2020,Trump,Biden,"",0,.00025,,482,10:58:03 27 Oct 2020,40000
2020,President,polls-plus,10/27/2020,Trump,Biden,"",0,.00045,,481,10:58:03 27 Oct 2020,40000
2020,President,polls-plus,10/27/2020,Trump,Biden,"",0,.00065,,480,10:58:03 27 Oct 2020,40000
2020,President,polls-plus,10/27/2020,Trump,Biden,"",.000425,0,,48,10:58:03 27 Oct 2020,40000
2020,President,polls-plus,10/27/2020,Trump,Biden,"",0,.000375,,479,10:58:03 27 Oct 2020,40000
2020,President,polls-plus,10/27/2020,Trump,Biden,"",0,.000475,,478,10:58:03 27 Oct 2020,40000
2020,President,polls-plus,10/27/2020,Trump,Biden,"",0,.0004,,477,10:58:03 27 Oct 2020,40000
2020,President,polls-plus,10/27/2020,Trump,Biden,"",0,.00035,,476,10:58:03 27 Oct 2020,40000
2020,President,polls-plus,10/27/2020,Trump,Biden,"",0,.000575,,475,10:58:03 27 Oct 2020,40000
2020,President,polls-plus,10/27/2020,Trump,Biden,"",.000025,.00045,,474,10:58:03 27 Oct 2020,40000
2020,President,polls-plus,10/27/2020,Trump,Biden,"",0,.000475,,473,10:58:03 27 Oct 2020,40000
2020,President,polls-plus,10/27/2020,Trump,Biden,"",0,.000575,,472,10:58:03 27 Oct 2020,40000
2020,President,polls-plus,10/27/2020,Trump,Biden,"",0,.00055,,471,10:58:03 27 Oct 2020,40000
2020,President,polls-plus,10/27/2020,Trump,Biden,"",0,.0005,,470,10:58:03 27 Oct 2020,40000
2020,President,polls-plus,10/27/2020,Trump,Biden,"",.00005,0,,47,10:58:03 27 Oct 2020,40000
2020,President,polls-plus,10/27/2020,Trump,Biden,"",0,.000875,,469,10:58:03 27 Oct 2020,40000
2020,President,polls-plus,10/27/2020,Trump,Biden,"",0,.000575,,468,10:58:03 27 Oct 2020,40000
2020,President,polls-plus,10/27/2020,Trump,Biden,"",0,.000675,,467,10:58:03 27 Oct 2020,40000
2020,President,polls-plus,10/27/2020,Trump,Biden,"",0,.00065,,466,10:58:03 27 Oct 2020,40000
2020,President,polls-plus,10/27/2020,Trump,Biden,"",0,.000675,,465,10:58:03 27 Oct 2020,40000
2020,President,polls-plus,10/27/2020,Trump,Biden,"",0,.000525,,464,10:58:03 27 Oct 2020,40000
2020,President,polls-plus,10/27/2020,Trump,Biden,"",0,.000525,,463,10:58:03 27 Oct 2020,40000
2020,President,polls-plus,10/27/2020,Trump,Biden,"",0,.0008,,462,10:58:03 27 Oct 2020,40000
2020,President,polls-plus,10/27/2020,Trump,Biden,"",0,.000925,,461,10:58:03 27 Oct 2020,40000
2020,President,polls-plus,10/27/2020,Trump,Biden,"",0,.0011,,460,10:58:03 27 Oct 2020,40000
2020,President,polls-plus,10/27/2020,Trump,Biden,"",.000225,0,,46,10:58:03 27 Oct 2020,40000
2020,President,polls-plus,10/27/2020,Trump,Biden,"",0,.000825,,459,10:58:03 27 Oct 2020,40000
2020,President,polls-plus,10/27/2020,Trump,Biden,"",0,.00085,,458,10:58:03 27 Oct 2020,40000
2020,President,polls-plus,10/27/2020,Trump,Biden,"",0,.0008,,457,10:58:03 27 Oct 2020,40000
2020,President,polls-plus,10/27/2020,Trump,Biden,"",0,.001425,,456,10:58:03 27 Oct 2020,40000
2020,President,polls-plus,10/27/2020,Trump,Biden,"",0,.001625,,455,10:58:03 27 Oct 2020,40000
2020,President,polls-plus,10/27/2020,Trump,Biden,"",0,.0004,,454,10:58:03 27 Oct 2020,40000
2020,President,polls-plus,10/27/2020,Trump,Biden,"",0,.001125,,453,10:58:03 27 Oct 2020,40000
2020,President,polls-plus,10/27/2020,Trump,Biden,"",0,.001425,,452,10:58:03 27 Oct 2020,40000
2020,President,polls-plus,10/27/2020,Trump,Biden,"",0,.001,,451,10:58:03 27 Oct 2020,40000
2020,President,polls-plus,10/27/2020,Trump,Biden,"",0,.00135,,450,10:58:03 27 Oct 2020,40000
2020,President,polls-plus,10/27/2020,Trump,Biden,"",.00035,0,,45,10:58:03 27 Oct 2020,40000
2020,President,polls-plus,10/27/2020,Trump,Biden,"",0,.0022,,449,10:58:03 27 Oct 2020,40000
2020,President,polls-plus,10/27/2020,Trump,Biden,"",0,.000525,,448,10:58:03 27 Oct 2020,40000
2020,President,polls-plus,10/27/2020,Trump,Biden,"",.000025,.00125,,447,10:58:03 27 Oct 2020,40000
2020,President,polls-plus,10/27/2020,Trump,Biden,"",0,.0018,,446,10:58:03 27 Oct 2020,40000
2020,President,polls-plus,10/27/2020,Trump,Biden,"",0,.001275,,445,10:58:03 27 Oct 2020,40000
2020,President,polls-plus,10/27/2020,Trump,Biden,"",0,.001375,,444,10:58:03 27 Oct 2020,40000
2020,President,polls-plus,10/27/2020,Trump,Biden,"",0,.001275,,443,10:58:03 27 Oct 2020,40000
2020,President,polls-plus,10/27/2020,Trump,Biden,"",0,.001125,,442,10:58:03 27 Oct 2020,40000
2020,President,polls-plus,10/27/2020,Trump,Biden,"",0,.00165,,441,10:58:03 27 Oct 2020,40000
2020,President,polls-plus,10/27/2020,Trump,Biden,"",.000025,.00195,,440,10:58:03 27 Oct 2020,40000
2020,President,polls-plus,10/27/2020,Trump,Biden,"",.0002,0,,44,10:58:03 27 Oct 2020,40000
2020,President,polls-plus,10/27/2020,Trump,Biden,"",0,.001475,,439,10:58:03 27 Oct 2020,40000
2020,President,polls-plus,10/27/2020,Trump,Biden,"",0,.0021,,438,10:58:03 27 Oct 2020,40000
2020,President,polls-plus,10/27/2020,Trump,Biden,"",0,.001875,,437,10:58:03 27 Oct 2020,40000
2020,President,polls-plus,10/27/2020,Trump,Biden,"",0,.0021,,436,10:58:03 27 Oct 2020,40000
2020,President,polls-plus,10/27/2020,Trump,Biden,"",0,.002525,,435,10:58:03 27 Oct 2020,40000
2020,President,polls-plus,10/27/2020,Trump,Biden,"",.000025,.002025,,434,10:58:03 27 Oct 2020,40000
2020,President,polls-plus,10/27/2020,Trump,Biden,"",0,.0017,,433,10:58:03 27 Oct 2020,40000
2020,President,polls-plus,10/27/2020,Trump,Biden,"",0,.00245,,432,10:58:03 27 Oct 2020,40000
2020,President,polls-plus,10/27/2020,Trump,Biden,"",.000025,.002425,,431,10:58:03 27 Oct 2020,40000
2020,President,polls-plus,10/27/2020,Trump,Biden,"",0,.00275,,430,10:58:03 27 Oct 2020,40000
2020,President,polls-plus,10/27/2020,Trump,Biden,"",.00025,0,,43,10:58:03 27 Oct 2020,40000
2020,President,polls-plus,10/27/2020,Trump,Biden,"",0,.002175,,429,10:58:03 27 Oct 2020,40000
2020,President,polls-plus,10/27/2020,Trump,Biden,"",0,.0033,,428,10:58:03 27 Oct 2020,40000
2020,President,polls-plus,10/27/2020,Trump,Biden,"",0,.002675,,427,10:58:03 27 Oct 2020,40000
2020,President,polls-plus,10/27/2020,Trump,Biden,"",0,.00295,,426,10:58:03 27 Oct 2020,40000
2020,President,polls-plus,10/27/2020,Trump,Biden,"",0,.0046,,425,10:58:03 27 Oct 2020,40000
2020,President,polls-plus,10/27/2020,Trump,Biden,"",0,.002425,,424,10:58:03 27 Oct 2020,40000
2020,President,polls-plus,10/27/2020,Trump,Biden,"",0,.003325,,423,10:58:03 27 Oct 2020,40000
2020,President,polls-plus,10/27/2020,Trump,Biden,"",0,.006375,,422,10:58:03 27 Oct 2020,40000
2020,President,polls-plus,10/27/2020,Trump,Biden,"",0,.002825,,421,10:58:03 27 Oct 2020,40000
2020,President,polls-plus,10/27/2020,Trump,Biden,"",0,.001475,,420,10:58:03 27 Oct 2020,40000
2020,President,polls-plus,10/27/2020,Trump,Biden,"",.0003,0,,42,10:58:03 27 Oct 2020,40000
2020,President,polls-plus,10/27/2020,Trump,Biden,"",.000025,.008475,,419,10:58:03 27 Oct 2020,40000
2020,President,polls-plus,10/27/2020,Trump,Biden,"",0,.002475,,418,10:58:03 27 Oct 2020,40000
2020,President,polls-plus,10/27/2020,Trump,Biden,"",0,.001975,,417,10:58:03 27 Oct 2020,40000
2020,President,polls-plus,10/27/2020,Trump,Biden,"",0,.019025,,416,10:58:03 27 Oct 2020,40000
2020,President,polls-plus,10/27/2020,Trump,Biden,"",.00005,.0041,,415,10:58:03 27 Oct 2020,40000
2020,President,polls-plus,10/27/2020,Trump,Biden,"",0,.001775,,414,10:58:03 27 Oct 2020,40000
2020,President,polls-plus,10/27/2020,Trump,Biden,"",0,.041975,,413,10:58:03 27 Oct 2020,40000
2020,President,polls-plus,10/27/2020,Trump,Biden,"",0,.0176,,412,10:58:03 27 Oct 2020,40000
2020,President,polls-plus,10/27/2020,Trump,Biden,"",0,.001425,,411,10:58:03 27 Oct 2020,40000
2020,President,polls-plus,10/27/2020,Trump,Biden,"",0,.00265,,410,10:58:03 27 Oct 2020,40000
2020,President,polls-plus,10/27/2020,Trump,Biden,"",.000125,0,,41,10:58:03 27 Oct 2020,40000
2020,President,polls-plus,10/27/2020,Trump,Biden,"",0,.00195,,409,10:58:03 27 Oct 2020,40000
2020,President,polls-plus,10/27/2020,Trump,Biden,"",.000025,.001125,,408,10:58:03 27 Oct 2020,40000
2020,President,polls-plus,10/27/2020,Trump,Biden,"",.000025,.003425,,407,10:58:03 27 Oct 2020,40000
2020,President,polls-plus,10/27/2020,Trump,Biden,"",0,.005475,,406,10:58:03 27 Oct 2020,40000
2020,President,polls-plus,10/27/2020,Trump,Biden,"",0,.00145,,405,10:58:03 27 Oct 2020,40000
2020,President,polls-plus,10/27/2020,Trump,Biden,"",.000075,.00185,,404,10:58:03 27 Oct 2020,40000
2020,President,polls-plus,10/27/2020,Trump,Biden,"",.000025,.00225,,403,10:58:03 27 Oct 2020,40000
2020,President,polls-plus,10/27/2020,Trump,Biden,"",.000025,.00255,,402,10:58:03 27 Oct 2020,40000
2020,President,polls-plus,10/27/2020,Trump,Biden,"",0,.002,,401,10:58:03 27 Oct 2020,40000
2020,President,polls-plus,10/27/2020,Trump,Biden,"",0,.003875,,400,10:58:03 27 Oct 2020,40000
2020,President,polls-plus,10/27/2020,Trump,Biden,"",.00025,0,,40,10:58:03 27 Oct 2020,40000
2020,President,polls-plus,10/27/2020,Trump,Biden,"",.000425,0,,4,10:58:03 27 Oct 2020,40000
2020,President,polls-plus,10/27/2020,Trump,Biden,"",0,.0011,,399,10:58:03 27 Oct 2020,40000
2020,President,polls-plus,10/27/2020,Trump,Biden,"",0,.0027,,398,10:58:03 27 Oct 2020,40000
2020,President,polls-plus,10/27/2020,Trump,Biden,"",0,.0068,,397,10:58:03 27 Oct 2020,40000
2020,President,polls-plus,10/27/2020,Trump,Biden,"",.000025,.00255,,396,10:58:03 27 Oct 2020,40000
2020,President,polls-plus,10/27/2020,Trump,Biden,"",0,.00685,,395,10:58:03 27 Oct 2020,40000
2020,President,polls-plus,10/27/2020,Trump,Biden,"",.000025,.0104,,394,10:58:03 27 Oct 2020,40000
2020,President,polls-plus,10/27/2020,Trump,Biden,"",0,.0013,,393,10:58:03 27 Oct 2020,40000
2020,President,polls-plus,10/27/2020,Trump,Biden,"",.000025,.00185,,392,10:58:03 27 Oct 2020,40000
2020,President,polls-plus,10/27/2020,Trump,Biden,"",0,.0034,,391,10:58:03 27 Oct 2020,40000
2020,President,polls-plus,10/27/2020,Trump,Biden,"",.000025,.0022,,390,10:58:03 27 Oct 2020,40000
2020,President,polls-plus,10/27/2020,Trump,Biden,"",.00015,0,,39,10:58:03 27 Oct 2020,40000
2020,President,polls-plus,10/27/2020,Trump,Biden,"",.000025,.003925,,389,10:58:03 27 Oct 2020,40000
2020,President,polls-plus,10/27/2020,Trump,Biden,"",0,.0104,,388,10:58:03 27 Oct 2020,40000
2020,President,polls-plus,10/27/2020,Trump,Biden,"",0,.00255,,387,10:58:03 27 Oct 2020,40000
2020,President,polls-plus,10/27/2020,Trump,Biden,"",0,.0029,,386,10:58:03 27 Oct 2020,40000
2020,President,polls-plus,10/27/2020,Trump,Biden,"",.000025,.001875,,385,10:58:03 27 Oct 2020,40000
2020,President,polls-plus,10/27/2020,Trump,Biden,"",0,.002725,,384,10:58:03 27 Oct 2020,40000
2020,President,polls-plus,10/27/2020,Trump,Biden,"",.00005,.0019,,383,10:58:03 27 Oct 2020,40000
2020,President,polls-plus,10/27/2020,Trump,Biden,"",.00005,.002825,,382,10:58:03 27 Oct 2020,40000
2020,President,polls-plus,10/27/2020,Trump,Biden,"",.000025,.00415,,381,10:58:03 27 Oct 2020,40000
2020,President,polls-plus,10/27/2020,Trump,Biden,"",0,.002075,,380,10:58:03 27 Oct 2020,40000
2020,President,polls-plus,10/27/2020,Trump,Biden,"",.000275,0,,38,10:58:03 27 Oct 2020,40000
2020,President,polls-plus,10/27/2020,Trump,Biden,"",.000075,.00315,,379,10:58:03 27 Oct 2020,40000
2020,President,polls-plus,10/27/2020,Trump,Biden,"",.00005,.009575,,378,10:58:03 27 Oct 2020,40000
2020,President,polls-plus,10/27/2020,Trump,Biden,"",.00005,.003425,,377,10:58:03 27 Oct 2020,40000
2020,President,polls-plus,10/27/2020,Trump,Biden,"",.000025,.0017,,376,10:58:03 27 Oct 2020,40000
2020,President,polls-plus,10/27/2020,Trump,Biden,"",.0001,.02805,,375,10:58:03 27 Oct 2020,40000
2020,President,polls-plus,10/27/2020,Trump,Biden,"",.000025,.009725,,374,10:58:03 27 Oct 2020,40000
2020,President,polls-plus,10/27/2020,Trump,Biden,"",.00005,.003175,,373,10:58:03 27 Oct 2020,40000
2020,President,polls-plus,10/27/2020,Trump,Biden,"",0,.004875,,372,10:58:03 27 Oct 2020,40000
2020,President,polls-plus,10/27/2020,Trump,Biden,"",.00005,.00245,,371,10:58:03 27 Oct 2020,40000
2020,President,polls-plus,10/27/2020,Trump,Biden,"",0,.00145,,370,10:58:03 27 Oct 2020,40000
2020,President,polls-plus,10/27/2020,Trump,Biden,"",.00025,0,,37,10:58:03 27 Oct 2020,40000
2020,President,polls-plus,10/27/2020,Trump,Biden,"",.00015,.005125,,369,10:58:03 27 Oct 2020,40000
2020,President,polls-plus,10/27/2020,Trump,Biden,"",.000075,.00625,,368,10:58:03 27 Oct 2020,40000
2020,President,polls-plus,10/27/2020,Trump,Biden,"",.00005,.002075,,367,10:58:03 27 Oct 2020,40000
2020,President,polls-plus,10/27/2020,Trump,Biden,"",.000025,.00145,,366,10:58:03 27 Oct 2020,40000
2020,President,polls-plus,10/27/2020,Trump,Biden,"",.000075,.00355,,365,10:58:03 27 Oct 2020,40000
2020,President,polls-plus,10/27/2020,Trump,Biden,"",.0001,.00615,,364,10:58:03 27 Oct 2020,40000
2020,President,polls-plus,10/27/2020,Trump,Biden,"",.0003,.00335,,363,10:58:03 27 Oct 2020,40000
2020,President,polls-plus,10/27/2020,Trump,Biden,"",.000425,.005175,,362,10:58:03 27 Oct 2020,40000
2020,President,polls-plus,10/27/2020,Trump,Biden,"",0,.00205,,361,10:58:03 27 Oct 2020,40000
2020,President,polls-plus,10/27/2020,Trump,Biden,"",.00005,.003625,,360,10:58:03 27 Oct 2020,40000
2020,President,polls-plus,10/27/2020,Trump,Biden,"",.00015,0,,36,10:58:03 27 Oct 2020,40000
2020,President,polls-plus,10/27/2020,Trump,Biden,"",.000025,.0141,,359,10:58:03 27 Oct 2020,40000
2020,President,polls-plus,10/27/2020,Trump,Biden,"",.000075,.0057,,358,10:58:03 27 Oct 2020,40000
2020,President,polls-plus,10/27/2020,Trump,Biden,"",.0001,.01125,,357,10:58:03 27 Oct 2020,40000
2020,President,polls-plus,10/27/2020,Trump,Biden,"",.0002,.012175,,356,10:58:03 27 Oct 2020,40000
2020,President,polls-plus,10/27/2020,Trump,Biden,"",.0009,.001775,,355,10:58:03 27 Oct 2020,40000
2020,President,polls-plus,10/27/2020,Trump,Biden,"",.000075,.001725,,354,10:58:03 27 Oct 2020,40000
2020,President,polls-plus,10/27/2020,Trump,Biden,"",.000125,.005325,,353,10:58:03 27 Oct 2020,40000
2020,President,polls-plus,10/27/2020,Trump,Biden,"",.00015,.003675,,352,10:58:03 27 Oct 2020,40000
2020,President,polls-plus,10/27/2020,Trump,Biden,"",.00015,.007225,,351,10:58:03 27 Oct 2020,40000
2020,President,polls-plus,10/27/2020,Trump,Biden,"",.000475,.014575,,350,10:58:03 27 Oct 2020,40000
2020,President,polls-plus,10/27/2020,Trump,Biden,"",.0003,0,,35,10:58:03 27 Oct 2020,40000
2020,President,polls-plus,10/27/2020,Trump,Biden,"",.000475,.00355,,349,10:58:03 27 Oct 2020,40000
2020,President,polls-plus,10/27/2020,Trump,Biden,"",.000175,.00475,,348,10:58:03 27 Oct 2020,40000
2020,President,polls-plus,10/27/2020,Trump,Biden,"",.0002,.002775,,347,10:58:03 27 Oct 2020,40000
2020,President,polls-plus,10/27/2020,Trump,Biden,"",.000325,.0053,,346,10:58:03 27 Oct 2020,40000
2020,President,polls-plus,10/27/2020,Trump,Biden,"",.00015,.0038,,345,10:58:03 27 Oct 2020,40000
2020,President,polls-plus,10/27/2020,Trump,Biden,"",.000325,.0058,,344,10:58:03 27 Oct 2020,40000
2020,President,polls-plus,10/27/2020,Trump,Biden,"",.00015,.003375,,343,10:58:03 27 Oct 2020,40000
2020,President,polls-plus,10/27/2020,Trump,Biden,"",.0009,.004,,342,10:58:03 27 Oct 2020,40000
2020,President,polls-plus,10/27/2020,Trump,Biden,"",.000475,.0108,,341,10:58:03 27 Oct 2020,40000
2020,President,polls-plus,10/27/2020,Trump,Biden,"",.000325,.0083,,340,10:58:03 27 Oct 2020,40000
2020,President,polls-plus,10/27/2020,Trump,Biden,"",.000175,0,,34,10:58:03 27 Oct 2020,40000
2020,President,polls-plus,10/27/2020,Trump,Biden,"",.000375,.007925,,339,10:58:03 27 Oct 2020,40000
2020,President,polls-plus,10/27/2020,Trump,Biden,"",.00035,.003775,,338,10:58:03 27 Oct 2020,40000
2020,President,polls-plus,10/27/2020,Trump,Biden,"",.001,.003175,,337,10:58:03 27 Oct 2020,40000
2020,President,polls-plus,10/27/2020,Trump,Biden,"",.0003,.0027,,336,10:58:03 27 Oct 2020,40000
2020,President,polls-plus,10/27/2020,Trump,Biden,"",.0007,.01135,,335,10:58:03 27 Oct 2020,40000
2020,President,polls-plus,10/27/2020,Trump,Biden,"",.00035,.013275,,334,10:58:03 27 Oct 2020,40000
2020,President,polls-plus,10/27/2020,Trump,Biden,"",.000925,.005075,,333,10:58:03 27 Oct 2020,40000
2020,President,polls-plus,10/27/2020,Trump,Biden,"",.000175,.00205,,332,10:58:03 27 Oct 2020,40000
2020,President,polls-plus,10/27/2020,Trump,Biden,"",.0011,.002225,,331,10:58:03 27 Oct 2020,40000
2020,President,polls-plus,10/27/2020,Trump,Biden,"",.000225,.00545,,330,10:58:03 27 Oct 2020,40000
2020,President,polls-plus,10/27/2020,Trump,Biden,"",.00025,0,,33,10:58:03 27 Oct 2020,40000
2020,President,polls-plus,10/27/2020,Trump,Biden,"",.00055,.004225,,329,10:58:03 27 Oct 2020,40000
2020,President,polls-plus,10/27/2020,Trump,Biden,"",.002475,.003325,,328,10:58:03 27 Oct 2020,40000
2020,President,polls-plus,10/27/2020,Trump,Biden,"",.0009,.002375,,327,10:58:03 27 Oct 2020,40000
2020,President,polls-plus,10/27/2020,Trump,Biden,"",.002025,.00455,,326,10:58:03 27 Oct 2020,40000
2020,President,polls-plus,10/27/2020,Trump,Biden,"",.0005,.005625,,325,10:58:03 27 Oct 2020,40000
2020,President,polls-plus,10/27/2020,Trump,Biden,"",.000575,.00725,,324,10:58:03 27 Oct 2020,40000
2020,President,polls-plus,10/27/2020,Trump,Biden,"",.0007,.00895,,323,10:58:03 27 Oct 2020,40000
2020,President,polls-plus,10/27/2020,Trump,Biden,"",.0035,.004925,,322,10:58:03 27 Oct 2020,40000
2020,President,polls-plus,10/27/2020,Trump,Biden,"",.000725,.00325,,321,10:58:03 27 Oct 2020,40000
2020,President,polls-plus,10/27/2020,Trump,Biden,"",.001075,.005275,,320,10:58:03 27 Oct 2020,40000
2020,President,polls-plus,10/27/2020,Trump,Biden,"",.0002,0,,32,10:58:03 27 Oct 2020,40000
2020,President,polls-plus,10/27/2020,Trump,Biden,"",.00065,.016725,,319,10:58:03 27 Oct 2020,40000
2020,President,polls-plus,10/27/2020,Trump,Biden,"",.000775,.006075,,318,10:58:03 27 Oct 2020,40000
2020,President,polls-plus,10/27/2020,Trump,Biden,"",.0006,.002775,,317,10:58:03 27 Oct 2020,40000
2020,President,polls-plus,10/27/2020,Trump,Biden,"",.0017,.003275,,316,10:58:03 27 Oct 2020,40000
2020,President,polls-plus,10/27/2020,Trump,Biden,"",.000775,.004675,,315,10:58:03 27 Oct 2020,40000
2020,President,polls-plus,10/27/2020,Trump,Biden,"",.000575,.003925,,314,10:58:03 27 Oct 2020,40000
2020,President,polls-plus,10/27/2020,Trump,Biden,"",.00045,.00575,,313,10:58:03 27 Oct 2020,40000
2020,President,polls-plus,10/27/2020,Trump,Biden,"",.003,.003825,,312,10:58:03 27 Oct 2020,40000
2020,President,polls-plus,10/27/2020,Trump,Biden,"",.001475,.003225,,311,10:58:03 27 Oct 2020,40000
2020,President,polls-plus,10/27/2020,Trump,Biden,"",.00155,.00435,,310,10:58:03 27 Oct 2020,40000
2020,President,polls-plus,10/27/2020,Trump,Biden,"",.00005,0,,31,10:58:03 27 Oct 2020,40000
2020,President,polls-plus,10/27/2020,Trump,Biden,"",.0004,.004975,,309,10:58:03 27 Oct 2020,40000
2020,President,polls-plus,10/27/2020,Trump,Biden,"",.00045,.0074,,308,10:58:03 27 Oct 2020,40000
2020,President,polls-plus,10/27/2020,Trump,Biden,"",.0006,.0031,,307,10:58:03 27 Oct 2020,40000
2020,President,polls-plus,10/27/2020,Trump,Biden,"",.00325,.004375,,306,10:58:03 27 Oct 2020,40000
2020,President,polls-plus,10/27/2020,Trump,Biden,"",.001575,.004825,,305,10:58:03 27 Oct 2020,40000
2020,President,polls-plus,10/27/2020,Trump,Biden,"",.0017,.003675,,304,10:58:03 27 Oct 2020,40000
2020,President,polls-plus,10/27/2020,Trump,Biden,"",.00065,.002775,,303,10:58:03 27 Oct 2020,40000
2020,President,polls-plus,10/27/2020,Trump,Biden,"",.001675,.0022,,302,10:58:03 27 Oct 2020,40000
2020,President,polls-plus,10/27/2020,Trump,Biden,"",.0012,.0033,,301,10:58:03 27 Oct 2020,40000
2020,President,polls-plus,10/27/2020,Trump,Biden,"",.0025,.0029,,300,10:58:03 27 Oct 2020,40000
2020,President,polls-plus,10/27/2020,Trump,Biden,"",.0001,0,,30,10:58:03 27 Oct 2020,40000
2020,President,polls-plus,10/27/2020,Trump,Biden,"",.00005,0,,3,10:58:03 27 Oct 2020,40000
2020,President,polls-plus,10/27/2020,Trump,Biden,"",.0007,.00275,,299,10:58:03 27 Oct 2020,40000
2020,President,polls-plus,10/27/2020,Trump,Biden,"",.00045,.00385,,298,10:58:03 27 Oct 2020,40000
2020,President,polls-plus,10/27/2020,Trump,Biden,"",.000625,.005,,297,10:58:03 27 Oct 2020,40000
2020,President,polls-plus,10/27/2020,Trump,Biden,"",.00355,.00345,,296,10:58:03 27 Oct 2020,40000
2020,President,polls-plus,10/27/2020,Trump,Biden,"",.0025,.007925,,295,10:58:03 27 Oct 2020,40000
2020,President,polls-plus,10/27/2020,Trump,Biden,"",.00235,.01025,,294,10:58:03 27 Oct 2020,40000
2020,President,polls-plus,10/27/2020,Trump,Biden,"",.001075,.00425,,293,10:58:03 27 Oct 2020,40000
2020,President,polls-plus,10/27/2020,Trump,Biden,"",.000975,.00185,,292,10:58:03 27 Oct 2020,40000
2020,President,polls-plus,10/27/2020,Trump,Biden,"",.0011,.00485,,291,10:58:03 27 Oct 2020,40000
2020,President,polls-plus,10/27/2020,Trump,Biden,"",.004175,.0111,,290,10:58:03 27 Oct 2020,40000
2020,President,polls-plus,10/27/2020,Trump,Biden,"",.000125,0,,29,10:58:03 27 Oct 2020,40000
2020,President,polls-plus,10/27/2020,Trump,Biden,"",.002775,.005375,,289,10:58:03 27 Oct 2020,40000
2020,President,polls-plus,10/27/2020,Trump,Biden,"",.00055,.003425,,288,10:58:03 27 Oct 2020,40000
2020,President,polls-plus,10/27/2020,Trump,Biden,"",.000475,.002075,,287,10:58:03 27 Oct 2020,40000
2020,President,polls-plus,10/27/2020,Trump,Biden,"",.002825,.003175,,286,10:58:03 27 Oct 2020,40000
2020,President,polls-plus,10/27/2020,Trump,Biden,"",.00335,.003125,,285,10:58:03 27 Oct 2020,40000
2020,President,polls-plus,10/27/2020,Trump,Biden,"",.002125,.002925,,284,10:58:03 27 Oct 2020,40000
2020,President,polls-plus,10/27/2020,Trump,Biden,"",.0015,.002325,,283,10:58:03 27 Oct 2020,40000
2020,President,polls-plus,10/27/2020,Trump,Biden,"",.00095,.002175,,282,10:58:03 27 Oct 2020,40000
2020,President,polls-plus,10/27/2020,Trump,Biden,"",.001225,.001225,,281,10:58:03 27 Oct 2020,40000
2020,President,polls-plus,10/27/2020,Trump,Biden,"",.005925,.008825,,280,10:58:03 27 Oct 2020,40000
2020,President,polls-plus,10/27/2020,Trump,Biden,"",.000075,0,,28,10:58:03 27 Oct 2020,40000
2020,President,polls-plus,10/27/2020,Trump,Biden,"",.006425,.0205,,279,10:58:03 27 Oct 2020,40000
2020,President,polls-plus,10/27/2020,Trump,Biden,"",.00155,.00845,,278,10:58:03 27 Oct 2020,40000
2020,President,polls-plus,10/27/2020,Trump,Biden,"",.001025,.001175,,277,10:58:03 27 Oct 2020,40000
2020,President,polls-plus,10/27/2020,Trump,Biden,"",.001575,.001325,,276,10:58:03 27 Oct 2020,40000
2020,President,polls-plus,10/27/2020,Trump,Biden,"",.0034,.002075,,275,10:58:03 27 Oct 2020,40000
2020,President,polls-plus,10/27/2020,Trump,Biden,"",.0022,.00355,,274,10:58:03 27 Oct 2020,40000
2020,President,polls-plus,10/27/2020,Trump,Biden,"",.001725,.004175,,273,10:58:03 27 Oct 2020,40000
2020,President,polls-plus,10/27/2020,Trump,Biden,"",.001175,.0024,,272,10:58:03 27 Oct 2020,40000
2020,President,polls-plus,10/27/2020,Trump,Biden,"",.0015,.001275,,271,10:58:03 27 Oct 2020,40000
2020,President,polls-plus,10/27/2020,Trump,Biden,"",.0045,.00265,,270,10:58:03 27 Oct 2020,40000
2020,President,polls-plus,10/27/2020,Trump,Biden,"",.0001,0,,27,10:58:03 27 Oct 2020,40000
2020,President,polls-plus,10/27/2020,Trump,Biden,"",.00505,.00505,,269,10:58:03 27 Oct 2020,40000
2020,President,polls-plus,10/27/2020,Trump,Biden,"",.00265,.0045,,268,10:58:03 27 Oct 2020,40000
2020,President,polls-plus,10/27/2020,Trump,Biden,"",.001275,.0015,,267,10:58:03 27 Oct 2020,40000
2020,President,polls-plus,10/27/2020,Trump,Biden,"",.0024,.001175,,266,10:58:03 27 Oct 2020,40000
2020,President,polls-plus,10/27/2020,Trump,Biden,"",.004175,.001725,,265,10:58:03 27 Oct 2020,40000
2020,President,polls-plus,10/27/2020,Trump,Biden,"",.00355,.0022,,264,10:58:03 27 Oct 2020,40000
2020,President,polls-plus,10/27/2020,Trump,Biden,"",.002075,.0034,,263,10:58:03 27 Oct 2020,40000
2020,President,polls-plus,10/27/2020,Trump,Biden,"",.001325,.001575,,262,10:58:03 27 Oct 2020,40000
2020,President,polls-plus,10/27/2020,Trump,Biden,"",.001175,.001025,,261,10:58:03 27 Oct 2020,40000
2020,President,polls-plus,10/27/2020,Trump,Biden,"",.00845,.00155,,260,10:58:03 27 Oct 2020,40000
2020,President,polls-plus,10/27/2020,Trump,Biden,"",.000225,0,,26,10:58:03 27 Oct 2020,40000
2020,President,polls-plus,10/27/2020,Trump,Biden,"",.0205,.006425,,259,10:58:03 27 Oct 2020,40000
2020,President,polls-plus,10/27/2020,Trump,Biden,"",.008825,.005925,,258,10:58:03 27 Oct 2020,40000
2020,President,polls-plus,10/27/2020,Trump,Biden,"",.001225,.001225,,257,10:58:03 27 Oct 2020,40000
2020,President,polls-plus,10/27/2020,Trump,Biden,"",.002175,.00095,,256,10:58:03 27 Oct 2020,40000
2020,President,polls-plus,10/27/2020,Trump,Biden,"",.002325,.0015,,255,10:58:03 27 Oct 2020,40000
2020,President,polls-plus,10/27/2020,Trump,Biden,"",.002925,.002125,,254,10:58:03 27 Oct 2020,40000
2020,President,polls-plus,10/27/2020,Trump,Biden,"",.003125,.00335,,253,10:58:03 27 Oct 2020,40000
2020,President,polls-plus,10/27/2020,Trump,Biden,"",.003175,.002825,,252,10:58:03 27 Oct 2020,40000
2020,President,polls-plus,10/27/2020,Trump,Biden,"",.002075,.000475,,251,10:58:03 27 Oct 2020,40000
2020,President,polls-plus,10/27/2020,Trump,Biden,"",.003425,.00055,,250,10:58:03 27 Oct 2020,40000
2020,President,polls-plus,10/27/2020,Trump,Biden,"",.00015,0,,25,10:58:03 27 Oct 2020,40000
2020,President,polls-plus,10/27/2020,Trump,Biden,"",.005375,.002775,,249,10:58:03 27 Oct 2020,40000
2020,President,polls-plus,10/27/2020,Trump,Biden,"",.0111,.004175,,248,10:58:03 27 Oct 2020,40000
2020,President,polls-plus,10/27/2020,Trump,Biden,"",.00485,.0011,,247,10:58:03 27 Oct 2020,40000
2020,President,polls-plus,10/27/2020,Trump,Biden,"",.00185,.000975,,246,10:58:03 27 Oct 2020,40000
2020,President,polls-plus,10/27/2020,Trump,Biden,"",.00425,.001075,,245,10:58:03 27 Oct 2020,40000
2020,President,polls-plus,10/27/2020,Trump,Biden,"",.01025,.00235,,244,10:58:03 27 Oct 2020,40000
2020,President,polls-plus,10/27/2020,Trump,Biden,"",.007925,.0025,,243,10:58:03 27 Oct 2020,40000
2020,President,polls-plus,10/27/2020,Trump,Biden,"",.00345,.00355,,242,10:58:03 27 Oct 2020,40000
2020,President,polls-plus,10/27/2020,Trump,Biden,"",.005,.000625,,241,10:58:03 27 Oct 2020,40000
2020,President,polls-plus,10/27/2020,Trump,Biden,"",.00385,.00045,,240,10:58:03 27 Oct 2020,40000
2020,President,polls-plus,10/27/2020,Trump,Biden,"",.0001,0,,24,10:58:03 27 Oct 2020,40000
2020,President,polls-plus,10/27/2020,Trump,Biden,"",.00275,.0007,,239,10:58:03 27 Oct 2020,40000
2020,President,polls-plus,10/27/2020,Trump,Biden,"",.0029,.0025,,238,10:58:03 27 Oct 2020,40000
2020,President,polls-plus,10/27/2020,Trump,Biden,"",.0033,.0012,,237,10:58:03 27 Oct 2020,40000
2020,President,polls-plus,10/27/2020,Trump,Biden,"",.0022,.001675,,236,10:58:03 27 Oct 2020,40000
2020,President,polls-plus,10/27/2020,Trump,Biden,"",.002775,.00065,,235,10:58:03 27 Oct 2020,40000
2020,President,polls-plus,10/27/2020,Trump,Biden,"",.003675,.0017,,234,10:58:03 27 Oct 2020,40000
2020,President,polls-plus,10/27/2020,Trump,Biden,"",.004825,.001575,,233,10:58:03 27 Oct 2020,40000
2020,President,polls-plus,10/27/2020,Trump,Biden,"",.004375,.00325,,232,10:58:03 27 Oct 2020,40000
2020,President,polls-plus,10/27/2020,Trump,Biden,"",.0031,.0006,,231,10:58:03 27 Oct 2020,40000
2020,President,polls-plus,10/27/2020,Trump,Biden,"",.0074,.00045,,230,10:58:03 27 Oct 2020,40000
2020,President,polls-plus,10/27/2020,Trump,Biden,"",.000225,0,,23,10:58:03 27 Oct 2020,40000
2020,President,polls-plus,10/27/2020,Trump,Biden,"",.004975,.0004,,229,10:58:03 27 Oct 2020,40000
2020,President,polls-plus,10/27/2020,Trump,Biden,"",.00435,.00155,,228,10:58:03 27 Oct 2020,40000
2020,President,polls-plus,10/27/2020,Trump,Biden,"",.003225,.001475,,227,10:58:03 27 Oct 2020,40000
2020,President,polls-plus,10/27/2020,Trump,Biden,"",.003825,.003,,226,10:58:03 27 Oct 2020,40000
2020,President,polls-plus,10/27/2020,Trump,Biden,"",.00575,.00045,,225,10:58:03 27 Oct 2020,40000
2020,President,polls-plus,10/27/2020,Trump,Biden,"",.003925,.000575,,224,10:58:03 27 Oct 2020,40000
2020,President,polls-plus,10/27/2020,Trump,Biden,"",.004675,.000775,,223,10:58:03 27 Oct 2020,40000
2020,President,polls-plus,10/27/2020,Trump,Biden,"",.003275,.0017,,222,10:58:03 27 Oct 2020,40000
2020,President,polls-plus,10/27/2020,Trump,Biden,"",.002775,.0006,,221,10:58:03 27 Oct 2020,40000
2020,President,polls-plus,10/27/2020,Trump,Biden,"",.006075,.000775,,220,10:58:03 27 Oct 2020,40000
2020,President,polls-plus,10/27/2020,Trump,Biden,"",.0001,0,,22,10:58:03 27 Oct 2020,40000
2020,President,polls-plus,10/27/2020,Trump,Biden,"",.016725,.00065,,219,10:58:03 27 Oct 2020,40000
2020,President,polls-plus,10/27/2020,Trump,Biden,"",.005275,.001075,,218,10:58:03 27 Oct 2020,40000
2020,President,polls-plus,10/27/2020,Trump,Biden,"",.00325,.000725,,217,10:58:03 27 Oct 2020,40000
2020,President,polls-plus,10/27/2020,Trump,Biden,"",.004925,.0035,,216,10:58:03 27 Oct 2020,40000
2020,President,polls-plus,10/27/2020,Trump,Biden,"",.00895,.0007,,215,10:58:03 27 Oct 2020,40000
2020,President,polls-plus,10/27/2020,Trump,Biden,"",.00725,.000575,,214,10:58:03 27 Oct 2020,40000
2020,President,polls-plus,10/27/2020,Trump,Biden,"",.005625,.0005,,213,10:58:03 27 Oct 2020,40000
2020,President,polls-plus,10/27/2020,Trump,Biden,"",.00455,.002025,,212,10:58:03 27 Oct 2020,40000
2020,President,polls-plus,10/27/2020,Trump,Biden,"",.002375,.0009,,211,10:58:03 27 Oct 2020,40000
2020,President,polls-plus,10/27/2020,Trump,Biden,"",.003325,.002475,,210,10:58:03 27 Oct 2020,40000
2020,President,polls-plus,10/27/2020,Trump,Biden,"",.0001,0,,21,10:58:03 27 Oct 2020,40000
2020,President,polls-plus,10/27/2020,Trump,Biden,"",.004225,.00055,,209,10:58:03 27 Oct 2020,40000
2020,President,polls-plus,10/27/2020,Trump,Biden,"",.00545,.000225,,208,10:58:03 27 Oct 2020,40000
2020,President,polls-plus,10/27/2020,Trump,Biden,"",.002225,.0011,,207,10:58:03 27 Oct 2020,40000
2020,President,polls-plus,10/27/2020,Trump,Biden,"",.00205,.000175,,206,10:58:03 27 Oct 2020,40000
2020,President,polls-plus,10/27/2020,Trump,Biden,"",.005075,.000925,,205,10:58:03 27 Oct 2020,40000
2020,President,polls-plus,10/27/2020,Trump,Biden,"",.013275,.00035,,204,10:58:03 27 Oct 2020,40000
2020,President,polls-plus,10/27/2020,Trump,Biden,"",.01135,.0007,,203,10:58:03 27 Oct 2020,40000
2020,President,polls-plus,10/27/2020,Trump,Biden,"",.0027,.0003,,202,10:58:03 27 Oct 2020,40000
2020,President,polls-plus,10/27/2020,Trump,Biden,"",.003175,.001,,201,10:58:03 27 Oct 2020,40000
2020,President,polls-plus,10/27/2020,Trump,Biden,"",.003775,.00035,,200,10:58:03 27 Oct 2020,40000
2020,President,polls-plus,10/27/2020,Trump,Biden,"",.000075,0,,20,10:58:03 27 Oct 2020,40000
2020,President,polls-plus,10/27/2020,Trump,Biden,"",0,0,,2,10:58:03 27 Oct 2020,40000
2020,President,polls-plus,10/27/2020,Trump,Biden,"",.007925,.000375,,199,10:58:03 27 Oct 2020,40000
2020,President,polls-plus,10/27/2020,Trump,Biden,"",.0083,.000325,,198,10:58:03 27 Oct 2020,40000
2020,President,polls-plus,10/27/2020,Trump,Biden,"",.0108,.000475,,197,10:58:03 27 Oct 2020,40000
2020,President,polls-plus,10/27/2020,Trump,Biden,"",.004,.0009,,196,10:58:03 27 Oct 2020,40000
2020,President,polls-plus,10/27/2020,Trump,Biden,"",.003375,.00015,,195,10:58:03 27 Oct 2020,40000
2020,President,polls-plus,10/27/2020,Trump,Biden,"",.0058,.000325,,194,10:58:03 27 Oct 2020,40000
2020,President,polls-plus,10/27/2020,Trump,Biden,"",.0038,.00015,,193,10:58:03 27 Oct 2020,40000
2020,President,polls-plus,10/27/2020,Trump,Biden,"",.0053,.000325,,192,10:58:03 27 Oct 2020,40000
2020,President,polls-plus,10/27/2020,Trump,Biden,"",.002775,.0002,,191,10:58:03 27 Oct 2020,40000
2020,President,polls-plus,10/27/2020,Trump,Biden,"",.00475,.000175,,190,10:58:03 27 Oct 2020,40000
2020,President,polls-plus,10/27/2020,Trump,Biden,"",.000125,0,,19,10:58:03 27 Oct 2020,40000
2020,President,polls-plus,10/27/2020,Trump,Biden,"",.00355,.000475,,189,10:58:03 27 Oct 2020,40000
2020,President,polls-plus,10/27/2020,Trump,Biden,"",.014575,.000475,,188,10:58:03 27 Oct 2020,40000
2020,President,polls-plus,10/27/2020,Trump,Biden,"",.007225,.00015,,187,10:58:03 27 Oct 2020,40000
2020,President,polls-plus,10/27/2020,Trump,Biden,"",.003675,.00015,,186,10:58:03 27 Oct 2020,40000
2020,President,polls-plus,10/27/2020,Trump,Biden,"",.005325,.000125,,185,10:58:03 27 Oct 2020,40000
2020,President,polls-plus,10/27/2020,Trump,Biden,"",.001725,.000075,,184,10:58:03 27 Oct 2020,40000
2020,President,polls-plus,10/27/2020,Trump,Biden,"",.001775,.0009,,183,10:58:03 27 Oct 2020,40000
2020,President,polls-plus,10/27/2020,Trump,Biden,"",.012175,.0002,,182,10:58:03 27 Oct 2020,40000
2020,President,polls-plus,10/27/2020,Trump,Biden,"",.01125,.0001,,181,10:58:03 27 Oct 2020,40000
2020,President,polls-plus,10/27/2020,Trump,Biden,"",.0057,.000075,,180,10:58:03 27 Oct 2020,40000
2020,President,polls-plus,10/27/2020,Trump,Biden,"",.00005,0,,18,10:58:03 27 Oct 2020,40000
2020,President,polls-plus,10/27/2020,Trump,Biden,"",.0141,.000025,,179,10:58:03 27 Oct 2020,40000
2020,President,polls-plus,10/27/2020,Trump,Biden,"",.003625,.00005,,178,10:58:03 27 Oct 2020,40000
2020,President,polls-plus,10/27/2020,Trump,Biden,"",.00205,0,,177,10:58:03 27 Oct 2020,40000
2020,President,polls-plus,10/27/2020,Trump,Biden,"",.005175,.000425,,176,10:58:03 27 Oct 2020,40000
2020,President,polls-plus,10/27/2020,Trump,Biden,"",.00335,.0003,,175,10:58:03 27 Oct 2020,40000
2020,President,polls-plus,10/27/2020,Trump,Biden,"",.00615,.0001,,174,10:58:03 27 Oct 2020,40000
2020,President,polls-plus,10/27/2020,Trump,Biden,"",.00355,.000075,,173,10:58:03 27 Oct 2020,40000
2020,President,polls-plus,10/27/2020,Trump,Biden,"",.00145,.000025,,172,10:58:03 27 Oct 2020,40000
2020,President,polls-plus,10/27/2020,Trump,Biden,"",.002075,.00005,,171,10:58:03 27 Oct 2020,40000
2020,President,polls-plus,10/27/2020,Trump,Biden,"",.00625,.000075,,170,10:58:03 27 Oct 2020,40000
2020,President,polls-plus,10/27/2020,Trump,Biden,"",.00015,0,,17,10:58:03 27 Oct 2020,40000
2020,President,polls-plus,10/27/2020,Trump,Biden,"",.005125,.00015,,169,10:58:03 27 Oct 2020,40000
2020,President,polls-plus,10/27/2020,Trump,Biden,"",.00145,0,,168,10:58:03 27 Oct 2020,40000
2020,President,polls-plus,10/27/2020,Trump,Biden,"",.00245,.00005,,167,10:58:03 27 Oct 2020,40000
2020,President,polls-plus,10/27/2020,Trump,Biden,"",.004875,0,,166,10:58:03 27 Oct 2020,40000
2020,President,polls-plus,10/27/2020,Trump,Biden,"",.003175,.00005,,165,10:58:03 27 Oct 2020,40000
2020,President,polls-plus,10/27/2020,Trump,Biden,"",.009725,.000025,,164,10:58:03 27 Oct 2020,40000
2020,President,polls-plus,10/27/2020,Trump,Biden,"",.02805,.0001,,163,10:58:03 27 Oct 2020,40000
2020,President,polls-plus,10/27/2020,Trump,Biden,"",.0017,.000025,,162,10:58:03 27 Oct 2020,40000
2020,President,polls-plus,10/27/2020,Trump,Biden,"",.003425,.00005,,161,10:58:03 27 Oct 2020,40000
2020,President,polls-plus,10/27/2020,Trump,Biden,"",.009575,.00005,,160,10:58:03 27 Oct 2020,40000
2020,President,polls-plus,10/27/2020,Trump,Biden,"",.000125,0,,16,10:58:03 27 Oct 2020,40000
2020,President,polls-plus,10/27/2020,Trump,Biden,"",.00315,.000075,,159,10:58:03 27 Oct 2020,40000
2020,President,polls-plus,10/27/2020,Trump,Biden,"",.002075,0,,158,10:58:03 27 Oct 2020,40000
2020,President,polls-plus,10/27/2020,Trump,Biden,"",.00415,.000025,,157,10:58:03 27 Oct 2020,40000
2020,President,polls-plus,10/27/2020,Trump,Biden,"",.002825,.00005,,156,10:58:03 27 Oct 2020,40000
2020,President,polls-plus,10/27/2020,Trump,Biden,"",.0019,.00005,,155,10:58:03 27 Oct 2020,40000
2020,President,polls-plus,10/27/2020,Trump,Biden,"",.002725,0,,154,10:58:03 27 Oct 2020,40000
2020,President,polls-plus,10/27/2020,Trump,Biden,"",.001875,.000025,,153,10:58:03 27 Oct 2020,40000
2020,President,polls-plus,10/27/2020,Trump,Biden,"",.0029,0,,152,10:58:03 27 Oct 2020,40000
2020,President,polls-plus,10/27/2020,Trump,Biden,"",.00255,0,,151,10:58:03 27 Oct 2020,40000
2020,President,polls-plus,10/27/2020,Trump,Biden,"",.0104,0,,150,10:58:03 27 Oct 2020,40000
2020,President,polls-plus,10/27/2020,Trump,Biden,"",.000125,0,,15,10:58:03 27 Oct 2020,40000
2020,President,polls-plus,10/27/2020,Trump,Biden,"",.003925,.000025,,149,10:58:03 27 Oct 2020,40000
2020,President,polls-plus,10/27/2020,Trump,Biden,"",.0022,.000025,,148,10:58:03 27 Oct 2020,40000
2020,President,polls-plus,10/27/2020,Trump,Biden,"",.0034,0,,147,10:58:03 27 Oct 2020,40000
2020,President,polls-plus,10/27/2020,Trump,Biden,"",.00185,.000025,,146,10:58:03 27 Oct 2020,40000
2020,President,polls-plus,10/27/2020,Trump,Biden,"",.0013,0,,145,10:58:03 27 Oct 2020,40000
2020,President,polls-plus,10/27/2020,Trump,Biden,"",.0104,.000025,,144,10:58:03 27 Oct 2020,40000
2020,President,polls-plus,10/27/2020,Trump,Biden,"",.00685,0,,143,10:58:03 27 Oct 2020,40000
2020,President,polls-plus,10/27/2020,Trump,Biden,"",.00255,.000025,,142,10:58:03 27 Oct 2020,40000
2020,President,polls-plus,10/27/2020,Trump,Biden,"",.0068,0,,141,10:58:03 27 Oct 2020,40000
2020,President,polls-plus,10/27/2020,Trump,Biden,"",.0027,0,,140,10:58:03 27 Oct 2020,40000
2020,President,polls-plus,10/27/2020,Trump,Biden,"",.0001,0,,14,10:58:03 27 Oct 2020,40000
2020,President,polls-plus,10/27/2020,Trump,Biden,"",.0011,0,,139,10:58:03 27 Oct 2020,40000
2020,President,polls-plus,10/27/2020,Trump,Biden,"",.003875,0,,138,10:58:03 27 Oct 2020,40000
2020,President,polls-plus,10/27/2020,Trump,Biden,"",.002,0,,137,10:58:03 27 Oct 2020,40000
2020,President,polls-plus,10/27/2020,Trump,Biden,"",.00255,.000025,,136,10:58:03 27 Oct 2020,40000
2020,President,polls-plus,10/27/2020,Trump,Biden,"",.00225,.000025,,135,10:58:03 27 Oct 2020,40000
2020,President,polls-plus,10/27/2020,Trump,Biden,"",.00185,.000075,,134,10:58:03 27 Oct 2020,40000
2020,President,polls-plus,10/27/2020,Trump,Biden,"",.00145,0,,133,10:58:03 27 Oct 2020,40000
2020,President,polls-plus,10/27/2020,Trump,Biden,"",.005475,0,,132,10:58:03 27 Oct 2020,40000
2020,President,polls-plus,10/27/2020,Trump,Biden,"",.003425,.000025,,131,10:58:03 27 Oct 2020,40000
2020,President,polls-plus,10/27/2020,Trump,Biden,"",.001125,.000025,,130,10:58:03 27 Oct 2020,40000
2020,President,polls-plus,10/27/2020,Trump,Biden,"",.00005,0,,13,10:58:03 27 Oct 2020,40000
2020,President,polls-plus,10/27/2020,Trump,Biden,"",.00195,0,,129,10:58:03 27 Oct 2020,40000
2020,President,polls-plus,10/27/2020,Trump,Biden,"",.00265,0,,128,10:58:03 27 Oct 2020,40000
2020,President,polls-plus,10/27/2020,Trump,Biden,"",.001425,0,,127,10:58:03 27 Oct 2020,40000
2020,President,polls-plus,10/27/2020,Trump,Biden,"",.0176,0,,126,10:58:03 27 Oct 2020,40000
2020,President,polls-plus,10/27/2020,Trump,Biden,"",.041975,0,,125,10:58:03 27 Oct 2020,40000
2020,President,polls-plus,10/27/2020,Trump,Biden,"",.001775,0,,124,10:58:03 27 Oct 2020,40000
2020,President,polls-plus,10/27/2020,Trump,Biden,"",.0041,.00005,,123,10:58:03 27 Oct 2020,40000
2020,President,polls-plus,10/27/2020,Trump,Biden,"",.019025,0,,122,10:58:03 27 Oct 2020,40000
2020,President,polls-plus,10/27/2020,Trump,Biden,"",.001975,0,,121,10:58:03 27 Oct 2020,40000
2020,President,polls-plus,10/27/2020,Trump,Biden,"",.002475,0,,120,10:58:03 27 Oct 2020,40000
2020,President,polls-plus,10/27/2020,Trump,Biden,"",.000075,0,,12,10:58:03 27 Oct 2020,40000
2020,President,polls-plus,10/27/2020,Trump,Biden,"",.008475,.000025,,119,10:58:03 27 Oct 2020,40000
2020,President,polls-plus,10/27/2020,Trump,Biden,"",.001475,0,,118,10:58:03 27 Oct 2020,40000
2020,President,polls-plus,10/27/2020,Trump,Biden,"",.002825,0,,117,10:58:03 27 Oct 2020,40000
2020,President,polls-plus,10/27/2020,Trump,Biden,"",.006375,0,,116,10:58:03 27 Oct 2020,40000
2020,President,polls-plus,10/27/2020,Trump,Biden,"",.003325,0,,115,10:58:03 27 Oct 2020,40000
2020,President,polls-plus,10/27/2020,Trump,Biden,"",.002425,0,,114,10:58:03 27 Oct 2020,40000
2020,President,polls-plus,10/27/2020,Trump,Biden,"",.0046,0,,113,10:58:03 27 Oct 2020,40000
2020,President,polls-plus,10/27/2020,Trump,Biden,"",.00295,0,,112,10:58:03 27 Oct 2020,40000
2020,President,polls-plus,10/27/2020,Trump,Biden,"",.002675,0,,111,10:58:03 27 Oct 2020,40000
2020,President,polls-plus,10/27/2020,Trump,Biden,"",.0033,0,,110,10:58:03 27 Oct 2020,40000
2020,President,polls-plus,10/27/2020,Trump,Biden,"",.000075,0,,11,10:58:03 27 Oct 2020,40000
2020,President,polls-plus,10/27/2020,Trump,Biden,"",.002175,0,,109,10:58:03 27 Oct 2020,40000
2020,President,polls-plus,10/27/2020,Trump,Biden,"",.00275,0,,108,10:58:03 27 Oct 2020,40000
2020,President,polls-plus,10/27/2020,Trump,Biden,"",.002425,.000025,,107,10:58:03 27 Oct 2020,40000
2020,President,polls-plus,10/27/2020,Trump,Biden,"",.00245,0,,106,10:58:03 27 Oct 2020,40000
2020,President,polls-plus,10/27/2020,Trump,Biden,"",.0017,0,,105,10:58:03 27 Oct 2020,40000
2020,President,polls-plus,10/27/2020,Trump,Biden,"",.002025,.000025,,104,10:58:03 27 Oct 2020,40000
2020,President,polls-plus,10/27/2020,Trump,Biden,"",.002525,0,,103,10:58:03 27 Oct 2020,40000
2020,President,polls-plus,10/27/2020,Trump,Biden,"",.0021,0,,102,10:58:03 27 Oct 2020,40000
2020,President,polls-plus,10/27/2020,Trump,Biden,"",.001875,0,,101,10:58:03 27 Oct 2020,40000
2020,President,polls-plus,10/27/2020,Trump,Biden,"",.0021,0,,100,10:58:03 27 Oct 2020,40000
2020,President,polls-plus,10/27/2020,Trump,Biden,"",.000175,0,,10,10:58:03 27 Oct 2020,40000
2020,President,polls-plus,10/27/2020,Trump,Biden,"",.000125,0,,1,10:58:03 27 Oct 2020,40000
2020,President,polls-plus,10/27/2020,Trump,Biden,"",0,0,,0,10:58:03 27 Oct 2020,40000
