cycle,branch,forecastdate,district,candidateA,candidateB,displaystep,description,margin,lite_weight,classic_weight,deluxe_weight,simulations,timestamp
2020,Senate,10/27/20,WY-S2,Merav Ben-David,Cynthia Lummis,4,Expert ratings adjusted for national environment,-41.34473,0,0,.7177314,40000,09:25:31 27 Oct 2020
2020,Senate,10/27/20,WY-S2,Merav Ben-David,Cynthia Lummis,3,Fundamentals (non-polling factors),-39.98126,0,1.284435,1.284435,40000,09:25:31 27 Oct 2020
2020,Senate,10/27/20,WY-S2,Merav Ben-David,Cynthia Lummis,2,CANTOR (analysis of comparable disticts),-37.9668,.8358126,.1545999,.1545999,40000,09:25:31 27 Oct 2020
2020,Senate,10/27/20,WY-S2,Merav Ben-David,Cynthia Lummis,1,Polls adjusted for house effects & other factors,,0,0,0,40000,09:25:31 27 Oct 2020
2020,Senate,10/27/20,WV-S2,Paula Jean Swearengin,Shelley Moore Capito,4,Expert ratings adjusted for national environment,-26.12779,0,0,1.121314,40000,09:25:31 27 Oct 2020
2020,Senate,10/27/20,WV-S2,Paula Jean Swearengin,Shelley Moore Capito,3,Fundamentals (non-polling factors),-25.95442,0,1.284435,1.284435,40000,09:25:31 27 Oct 2020
2020,Senate,10/27/20,WV-S2,Paula Jean Swearengin,Shelley Moore Capito,2,CANTOR (analysis of comparable disticts),-21.74787,.8358126,.1545999,.1545999,40000,09:25:31 27 Oct 2020
2020,Senate,10/27/20,WV-S2,Paula Jean Swearengin,Shelley Moore Capito,1,Polls adjusted for house effects & other factors,-19.68538,.8091737,.8091737,.8091737,40000,09:25:31 27 Oct 2020
2020,Senate,10/27/20,VA-S2,Mark Warner,Daniel Gade,4,Expert ratings adjusted for national environment,20.7728,0,0,3.851096,40000,09:25:31 27 Oct 2020
2020,Senate,10/27/20,VA-S2,Mark Warner,Daniel Gade,3,Fundamentals (non-polling factors),22.00305,0,1.284435,1.284435,40000,09:25:31 27 Oct 2020
2020,Senate,10/27/20,VA-S2,Mark Warner,Daniel Gade,2,CANTOR (analysis of comparable disticts),18.09737,0,.1545999,.1545999,40000,09:25:31 27 Oct 2020
2020,Senate,10/27/20,VA-S2,Mark Warner,Daniel Gade,1,Polls adjusted for house effects & other factors,15.53117,6.282322,6.282322,6.282322,40000,09:25:31 27 Oct 2020
2020,Senate,10/27/20,TX-S2,M.J. Hegar,John Cornyn,4,Expert ratings adjusted for national environment,-10.07086,0,0,7.350092,40000,09:25:31 27 Oct 2020
2020,Senate,10/27/20,TX-S2,M.J. Hegar,John Cornyn,3,Fundamentals (non-polling factors),-8.462662,0,1.284435,1.284435,40000,09:25:31 27 Oct 2020
2020,Senate,10/27/20,TX-S2,M.J. Hegar,John Cornyn,2,CANTOR (analysis of comparable disticts),-9.345529,0,.1545999,.1545999,40000,09:25:31 27 Oct 2020
2020,Senate,10/27/20,TX-S2,M.J. Hegar,John Cornyn,1,Polls adjusted for house effects & other factors,-7.666332,13.29773,13.29773,13.29773,40000,09:25:31 27 Oct 2020
2020,Senate,10/27/20,TN-S2,Marquita Bradshaw,Bill Hagerty,4,Expert ratings adjusted for national environment,-24.95584,0,0,1.537748,40000,09:25:31 27 Oct 2020
2020,Senate,10/27/20,TN-S2,Marquita Bradshaw,Bill Hagerty,3,Fundamentals (non-polling factors),-24.18962,0,1.284435,1.284435,40000,09:25:31 27 Oct 2020
2020,Senate,10/27/20,TN-S2,Marquita Bradshaw,Bill Hagerty,2,CANTOR (analysis of comparable disticts),-11.43406,.3558857,.1545999,.1545999,40000,09:25:31 27 Oct 2020
2020,Senate,10/27/20,TN-S2,Marquita Bradshaw,Bill Hagerty,1,Polls adjusted for house effects & other factors,-20.38429,1.644114,1.644114,1.644114,40000,09:25:31 27 Oct 2020
2020,Senate,10/27/20,SD-S2,Dan Ahlers,Mike Rounds,4,Expert ratings adjusted for national environment,-28.53911,0,0,.7177314,40000,09:25:31 27 Oct 2020
2020,Senate,10/27/20,SD-S2,Dan Ahlers,Mike Rounds,3,Fundamentals (non-polling factors),-25.96483,0,1.284435,1.284435,40000,09:25:31 27 Oct 2020
2020,Senate,10/27/20,SD-S2,Dan Ahlers,Mike Rounds,2,CANTOR (analysis of comparable disticts),-30.57025,.8358126,.1545999,.1545999,40000,09:25:31 27 Oct 2020
2020,Senate,10/27/20,SD-S2,Dan Ahlers,Mike Rounds,1,Polls adjusted for house effects & other factors,,0,0,0,40000,09:25:31 27 Oct 2020
2020,Senate,10/27/20,SC-S2,Jaime Harrison,Lindsey Graham,4,Expert ratings adjusted for national environment,-5.264667,0,0,4.4362,40000,09:25:31 27 Oct 2020
2020,Senate,10/27/20,SC-S2,Jaime Harrison,Lindsey Graham,3,Fundamentals (non-polling factors),-7.712142,0,1.284435,1.284435,40000,09:25:31 27 Oct 2020
2020,Senate,10/27/20,SC-S2,Jaime Harrison,Lindsey Graham,2,CANTOR (analysis of comparable disticts),-8.981671,0,.1545999,.1545999,40000,09:25:31 27 Oct 2020
2020,Senate,10/27/20,SC-S2,Jaime Harrison,Lindsey Graham,1,Polls adjusted for house effects & other factors,-5.533466,7.455442,7.455442,7.455442,40000,09:25:31 27 Oct 2020
2020,Senate,10/27/20,RI-S2,Jack Reed,Allen Waters,4,Expert ratings adjusted for national environment,46.82748,0,0,.7177314,40000,09:25:31 27 Oct 2020
2020,Senate,10/27/20,RI-S2,Jack Reed,Allen Waters,3,Fundamentals (non-polling factors),48.5834,0,1.284435,1.284435,40000,09:25:31 27 Oct 2020
2020,Senate,10/27/20,RI-S2,Jack Reed,Allen Waters,2,CANTOR (analysis of comparable disticts),46.80891,.8358126,.1545999,.1545999,40000,09:25:31 27 Oct 2020
2020,Senate,10/27/20,RI-S2,Jack Reed,Allen Waters,1,Polls adjusted for house effects & other factors,,0,0,0,40000,09:25:31 27 Oct 2020
2020,Senate,10/27/20,OR-S2,Jeff Merkley,Jo Rae Perkins,4,Expert ratings adjusted for national environment,23.79144,0,0,1.305978,40000,09:25:31 27 Oct 2020
2020,Senate,10/27/20,OR-S2,Jeff Merkley,Jo Rae Perkins,3,Fundamentals (non-polling factors),30.24129,0,1.284435,1.284435,40000,09:25:31 27 Oct 2020
2020,Senate,10/27/20,OR-S2,Jeff Merkley,Jo Rae Perkins,2,CANTOR (analysis of comparable disticts),17.54188,.8205799,.1545999,.1545999,40000,09:25:31 27 Oct 2020
2020,Senate,10/27/20,OR-S2,Jeff Merkley,Jo Rae Perkins,1,Polls adjusted for house effects & other factors,19.138,1.17942,1.17942,1.17942,40000,09:25:31 27 Oct 2020
2020,Senate,10/27/20,OK-S2,Abby Broyles,Jim Inhofe,4,Expert ratings adjusted for national environment,-24.67361,0,0,2.191319,40000,09:25:31 27 Oct 2020
2020,Senate,10/27/20,OK-S2,Abby Broyles,Jim Inhofe,3,Fundamentals (non-polling factors),-27.43457,0,1.284435,1.284435,40000,09:25:31 27 Oct 2020
2020,Senate,10/27/20,OK-S2,Abby Broyles,Jim Inhofe,2,CANTOR (analysis of comparable disticts),-22.02142,0,.1545999,.1545999,40000,09:25:31 27 Oct 2020
2020,Senate,10/27/20,OK-S2,Abby Broyles,Jim Inhofe,1,Polls adjusted for house effects & other factors,-18.08549,2.954509,2.954509,2.954509,40000,09:25:31 27 Oct 2020
2020,Senate,10/27/20,NM-S2,Ben Ray Luján,Mark Ronchetti,4,Expert ratings adjusted for national environment,18.58687,0,0,1.958842,40000,09:25:31 27 Oct 2020
2020,Senate,10/27/20,NM-S2,Ben Ray Luján,Mark Ronchetti,3,Fundamentals (non-polling factors),15.93224,0,1.284435,1.284435,40000,09:25:31 27 Oct 2020
2020,Senate,10/27/20,NM-S2,Ben Ray Luján,Mark Ronchetti,2,CANTOR (analysis of comparable disticts),14.60852,0,.1545999,.1545999,40000,09:25:31 27 Oct 2020
2020,Senate,10/27/20,NM-S2,Ben Ray Luján,Mark Ronchetti,1,Polls adjusted for house effects & other factors,8.399105,2.488397,2.488397,2.488397,40000,09:25:31 27 Oct 2020
2020,Senate,10/27/20,NJ-S2,Cory Booker,Rikin Mehta,4,Expert ratings adjusted for national environment,24.85599,0,0,1.958214,40000,09:25:31 27 Oct 2020
2020,Senate,10/27/20,NJ-S2,Cory Booker,Rikin Mehta,3,Fundamentals (non-polling factors),28.82183,0,1.284435,1.284435,40000,09:25:31 27 Oct 2020
2020,Senate,10/27/20,NJ-S2,Cory Booker,Rikin Mehta,2,CANTOR (analysis of comparable disticts),19.32249,0,.1545999,.1545999,40000,09:25:31 27 Oct 2020
2020,Senate,10/27/20,NJ-S2,Cory Booker,Rikin Mehta,1,Polls adjusted for house effects & other factors,24.66126,2.487139,2.487139,2.487139,40000,09:25:31 27 Oct 2020
2020,Senate,10/27/20,NH-S2,Jeanne Shaheen,Corky Messner,4,Expert ratings adjusted for national environment,17.3185,0,0,3.865653,40000,09:25:31 27 Oct 2020
2020,Senate,10/27/20,NH-S2,Jeanne Shaheen,Corky Messner,3,Fundamentals (non-polling factors),26.38097,0,1.284435,1.284435,40000,09:25:31 27 Oct 2020
2020,Senate,10/27/20,NH-S2,Jeanne Shaheen,Corky Messner,2,CANTOR (analysis of comparable disticts),11.55368,0,.1545999,.1545999,40000,09:25:31 27 Oct 2020
2020,Senate,10/27/20,NH-S2,Jeanne Shaheen,Corky Messner,1,Polls adjusted for house effects & other factors,15.49201,6.311509,6.311509,6.311509,40000,09:25:31 27 Oct 2020
2020,Senate,10/27/20,NE-S2,Chris Janicek,Ben Sasse,4,Expert ratings adjusted for national environment,-32.90405,0,0,1.540962,40000,09:25:31 27 Oct 2020
2020,Senate,10/27/20,NE-S2,Chris Janicek,Ben Sasse,3,Fundamentals (non-polling factors),-35.06374,0,1.284435,1.284435,40000,09:25:31 27 Oct 2020
2020,Senate,10/27/20,NE-S2,Chris Janicek,Ben Sasse,2,CANTOR (analysis of comparable disticts),-16.42132,.3494414,.1545999,.1545999,40000,09:25:31 27 Oct 2020
2020,Senate,10/27/20,NE-S2,Chris Janicek,Ben Sasse,1,Polls adjusted for house effects & other factors,-29.57039,1.650559,1.650559,1.650559,40000,09:25:31 27 Oct 2020
2020,Senate,10/27/20,NC-S2,Cal Cunningham,Thom Tillis,4,Expert ratings adjusted for national environment,-.1073241,0,0,11.76915,40000,09:25:31 27 Oct 2020
2020,Senate,10/27/20,NC-S2,Cal Cunningham,Thom Tillis,3,Fundamentals (non-polling factors),-.9497225,0,1.284435,1.284435,40000,09:25:31 27 Oct 2020
2020,Senate,10/27/20,NC-S2,Cal Cunningham,Thom Tillis,2,CANTOR (analysis of comparable disticts),-.3679686,0,.1545999,.1545999,40000,09:25:31 27 Oct 2020
2020,Senate,10/27/20,NC-S2,Cal Cunningham,Thom Tillis,1,Polls adjusted for house effects & other factors,4.006516,22.15783,22.15783,22.15783,40000,09:25:31 27 Oct 2020
2020,Senate,10/27/20,MT-S2,Steve Bullock,Steve Daines,4,Expert ratings adjusted for national environment,-3.805471,0,0,4.490979,40000,09:25:31 27 Oct 2020
2020,Senate,10/27/20,MT-S2,Steve Bullock,Steve Daines,3,Fundamentals (non-polling factors),-2.758241,0,1.284435,1.284435,40000,09:25:31 27 Oct 2020
2020,Senate,10/27/20,MT-S2,Steve Bullock,Steve Daines,2,CANTOR (analysis of comparable disticts),-11.39697,0,.1545999,.1545999,40000,09:25:31 27 Oct 2020
2020,Senate,10/27/20,MT-S2,Steve Bullock,Steve Daines,1,Polls adjusted for house effects & other factors,-2.821861,7.565272,7.565272,7.565272,40000,09:25:31 27 Oct 2020
2020,Senate,10/27/20,MS-S2,Mike Espy,Cindy Hyde-Smith,4,Expert ratings adjusted for national environment,-21.35459,0,0,1.469814,40000,09:25:31 27 Oct 2020
2020,Senate,10/27/20,MS-S2,Mike Espy,Cindy Hyde-Smith,3,Fundamentals (non-polling factors),-1.61703,0,1.284435,1.284435,40000,09:25:31 27 Oct 2020
2020,Senate,10/27/20,MS-S2,Mike Espy,Cindy Hyde-Smith,2,CANTOR (analysis of comparable disticts),-7.376298,.4920924,.1545999,.1545999,40000,09:25:31 27 Oct 2020
2020,Senate,10/27/20,MS-S2,Mike Espy,Cindy Hyde-Smith,1,Polls adjusted for house effects & other factors,-8.216602,1.507908,1.507908,1.507908,40000,09:25:31 27 Oct 2020
2020,Senate,10/27/20,MN-S2,Tina Smith,Jason Lewis,4,Expert ratings adjusted for national environment,18.81628,0,0,4.029315,40000,09:25:31 27 Oct 2020
2020,Senate,10/27/20,MN-S2,Tina Smith,Jason Lewis,3,Fundamentals (non-polling factors),17.18197,0,1.284435,1.284435,40000,09:25:31 27 Oct 2020
2020,Senate,10/27/20,MN-S2,Tina Smith,Jason Lewis,2,CANTOR (analysis of comparable disticts),12.53615,0,.1545999,.1545999,40000,09:25:31 27 Oct 2020
2020,Senate,10/27/20,MN-S2,Tina Smith,Jason Lewis,1,Polls adjusted for house effects & other factors,6.650459,6.639647,6.639647,6.639647,40000,09:25:31 27 Oct 2020
2020,Senate,10/27/20,MI-S2,Gary Peters,John James,4,Expert ratings adjusted for national environment,5.150334,0,0,13.15213,40000,09:25:31 27 Oct 2020
2020,Senate,10/27/20,MI-S2,Gary Peters,John James,3,Fundamentals (non-polling factors),20.79217,0,1.284435,1.284435,40000,09:25:31 27 Oct 2020
2020,Senate,10/27/20,MI-S2,Gary Peters,John James,2,CANTOR (analysis of comparable disticts),17.33847,0,.1545999,.1545999,40000,09:25:31 27 Oct 2020
2020,Senate,10/27/20,MI-S2,Gary Peters,John James,1,Polls adjusted for house effects & other factors,6.569618,24.93068,24.93068,24.93068,40000,09:25:31 27 Oct 2020
2020,Senate,10/27/20,ME-S2,Sara Gideon,Susan Collins,4,Expert ratings adjusted for national environment,2.131627,0,0,4.364059,40000,09:25:31 27 Oct 2020
2020,Senate,10/27/20,ME-S2,Sara Gideon,Susan Collins,3,Fundamentals (non-polling factors),-11.84124,0,1.284435,1.284435,40000,09:25:31 27 Oct 2020
2020,Senate,10/27/20,ME-S2,Sara Gideon,Susan Collins,2,CANTOR (analysis of comparable disticts),4.008287,0,.1545999,.1545999,40000,09:25:31 27 Oct 2020
2020,Senate,10/27/20,ME-S2,Sara Gideon,Susan Collins,1,Polls adjusted for house effects & other factors,5.840408,7.310802,7.310802,7.310802,40000,09:25:31 27 Oct 2020
2020,Senate,10/27/20,MA-S2,Ed Markey,Kevin O'Connor,4,Expert ratings adjusted for national environment,34.28555,0,0,1.631865,40000,09:25:31 27 Oct 2020
2020,Senate,10/27/20,MA-S2,Ed Markey,Kevin O'Connor,3,Fundamentals (non-polling factors),38.11089,0,1.284435,1.284435,40000,09:25:31 27 Oct 2020
2020,Senate,10/27/20,MA-S2,Ed Markey,Kevin O'Connor,2,CANTOR (analysis of comparable disticts),28.57546,.1671834,.1545999,.1545999,40000,09:25:31 27 Oct 2020
2020,Senate,10/27/20,MA-S2,Ed Markey,Kevin O'Connor,1,Polls adjusted for house effects & other factors,34.81195,1.832817,1.832817,1.832817,40000,09:25:31 27 Oct 2020
2020,Senate,10/27/20,LA-S2,All Democrats,All Republicans,4,Expert ratings adjusted for national environment,-25.97124,0,0,.7177314,40000,09:25:31 27 Oct 2020
2020,Senate,10/27/20,LA-S2,All Democrats,All Republicans,3,Fundamentals (non-polling factors),-9.268137,0,1.284435,1.284435,40000,09:25:31 27 Oct 2020
2020,Senate,10/27/20,LA-S2,All Democrats,All Republicans,2,CANTOR (analysis of comparable disticts),-18.37835,.8358126,.1545999,.1545999,40000,09:25:31 27 Oct 2020
2020,Senate,10/27/20,LA-S2,All Democrats,All Republicans,1,Polls adjusted for house effects & other factors,,0,0,0,40000,09:25:31 27 Oct 2020
2020,Senate,10/27/20,KY-S2,Amy McGrath,Mitch McConnell,4,Expert ratings adjusted for national environment,-17.65284,0,0,2.819939,40000,09:25:31 27 Oct 2020
2020,Senate,10/27/20,KY-S2,Amy McGrath,Mitch McConnell,3,Fundamentals (non-polling factors),-10.04722,0,1.284435,1.284435,40000,09:25:31 27 Oct 2020
2020,Senate,10/27/20,KY-S2,Amy McGrath,Mitch McConnell,2,CANTOR (analysis of comparable disticts),-14.84984,0,.1545999,.1545999,40000,09:25:31 27 Oct 2020
2020,Senate,10/27/20,KY-S2,Amy McGrath,Mitch McConnell,1,Polls adjusted for house effects & other factors,-11.68176,4.214877,4.214877,4.214877,40000,09:25:31 27 Oct 2020
2020,Senate,10/27/20,KS-S2,Barbara Bollier,Roger Marshall,4,Expert ratings adjusted for national environment,-7.503618,0,0,3.932563,40000,09:25:31 27 Oct 2020
2020,Senate,10/27/20,KS-S2,Barbara Bollier,Roger Marshall,3,Fundamentals (non-polling factors),-6.628669,0,1.284435,1.284435,40000,09:25:31 27 Oct 2020
2020,Senate,10/27/20,KS-S2,Barbara Bollier,Roger Marshall,2,CANTOR (analysis of comparable disticts),-7.770847,0,.1545999,.1545999,40000,09:25:31 27 Oct 2020
2020,Senate,10/27/20,KS-S2,Barbara Bollier,Roger Marshall,1,Polls adjusted for house effects & other factors,-3.111305,6.445661,6.445661,6.445661,40000,09:25:31 27 Oct 2020
2020,Senate,10/27/20,IL-S2,Richard J. Durbin,Mark C. Curran Jr.,4,Expert ratings adjusted for national environment,26.63162,0,0,.7177314,40000,09:25:31 27 Oct 2020
2020,Senate,10/27/20,IL-S2,Richard J. Durbin,Mark C. Curran Jr.,3,Fundamentals (non-polling factors),27.02262,0,1.284435,1.284435,40000,09:25:31 27 Oct 2020
2020,Senate,10/27/20,IL-S2,Richard J. Durbin,Mark C. Curran Jr.,2,CANTOR (analysis of comparable disticts),34.68103,.8358126,.1545999,.1545999,40000,09:25:31 27 Oct 2020
2020,Senate,10/27/20,IL-S2,Richard J. Durbin,Mark C. Curran Jr.,1,Polls adjusted for house effects & other factors,,0,0,0,40000,09:25:31 27 Oct 2020
2020,Senate,10/27/20,ID-S2,Paulette Jordan,Jim Risch,4,Expert ratings adjusted for national environment,-25.79608,0,0,1.161281,40000,09:25:31 27 Oct 2020
2020,Senate,10/27/20,ID-S2,Paulette Jordan,Jim Risch,3,Fundamentals (non-polling factors),-21.6721,0,1.284435,1.284435,40000,09:25:31 27 Oct 2020
2020,Senate,10/27/20,ID-S2,Paulette Jordan,Jim Risch,2,CANTOR (analysis of comparable disticts),-21.89644,.8358126,.1545999,.1545999,40000,09:25:31 27 Oct 2020
2020,Senate,10/27/20,ID-S2,Paulette Jordan,Jim Risch,1,Polls adjusted for house effects & other factors,-24.90539,.8893057,.8893057,.8893057,40000,09:25:31 27 Oct 2020
2020,Senate,10/27/20,IA-S2,Theresa Greenfield,Joni Ernst,4,Expert ratings adjusted for national environment,.6724317,0,0,7.116808,40000,09:25:31 27 Oct 2020
2020,Senate,10/27/20,IA-S2,Theresa Greenfield,Joni Ernst,3,Fundamentals (non-polling factors),-.1898363,0,1.284435,1.284435,40000,09:25:31 27 Oct 2020
2020,Senate,10/27/20,IA-S2,Theresa Greenfield,Joni Ernst,2,CANTOR (analysis of comparable disticts),-6.233015,0,.1545999,.1545999,40000,09:25:31 27 Oct 2020
2020,Senate,10/27/20,IA-S2,Theresa Greenfield,Joni Ernst,1,Polls adjusted for house effects & other factors,1.613514,12.83,12.83,12.83,40000,09:25:31 27 Oct 2020
2020,Senate,10/27/20,GA-S3,All Democrats,All Republicans,4,Expert ratings adjusted for national environment,-6.044423,0,0,7.518037,40000,09:25:31 27 Oct 2020
2020,Senate,10/27/20,GA-S3,All Democrats,All Republicans,3,Fundamentals (non-polling factors),2.869483,0,1.284435,1.284435,40000,09:25:31 27 Oct 2020
2020,Senate,10/27/20,GA-S3,All Democrats,All Republicans,2,CANTOR (analysis of comparable disticts),-.3467811,0,.1545999,.1545999,40000,09:25:31 27 Oct 2020
2020,Senate,10/27/20,GA-S3,All Democrats,All Republicans,1,Polls adjusted for house effects & other factors,-3.938366,13.63445,13.63445,13.63445,40000,09:25:31 27 Oct 2020
2020,Senate,10/27/20,GA-S2,Jon Ossoff,David Perdue,4,Expert ratings adjusted for national environment,-5.264667,0,0,9.257878,40000,09:25:31 27 Oct 2020
2020,Senate,10/27/20,GA-S2,Jon Ossoff,David Perdue,3,Fundamentals (non-polling factors),-.5118657,0,1.284435,1.284435,40000,09:25:31 27 Oct 2020
2020,Senate,10/27/20,GA-S2,Jon Ossoff,David Perdue,2,CANTOR (analysis of comparable disticts),-7.161807,0,.1545999,.1545999,40000,09:25:31 27 Oct 2020
2020,Senate,10/27/20,GA-S2,Jon Ossoff,David Perdue,1,Polls adjusted for house effects & other factors,-.6923981,17.12279,17.12279,17.12279,40000,09:25:31 27 Oct 2020
2020,Senate,10/27/20,DE-S2,Christopher A. Coons,Lauren Witzke,4,Expert ratings adjusted for national environment,29.90651,0,0,1.375906,40000,09:25:31 27 Oct 2020
2020,Senate,10/27/20,DE-S2,Christopher A. Coons,Lauren Witzke,3,Fundamentals (non-polling factors),33.5495,0,1.284435,1.284435,40000,09:25:31 27 Oct 2020
2020,Senate,10/27/20,DE-S2,Christopher A. Coons,Lauren Witzke,2,CANTOR (analysis of comparable disticts),21.08665,.6803744,.1545999,.1545999,40000,09:25:31 27 Oct 2020
2020,Senate,10/27/20,DE-S2,Christopher A. Coons,Lauren Witzke,1,Polls adjusted for house effects & other factors,30.38442,1.319626,1.319626,1.319626,40000,09:25:31 27 Oct 2020
2020,Senate,10/27/20,CO-S2,John W. Hickenlooper,Cory Gardner,4,Expert ratings adjusted for national environment,6.93782,0,0,4.996011,40000,09:25:31 27 Oct 2020
2020,Senate,10/27/20,CO-S2,John W. Hickenlooper,Cory Gardner,3,Fundamentals (non-polling factors),2.653907,0,1.284435,1.284435,40000,09:25:31 27 Oct 2020
2020,Senate,10/27/20,CO-S2,John W. Hickenlooper,Cory Gardner,2,CANTOR (analysis of comparable disticts),1.843804,0,.1545999,.1545999,40000,09:25:31 27 Oct 2020
2020,Senate,10/27/20,CO-S2,John W. Hickenlooper,Cory Gardner,1,Polls adjusted for house effects & other factors,8.939617,8.577849,8.577849,8.577849,40000,09:25:31 27 Oct 2020
2020,Senate,10/27/20,AZ-S3,Mark Kelly,Martha McSally,4,Expert ratings adjusted for national environment,4.370578,0,0,10.63916,40000,09:25:31 27 Oct 2020
2020,Senate,10/27/20,AZ-S3,Mark Kelly,Martha McSally,3,Fundamentals (non-polling factors),.7848978,0,1.284435,1.284435,40000,09:25:31 27 Oct 2020
2020,Senate,10/27/20,AZ-S3,Mark Kelly,Martha McSally,2,CANTOR (analysis of comparable disticts),2.844037,0,.1545999,.1545999,40000,09:25:31 27 Oct 2020
2020,Senate,10/27/20,AZ-S3,Mark Kelly,Martha McSally,1,Polls adjusted for house effects & other factors,6.638794,19.89223,19.89223,19.89223,40000,09:25:31 27 Oct 2020
2020,Senate,10/27/20,AR-S2,Ricky Dale Harrington Jr.,Tom Cotton,4,Expert ratings adjusted for national environment,-60.96458,0,0,1.787365,40000,09:25:31 27 Oct 2020
2020,Senate,10/27/20,AR-S2,Ricky Dale Harrington Jr.,Tom Cotton,3,Fundamentals (non-polling factors),-63.83518,0,1.439034,1.439034,40000,09:25:31 27 Oct 2020
2020,Senate,10/27/20,AR-S2,Ricky Dale Harrington Jr.,Tom Cotton,2,CANTOR (analysis of comparable disticts),,0,0,0,40000,09:25:31 27 Oct 2020
2020,Senate,10/27/20,AR-S2,Ricky Dale Harrington Jr.,Tom Cotton,1,Polls adjusted for house effects & other factors,-26.60597,2.14459,2.14459,2.14459,40000,09:25:31 27 Oct 2020
2020,Senate,10/27/20,AL-S2,Doug Jones,Tommy Tuberville,4,Expert ratings adjusted for national environment,-10.07086,0,0,2.722255,40000,09:25:31 27 Oct 2020
2020,Senate,10/27/20,AL-S2,Doug Jones,Tommy Tuberville,3,Fundamentals (non-polling factors),10.64054,0,1.284435,1.284435,40000,09:25:31 27 Oct 2020
2020,Senate,10/27/20,AL-S2,Doug Jones,Tommy Tuberville,2,CANTOR (analysis of comparable disticts),-6.59905,0,.1545999,.1545999,40000,09:25:31 27 Oct 2020
2020,Senate,10/27/20,AL-S2,Doug Jones,Tommy Tuberville,1,Polls adjusted for house effects & other factors,-10.89254,4.019023,4.019023,4.019023,40000,09:25:31 27 Oct 2020
2020,Senate,10/27/20,AK-S2,Al Gross,Dan Sullivan,4,Expert ratings adjusted for national environment,-10.07086,0,0,3.435226,40000,09:25:31 27 Oct 2020
2020,Senate,10/27/20,AK-S2,Al Gross,Dan Sullivan,3,Fundamentals (non-polling factors),-3.301164,0,1.284435,1.284435,40000,09:25:31 27 Oct 2020
2020,Senate,10/27/20,AK-S2,Al Gross,Dan Sullivan,2,CANTOR (analysis of comparable disticts),-8.652067,0,.1545999,.1545999,40000,09:25:31 27 Oct 2020
2020,Senate,10/27/20,AK-S2,Al Gross,Dan Sullivan,1,Polls adjusted for house effects & other factors,-5.038242,5.448513,5.448513,5.448513,40000,09:25:31 27 Oct 2020
