cycle,branch,model,modeldate,candidate_inc,candidate_chal,candidate_3rd,state,step_no,value_inc,value_chal,value_3rd,weight,step_description,timestamp,simulations
2020,President,polls-plus,10/24/2020,Trump,Biden,"",Wyoming,9,68.17552,28.84114,,,Projected vote share,09:13:03 24 Oct 2020,40000
2020,President,polls-plus,10/24/2020,Trump,Biden,"",Wyoming,8,71.3916,25.62506,,.0572679,Blend with economic fundamentals,09:13:03 24 Oct 2020,40000
2020,President,polls-plus,10/24/2020,Trump,Biden,"",Wyoming,7,67.97923,29.03744,,,Snapshot,09:13:03 24 Oct 2020,40000
2020,President,polls-plus,10/24/2020,Trump,Biden,"",Wyoming,6,68.15347,28.8632,,.6637299,Blend with regression,09:13:03 24 Oct 2020,40000
2020,President,polls-plus,10/24/2020,Trump,Biden,"",Wyoming,5,67.63529,29.38137,,,Reallocated vote share,09:13:03 24 Oct 2020,40000
2020,President,polls-plus,10/24/2020,Trump,Biden,"",Wyoming,4,1.008057,1.00806,,,Reallocate undecideds and third-party votes,09:13:03 24 Oct 2020,40000
2020,President,polls-plus,10/24/2020,Trump,Biden,"",Wyoming,3,66.62724,28.37331,,,Adjusted polling average,09:13:03 24 Oct 2020,40000
2020,President,polls-plus,10/24/2020,Trump,Biden,"",Wyoming,2,-.1146851,.0351067,,,Adjust for bounces & recent events,09:13:03 24 Oct 2020,40000
2020,President,polls-plus,10/24/2020,Trump,Biden,"",Wyoming,1,66.74192,28.33821,,,Polling average,09:13:03 24 Oct 2020,40000
2020,President,polls-plus,10/24/2020,Trump,Biden,"",Wyoming,10,.998875,.001125,,,Chance of winning,09:13:03 24 Oct 2020,40000
2020,President,polls-plus,10/24/2020,Trump,Biden,"",Wisconsin,9,46.54203,52.51529,,,Projected vote share,09:13:03 24 Oct 2020,40000
2020,President,polls-plus,10/24/2020,Trump,Biden,"",Wisconsin,8,50.40144,48.65588,,.0572679,Blend with economic fundamentals,09:13:03 24 Oct 2020,40000
2020,President,polls-plus,10/24/2020,Trump,Biden,"",Wisconsin,7,46.28506,52.77226,,,Snapshot,09:13:03 24 Oct 2020,40000
2020,President,polls-plus,10/24/2020,Trump,Biden,"",Wisconsin,6,45.93609,53.12123,,.1143786,Blend with regression,09:13:03 24 Oct 2020,40000
2020,President,polls-plus,10/24/2020,Trump,Biden,"",Wisconsin,5,46.33013,52.72719,,,Reallocated vote share,09:13:03 24 Oct 2020,40000
2020,President,polls-plus,10/24/2020,Trump,Biden,"",Wisconsin,4,2.273731,2.273735,,,Reallocate undecideds and third-party votes,09:13:03 24 Oct 2020,40000
2020,President,polls-plus,10/24/2020,Trump,Biden,"",Wisconsin,3,44.0564,50.45346,,,Adjusted polling average,09:13:03 24 Oct 2020,40000
2020,President,polls-plus,10/24/2020,Trump,Biden,"",Wisconsin,2,-.0175285,.0096893,,,Adjust for bounces & recent events,09:13:03 24 Oct 2020,40000
2020,President,polls-plus,10/24/2020,Trump,Biden,"",Wisconsin,1,44.07393,50.44377,,,Polling average,09:13:03 24 Oct 2020,40000
2020,President,polls-plus,10/24/2020,Trump,Biden,"",Wisconsin,10,.13925,.86075,,,Chance of winning,09:13:03 24 Oct 2020,40000
2020,President,polls-plus,10/24/2020,Trump,Biden,"",West Virginia,9,63.11208,35.08006,,,Projected vote share,09:13:03 24 Oct 2020,40000
2020,President,polls-plus,10/24/2020,Trump,Biden,"",West Virginia,8,66.61688,31.57525,,.0572679,Blend with economic fundamentals,09:13:03 24 Oct 2020,40000
2020,President,polls-plus,10/24/2020,Trump,Biden,"",West Virginia,7,62.86526,35.32687,,,Snapshot,09:13:03 24 Oct 2020,40000
2020,President,polls-plus,10/24/2020,Trump,Biden,"",West Virginia,6,65.93301,32.25912,,.3819415,Blend with regression,09:13:03 24 Oct 2020,40000
2020,President,polls-plus,10/24/2020,Trump,Biden,"",West Virginia,5,60.96949,37.22265,,,Reallocated vote share,09:13:03 24 Oct 2020,40000
2020,President,polls-plus,10/24/2020,Trump,Biden,"",West Virginia,4,1.483021,1.483021,,,Reallocate undecideds and third-party votes,09:13:03 24 Oct 2020,40000
2020,President,polls-plus,10/24/2020,Trump,Biden,"",West Virginia,3,59.48647,35.73963,,,Adjusted polling average,09:13:03 24 Oct 2020,40000
2020,President,polls-plus,10/24/2020,Trump,Biden,"",West Virginia,2,.0484238,-.0916862,,,Adjust for bounces & recent events,09:13:03 24 Oct 2020,40000
2020,President,polls-plus,10/24/2020,Trump,Biden,"",West Virginia,1,59.43804,35.83131,,,Polling average,09:13:03 24 Oct 2020,40000
2020,President,polls-plus,10/24/2020,Trump,Biden,"",West Virginia,10,.98755,.01245,,,Chance of winning,09:13:03 24 Oct 2020,40000
2020,President,polls-plus,10/24/2020,Trump,Biden,"",Washington,9,36.98235,60.90913,,,Projected vote share,09:13:03 24 Oct 2020,40000
2020,President,polls-plus,10/24/2020,Trump,Biden,"",Washington,8,40.66937,57.2221,,.0572679,Blend with economic fundamentals,09:13:03 24 Oct 2020,40000
2020,President,polls-plus,10/24/2020,Trump,Biden,"",Washington,7,36.7406,61.15088,,,Snapshot,09:13:03 24 Oct 2020,40000
2020,President,polls-plus,10/24/2020,Trump,Biden,"",Washington,6,36.2253,61.66618,,.313853,Blend with regression,09:13:03 24 Oct 2020,40000
2020,President,polls-plus,10/24/2020,Trump,Biden,"",Washington,5,36.97631,60.91517,,,Reallocated vote share,09:13:03 24 Oct 2020,40000
2020,President,polls-plus,10/24/2020,Trump,Biden,"",Washington,4,1.878803,1.878807,,,Reallocate undecideds and third-party votes,09:13:03 24 Oct 2020,40000
2020,President,polls-plus,10/24/2020,Trump,Biden,"",Washington,3,35.09751,59.03636,,,Adjusted polling average,09:13:03 24 Oct 2020,40000
2020,President,polls-plus,10/24/2020,Trump,Biden,"",Washington,2,-.0426407,.006897,,,Adjust for bounces & recent events,09:13:03 24 Oct 2020,40000
2020,President,polls-plus,10/24/2020,Trump,Biden,"",Washington,1,35.14015,59.02946,,,Polling average,09:13:03 24 Oct 2020,40000
2020,President,polls-plus,10/24/2020,Trump,Biden,"",Washington,10,.008675,.991325,,,Chance of winning,09:13:03 24 Oct 2020,40000
2020,President,polls-plus,10/24/2020,Trump,Biden,"",Virginia,9,43.32203,55.70743,,,Projected vote share,09:13:03 24 Oct 2020,40000
2020,President,polls-plus,10/24/2020,Trump,Biden,"",Virginia,8,47.19313,51.83633,,.0572679,Blend with economic fundamentals,09:13:03 24 Oct 2020,40000
2020,President,polls-plus,10/24/2020,Trump,Biden,"",Virginia,7,43.10128,55.92817,,,Snapshot,09:13:03 24 Oct 2020,40000
2020,President,polls-plus,10/24/2020,Trump,Biden,"",Virginia,6,41.83331,57.19614,,.2819331,Blend with regression,09:13:03 24 Oct 2020,40000
2020,President,polls-plus,10/24/2020,Trump,Biden,"",Virginia,5,43.59913,55.43033,,,Reallocated vote share,09:13:03 24 Oct 2020,40000
2020,President,polls-plus,10/24/2020,Trump,Biden,"",Virginia,4,2.723507,2.723499,,,Reallocate undecideds and third-party votes,09:13:03 24 Oct 2020,40000
2020,President,polls-plus,10/24/2020,Trump,Biden,"",Virginia,3,40.87562,52.70683,,,Adjusted polling average,09:13:03 24 Oct 2020,40000
2020,President,polls-plus,10/24/2020,Trump,Biden,"",Virginia,2,-.0283279,.0115471,,,Adjust for bounces & recent events,09:13:03 24 Oct 2020,40000
2020,President,polls-plus,10/24/2020,Trump,Biden,"",Virginia,1,40.90395,52.69528,,,Polling average,09:13:03 24 Oct 2020,40000
2020,President,polls-plus,10/24/2020,Trump,Biden,"",Virginia,10,.012825,.987175,,,Chance of winning,09:13:03 24 Oct 2020,40000
2020,President,polls-plus,10/24/2020,Trump,Biden,"",Vermont,9,31.42331,66.045,,,Projected vote share,09:13:03 24 Oct 2020,40000
2020,President,polls-plus,10/24/2020,Trump,Biden,"",Vermont,8,34.87569,62.59261,,.0572679,Blend with economic fundamentals,09:13:03 24 Oct 2020,40000
2020,President,polls-plus,10/24/2020,Trump,Biden,"",Vermont,7,31.15979,66.30852,,,Snapshot,09:13:03 24 Oct 2020,40000
2020,President,polls-plus,10/24/2020,Trump,Biden,"",Vermont,6,29.72347,67.74483,,.4149466,Blend with regression,09:13:03 24 Oct 2020,40000
2020,President,polls-plus,10/24/2020,Trump,Biden,"",Vermont,5,32.17849,65.28982,,,Reallocated vote share,09:13:03 24 Oct 2020,40000
2020,President,polls-plus,10/24/2020,Trump,Biden,"",Vermont,4,2.322405,2.322403,,,Reallocate undecideds and third-party votes,09:13:03 24 Oct 2020,40000
2020,President,polls-plus,10/24/2020,Trump,Biden,"",Vermont,3,29.85608,62.96741,,,Adjusted polling average,09:13:03 24 Oct 2020,40000
2020,President,polls-plus,10/24/2020,Trump,Biden,"",Vermont,2,-.0648346,.0232887,,,Adjust for bounces & recent events,09:13:03 24 Oct 2020,40000
2020,President,polls-plus,10/24/2020,Trump,Biden,"",Vermont,1,29.92092,62.94413,,,Polling average,09:13:03 24 Oct 2020,40000
2020,President,polls-plus,10/24/2020,Trump,Biden,"",Vermont,10,.007825,.992175,,,Chance of winning,09:13:03 24 Oct 2020,40000
2020,President,polls-plus,10/24/2020,Trump,Biden,"",Utah,9,56.01079,41.15989,,,Projected vote share,09:13:03 24 Oct 2020,40000
2020,President,polls-plus,10/24/2020,Trump,Biden,"",Utah,8,59.69928,37.47139,,.0572679,Blend with economic fundamentals,09:13:03 24 Oct 2020,40000
2020,President,polls-plus,10/24/2020,Trump,Biden,"",Utah,7,55.77277,41.3979,,,Snapshot,09:13:03 24 Oct 2020,40000
2020,President,polls-plus,10/24/2020,Trump,Biden,"",Utah,6,59.26731,37.90337,,.3272623,Blend with regression,09:13:03 24 Oct 2020,40000
2020,President,polls-plus,10/24/2020,Trump,Biden,"",Utah,5,54.07281,43.09787,,,Reallocated vote share,09:13:03 24 Oct 2020,40000
2020,President,polls-plus,10/24/2020,Trump,Biden,"",Utah,4,3.073135,3.073135,,,Reallocate undecideds and third-party votes,09:13:03 24 Oct 2020,40000
2020,President,polls-plus,10/24/2020,Trump,Biden,"",Utah,3,50.99967,40.02473,,,Adjusted polling average,09:13:03 24 Oct 2020,40000
2020,President,polls-plus,10/24/2020,Trump,Biden,"",Utah,2,.0123558,-.0430298,,,Adjust for bounces & recent events,09:13:03 24 Oct 2020,40000
2020,President,polls-plus,10/24/2020,Trump,Biden,"",Utah,1,50.98732,40.06776,,,Polling average,09:13:03 24 Oct 2020,40000
2020,President,polls-plus,10/24/2020,Trump,Biden,"",Utah,10,.9591,.0409,,,Chance of winning,09:13:03 24 Oct 2020,40000
2020,President,polls-plus,10/24/2020,Trump,Biden,"",Texas,9,50.66964,48.37918,,,Projected vote share,09:13:03 24 Oct 2020,40000
2020,President,polls-plus,10/24/2020,Trump,Biden,"",Texas,8,54.52996,44.51886,,.0572679,Blend with economic fundamentals,09:13:03 24 Oct 2020,40000
2020,President,polls-plus,10/24/2020,Trump,Biden,"",Texas,7,50.4236,48.62522,,,Snapshot,09:13:03 24 Oct 2020,40000
2020,President,polls-plus,10/24/2020,Trump,Biden,"",Texas,6,52.29099,46.75783,,.2338003,Blend with regression,09:13:03 24 Oct 2020,40000
2020,President,polls-plus,10/24/2020,Trump,Biden,"",Texas,5,49.85378,49.19504,,,Reallocated vote share,09:13:03 24 Oct 2020,40000
2020,President,polls-plus,10/24/2020,Trump,Biden,"",Texas,4,1.946526,1.946529,,,Reallocate undecideds and third-party votes,09:13:03 24 Oct 2020,40000
2020,President,polls-plus,10/24/2020,Trump,Biden,"",Texas,3,47.90725,47.24851,,,Adjusted polling average,09:13:03 24 Oct 2020,40000
2020,President,polls-plus,10/24/2020,Trump,Biden,"",Texas,2,-.0186119,.0039558,,,Adjust for bounces & recent events,09:13:03 24 Oct 2020,40000
2020,President,polls-plus,10/24/2020,Trump,Biden,"",Texas,1,47.92587,47.24455,,,Polling average,09:13:03 24 Oct 2020,40000
2020,President,polls-plus,10/24/2020,Trump,Biden,"",Texas,10,.6576,.3424,,,Chance of winning,09:13:03 24 Oct 2020,40000
2020,President,polls-plus,10/24/2020,Trump,Biden,"",Tennessee,9,57.37663,41.58305,,,Projected vote share,09:13:03 24 Oct 2020,40000
2020,President,polls-plus,10/24/2020,Trump,Biden,"",Tennessee,8,61.13371,37.82597,,.0572679,Blend with economic fundamentals,09:13:03 24 Oct 2020,40000
2020,President,polls-plus,10/24/2020,Trump,Biden,"",Tennessee,7,57.14351,41.81618,,,Snapshot,09:13:03 24 Oct 2020,40000
2020,President,polls-plus,10/24/2020,Trump,Biden,"",Tennessee,6,58.58047,40.37921,,.4359419,Blend with regression,09:13:03 24 Oct 2020,40000
2020,President,polls-plus,10/24/2020,Trump,Biden,"",Tennessee,5,56.03292,42.92676,,,Reallocated vote share,09:13:03 24 Oct 2020,40000
2020,President,polls-plus,10/24/2020,Trump,Biden,"",Tennessee,4,1.879917,1.879913,,,Reallocate undecideds and third-party votes,09:13:03 24 Oct 2020,40000
2020,President,polls-plus,10/24/2020,Trump,Biden,"",Tennessee,3,54.15301,41.04684,,,Adjusted polling average,09:13:03 24 Oct 2020,40000
2020,President,polls-plus,10/24/2020,Trump,Biden,"",Tennessee,2,-.0550537,.0060692,,,Adjust for bounces & recent events,09:13:03 24 Oct 2020,40000
2020,President,polls-plus,10/24/2020,Trump,Biden,"",Tennessee,1,54.20806,41.04078,,,Polling average,09:13:03 24 Oct 2020,40000
2020,President,polls-plus,10/24/2020,Trump,Biden,"",Tennessee,10,.965775,.034225,,,Chance of winning,09:13:03 24 Oct 2020,40000
2020,President,polls-plus,10/24/2020,Trump,Biden,"",South Dakota,9,58.12897,40.48302,,,Projected vote share,09:13:03 24 Oct 2020,40000
2020,President,polls-plus,10/24/2020,Trump,Biden,"",South Dakota,8,61.83743,36.77456,,.0572679,Blend with economic fundamentals,09:13:03 24 Oct 2020,40000
2020,President,polls-plus,10/24/2020,Trump,Biden,"",South Dakota,7,57.88646,40.72553,,,Snapshot,09:13:03 24 Oct 2020,40000
2020,President,polls-plus,10/24/2020,Trump,Biden,"",South Dakota,6,58.97663,39.63535,,.6339319,Blend with regression,09:13:03 24 Oct 2020,40000
2020,President,polls-plus,10/24/2020,Trump,Biden,"",South Dakota,5,55.99856,42.61342,,,Reallocated vote share,09:13:03 24 Oct 2020,40000
2020,President,polls-plus,10/24/2020,Trump,Biden,"",South Dakota,4,2.111294,2.11129,,,Reallocate undecideds and third-party votes,09:13:03 24 Oct 2020,40000
2020,President,polls-plus,10/24/2020,Trump,Biden,"",South Dakota,3,53.88727,40.50213,,,Adjusted polling average,09:13:03 24 Oct 2020,40000
2020,President,polls-plus,10/24/2020,Trump,Biden,"",South Dakota,2,-.1023636,.0298958,,,Adjust for bounces & recent events,09:13:03 24 Oct 2020,40000
2020,President,polls-plus,10/24/2020,Trump,Biden,"",South Dakota,1,53.98963,40.47224,,,Polling average,09:13:03 24 Oct 2020,40000
2020,President,polls-plus,10/24/2020,Trump,Biden,"",South Dakota,10,.9612,.0388,,,Chance of winning,09:13:03 24 Oct 2020,40000
2020,President,polls-plus,10/24/2020,Trump,Biden,"",South Carolina,9,53.55045,45.58701,,,Projected vote share,09:13:03 24 Oct 2020,40000
2020,President,polls-plus,10/24/2020,Trump,Biden,"",South Carolina,8,57.41581,41.72165,,.0572679,Blend with economic fundamentals,09:13:03 24 Oct 2020,40000
2020,President,polls-plus,10/24/2020,Trump,Biden,"",South Carolina,7,53.33885,45.79861,,,Snapshot,09:13:03 24 Oct 2020,40000
2020,President,polls-plus,10/24/2020,Trump,Biden,"",South Carolina,6,53.77676,45.36069,,.2633761,Blend with regression,09:13:03 24 Oct 2020,40000
2020,President,polls-plus,10/24/2020,Trump,Biden,"",South Carolina,5,53.18228,45.95518,,,Reallocated vote share,09:13:03 24 Oct 2020,40000
2020,President,polls-plus,10/24/2020,Trump,Biden,"",South Carolina,4,2.414337,2.414337,,,Reallocate undecideds and third-party votes,09:13:03 24 Oct 2020,40000
2020,President,polls-plus,10/24/2020,Trump,Biden,"",South Carolina,3,50.76794,43.54084,,,Adjusted polling average,09:13:03 24 Oct 2020,40000
2020,President,polls-plus,10/24/2020,Trump,Biden,"",South Carolina,2,-.0129356,.0033684,,,Adjust for bounces & recent events,09:13:03 24 Oct 2020,40000
2020,President,polls-plus,10/24/2020,Trump,Biden,"",South Carolina,1,50.78088,43.53747,,,Polling average,09:13:03 24 Oct 2020,40000
2020,President,polls-plus,10/24/2020,Trump,Biden,"",South Carolina,10,.8987,.1013,,,Chance of winning,09:13:03 24 Oct 2020,40000
2020,President,polls-plus,10/24/2020,Trump,Biden,"",Rhode Island,9,35.60954,63.10937,,,Projected vote share,09:13:03 24 Oct 2020,40000
2020,President,polls-plus,10/24/2020,Trump,Biden,"",Rhode Island,8,39.23389,59.48502,,.0572679,Blend with economic fundamentals,09:13:03 24 Oct 2020,40000
2020,President,polls-plus,10/24/2020,Trump,Biden,"",Rhode Island,7,35.32469,63.39423,,,Snapshot,09:13:03 24 Oct 2020,40000
2020,President,polls-plus,10/24/2020,Trump,Biden,"",Rhode Island,6,36.38021,62.3387,,.6510943,Blend with regression,09:13:03 24 Oct 2020,40000
2020,President,polls-plus,10/24/2020,Trump,Biden,"",Rhode Island,5,33.35497,65.36394,,,Reallocated vote share,09:13:03 24 Oct 2020,40000
2020,President,polls-plus,10/24/2020,Trump,Biden,"",Rhode Island,4,1.285378,1.285378,,,Reallocate undecideds and third-party votes,09:13:03 24 Oct 2020,40000
2020,President,polls-plus,10/24/2020,Trump,Biden,"",Rhode Island,3,32.06959,64.07856,,,Adjusted polling average,09:13:03 24 Oct 2020,40000
2020,President,polls-plus,10/24/2020,Trump,Biden,"",Rhode Island,2,-.0264015,-.0028229,,,Adjust for bounces & recent events,09:13:03 24 Oct 2020,40000
2020,President,polls-plus,10/24/2020,Trump,Biden,"",Rhode Island,1,32.09599,64.08138,,,Polling average,09:13:03 24 Oct 2020,40000
2020,President,polls-plus,10/24/2020,Trump,Biden,"",Rhode Island,10,.00105,.99895,,,Chance of winning,09:13:03 24 Oct 2020,40000
2020,President,polls-plus,10/24/2020,Trump,Biden,"",Pennsylvania,9,46.81784,52.48226,,,Projected vote share,09:13:03 24 Oct 2020,40000
2020,President,polls-plus,10/24/2020,Trump,Biden,"",Pennsylvania,8,50.70946,48.59064,,.0572679,Blend with economic fundamentals,09:13:03 24 Oct 2020,40000
2020,President,polls-plus,10/24/2020,Trump,Biden,"",Pennsylvania,7,46.58246,52.71764,,,Snapshot,09:13:03 24 Oct 2020,40000
2020,President,polls-plus,10/24/2020,Trump,Biden,"",Pennsylvania,6,45.69391,53.60619,,.0621743,Blend with regression,09:13:03 24 Oct 2020,40000
2020,President,polls-plus,10/24/2020,Trump,Biden,"",Pennsylvania,5,46.64137,52.65873,,,Reallocated vote share,09:13:03 24 Oct 2020,40000
2020,President,polls-plus,10/24/2020,Trump,Biden,"",Pennsylvania,4,2.180073,2.180069,,,Reallocate undecideds and third-party votes,09:13:03 24 Oct 2020,40000
2020,President,polls-plus,10/24/2020,Trump,Biden,"",Pennsylvania,3,44.4613,50.47866,,,Adjusted polling average,09:13:03 24 Oct 2020,40000
2020,President,polls-plus,10/24/2020,Trump,Biden,"",Pennsylvania,2,-.0115509,.0063133,,,Adjust for bounces & recent events,09:13:03 24 Oct 2020,40000
2020,President,polls-plus,10/24/2020,Trump,Biden,"",Pennsylvania,1,44.47285,50.47235,,,Polling average,09:13:03 24 Oct 2020,40000
2020,President,polls-plus,10/24/2020,Trump,Biden,"",Pennsylvania,10,.134575,.865425,,,Chance of winning,09:13:03 24 Oct 2020,40000
2020,President,polls-plus,10/24/2020,Trump,Biden,"",Oregon,9,40.00393,57.90368,,,Projected vote share,09:13:03 24 Oct 2020,40000
2020,President,polls-plus,10/24/2020,Trump,Biden,"",Oregon,8,43.75666,54.15095,,.0572679,Blend with economic fundamentals,09:13:03 24 Oct 2020,40000
2020,President,polls-plus,10/24/2020,Trump,Biden,"",Oregon,7,39.75566,58.15195,,,Snapshot,09:13:03 24 Oct 2020,40000
2020,President,polls-plus,10/24/2020,Trump,Biden,"",Oregon,6,40.69579,57.21182,,.358369,Blend with regression,09:13:03 24 Oct 2020,40000
2020,President,polls-plus,10/24/2020,Trump,Biden,"",Oregon,5,39.23056,58.67705,,,Reallocated vote share,09:13:03 24 Oct 2020,40000
2020,President,polls-plus,10/24/2020,Trump,Biden,"",Oregon,4,1.497013,1.497009,,,Reallocate undecideds and third-party votes,09:13:03 24 Oct 2020,40000
2020,President,polls-plus,10/24/2020,Trump,Biden,"",Oregon,3,37.73355,57.18004,,,Adjusted polling average,09:13:03 24 Oct 2020,40000
2020,President,polls-plus,10/24/2020,Trump,Biden,"",Oregon,2,-.0366859,-.0023155,,,Adjust for bounces & recent events,09:13:03 24 Oct 2020,40000
2020,President,polls-plus,10/24/2020,Trump,Biden,"",Oregon,1,37.77024,57.18236,,,Polling average,09:13:03 24 Oct 2020,40000
2020,President,polls-plus,10/24/2020,Trump,Biden,"",Oregon,10,.0268,.9732,,,Chance of winning,09:13:03 24 Oct 2020,40000
2020,President,polls-plus,10/24/2020,Trump,Biden,"",Oklahoma,9,61.8004,37.07087,,,Projected vote share,09:13:03 24 Oct 2020,40000
2020,President,polls-plus,10/24/2020,Trump,Biden,"",Oklahoma,8,65.43282,33.43845,,.0572679,Blend with economic fundamentals,09:13:03 24 Oct 2020,40000
2020,President,polls-plus,10/24/2020,Trump,Biden,"",Oklahoma,7,61.58732,37.28395,,,Snapshot,09:13:03 24 Oct 2020,40000
2020,President,polls-plus,10/24/2020,Trump,Biden,"",Oklahoma,6,64.27337,34.5979,,.3143236,Blend with regression,09:13:03 24 Oct 2020,40000
2020,President,polls-plus,10/24/2020,Trump,Biden,"",Oklahoma,5,60.356,38.51527,,,Reallocated vote share,09:13:03 24 Oct 2020,40000
2020,President,polls-plus,10/24/2020,Trump,Biden,"",Oklahoma,4,2.27882,2.27882,,,Reallocate undecideds and third-party votes,09:13:03 24 Oct 2020,40000
2020,President,polls-plus,10/24/2020,Trump,Biden,"",Oklahoma,3,58.07718,36.23645,,,Adjusted polling average,09:13:03 24 Oct 2020,40000
2020,President,polls-plus,10/24/2020,Trump,Biden,"",Oklahoma,2,-.0862808,.0495491,,,Adjust for bounces & recent events,09:13:03 24 Oct 2020,40000
2020,President,polls-plus,10/24/2020,Trump,Biden,"",Oklahoma,1,58.16346,36.1869,,,Polling average,09:13:03 24 Oct 2020,40000
2020,President,polls-plus,10/24/2020,Trump,Biden,"",Oklahoma,10,.9931,.0069,,,Chance of winning,09:13:03 24 Oct 2020,40000
2020,President,polls-plus,10/24/2020,Trump,Biden,"",Ohio,9,49.95947,49.03293,,,Projected vote share,09:13:03 24 Oct 2020,40000
2020,President,polls-plus,10/24/2020,Trump,Biden,"",Ohio,8,53.82056,45.17184,,.0572679,Blend with economic fundamentals,09:13:03 24 Oct 2020,40000
2020,President,polls-plus,10/24/2020,Trump,Biden,"",Ohio,7,49.71184,49.28057,,,Snapshot,09:13:03 24 Oct 2020,40000
2020,President,polls-plus,10/24/2020,Trump,Biden,"",Ohio,6,48.42767,50.56473,,.1989741,Blend with regression,09:13:03 24 Oct 2020,40000
2020,President,polls-plus,10/24/2020,Trump,Biden,"",Ohio,5,50.03082,48.96158,,,Reallocated vote share,09:13:03 24 Oct 2020,40000
2020,President,polls-plus,10/24/2020,Trump,Biden,"",Ohio,4,2.452866,2.452866,,,Reallocate undecideds and third-party votes,09:13:03 24 Oct 2020,40000
2020,President,polls-plus,10/24/2020,Trump,Biden,"",Ohio,3,47.57796,46.50872,,,Adjusted polling average,09:13:03 24 Oct 2020,40000
2020,President,polls-plus,10/24/2020,Trump,Biden,"",Ohio,2,-.0095406,.0079422,,,Adjust for bounces & recent events,09:13:03 24 Oct 2020,40000
2020,President,polls-plus,10/24/2020,Trump,Biden,"",Ohio,1,47.5875,46.50077,,,Polling average,09:13:03 24 Oct 2020,40000
2020,President,polls-plus,10/24/2020,Trump,Biden,"",Ohio,10,.56785,.43215,,,Chance of winning,09:13:03 24 Oct 2020,40000
2020,President,polls-plus,10/24/2020,Trump,Biden,"",North Dakota,9,60.44361,37.05387,,,Projected vote share,09:13:03 24 Oct 2020,40000
2020,President,polls-plus,10/24/2020,Trump,Biden,"",North Dakota,8,64.00294,33.49454,,.0572679,Blend with economic fundamentals,09:13:03 24 Oct 2020,40000
2020,President,polls-plus,10/24/2020,Trump,Biden,"",North Dakota,7,60.19108,37.3064,,,Snapshot,09:13:03 24 Oct 2020,40000
2020,President,polls-plus,10/24/2020,Trump,Biden,"",North Dakota,6,62.53146,34.96603,,.4092283,Blend with regression,09:13:03 24 Oct 2020,40000
2020,President,polls-plus,10/24/2020,Trump,Biden,"",North Dakota,5,58.56989,38.92759,,,Reallocated vote share,09:13:03 24 Oct 2020,40000
2020,President,polls-plus,10/24/2020,Trump,Biden,"",North Dakota,4,1.607216,1.607212,,,Reallocate undecideds and third-party votes,09:13:03 24 Oct 2020,40000
2020,President,polls-plus,10/24/2020,Trump,Biden,"",North Dakota,3,56.96268,37.32038,,,Adjusted polling average,09:13:03 24 Oct 2020,40000
2020,President,polls-plus,10/24/2020,Trump,Biden,"",North Dakota,2,-.0367241,.0292625,,,Adjust for bounces & recent events,09:13:03 24 Oct 2020,40000
2020,President,polls-plus,10/24/2020,Trump,Biden,"",North Dakota,1,56.9994,37.29111,,,Polling average,09:13:03 24 Oct 2020,40000
2020,President,polls-plus,10/24/2020,Trump,Biden,"",North Dakota,10,.986475,.013525,,,Chance of winning,09:13:03 24 Oct 2020,40000
2020,President,polls-plus,10/24/2020,Trump,Biden,"",North Carolina,9,48.49093,50.77174,,,Projected vote share,09:13:03 24 Oct 2020,40000
2020,President,polls-plus,10/24/2020,Trump,Biden,"",North Carolina,8,52.38776,46.87491,,.0572679,Blend with economic fundamentals,09:13:03 24 Oct 2020,40000
2020,President,polls-plus,10/24/2020,Trump,Biden,"",North Carolina,7,48.26162,51.00105,,,Snapshot,09:13:03 24 Oct 2020,40000
2020,President,polls-plus,10/24/2020,Trump,Biden,"",North Carolina,6,48.52453,50.73814,,.0845758,Blend with regression,09:13:03 24 Oct 2020,40000
2020,President,polls-plus,10/24/2020,Trump,Biden,"",North Carolina,5,48.23734,51.02534,,,Reallocated vote share,09:13:03 24 Oct 2020,40000
2020,President,polls-plus,10/24/2020,Trump,Biden,"",North Carolina,4,1.936562,1.936558,,,Reallocate undecideds and third-party votes,09:13:03 24 Oct 2020,40000
2020,President,polls-plus,10/24/2020,Trump,Biden,"",North Carolina,3,46.30077,49.08878,,,Adjusted polling average,09:13:03 24 Oct 2020,40000
2020,President,polls-plus,10/24/2020,Trump,Biden,"",North Carolina,2,.0013123,.0212784,,,Adjust for bounces & recent events,09:13:03 24 Oct 2020,40000
2020,President,polls-plus,10/24/2020,Trump,Biden,"",North Carolina,1,46.29946,49.0675,,,Polling average,09:13:03 24 Oct 2020,40000
2020,President,polls-plus,10/24/2020,Trump,Biden,"",North Carolina,10,.335475,.664525,,,Chance of winning,09:13:03 24 Oct 2020,40000
2020,President,polls-plus,10/24/2020,Trump,Biden,"",New York,9,34.78556,64.18755,,,Projected vote share,09:13:03 24 Oct 2020,40000
2020,President,polls-plus,10/24/2020,Trump,Biden,"",New York,8,38.46053,60.51258,,.0572679,Blend with economic fundamentals,09:13:03 24 Oct 2020,40000
2020,President,polls-plus,10/24/2020,Trump,Biden,"",New York,7,34.57027,64.40284,,,Snapshot,09:13:03 24 Oct 2020,40000
2020,President,polls-plus,10/24/2020,Trump,Biden,"",New York,6,34.89917,64.07394,,.339025,Blend with regression,09:13:03 24 Oct 2020,40000
2020,President,polls-plus,10/24/2020,Trump,Biden,"",New York,5,34.40158,64.57153,,,Reallocated vote share,09:13:03 24 Oct 2020,40000
2020,President,polls-plus,10/24/2020,Trump,Biden,"",New York,4,2.593777,2.593781,,,Reallocate undecideds and third-party votes,09:13:03 24 Oct 2020,40000
2020,President,polls-plus,10/24/2020,Trump,Biden,"",New York,3,31.8078,61.97775,,,Adjusted polling average,09:13:03 24 Oct 2020,40000
2020,President,polls-plus,10/24/2020,Trump,Biden,"",New York,2,.0635433,-.2890968,,,Adjust for bounces & recent events,09:13:03 24 Oct 2020,40000
2020,President,polls-plus,10/24/2020,Trump,Biden,"",New York,1,31.74426,62.26685,,,Polling average,09:13:03 24 Oct 2020,40000
2020,President,polls-plus,10/24/2020,Trump,Biden,"",New York,10,.000125,.999875,,,Chance of winning,09:13:03 24 Oct 2020,40000
2020,President,polls-plus,10/24/2020,Trump,Biden,"",New Mexico,9,42.43967,55.70097,,,Projected vote share,09:13:03 24 Oct 2020,40000
2020,President,polls-plus,10/24/2020,Trump,Biden,"",New Mexico,8,46.23061,51.91003,,.0572679,Blend with economic fundamentals,09:13:03 24 Oct 2020,40000
2020,President,polls-plus,10/24/2020,Trump,Biden,"",New Mexico,7,42.18207,55.95858,,,Snapshot,09:13:03 24 Oct 2020,40000
2020,President,polls-plus,10/24/2020,Trump,Biden,"",New Mexico,6,40.88945,57.25119,,.3172532,Blend with regression,09:13:03 24 Oct 2020,40000
2020,President,polls-plus,10/24/2020,Trump,Biden,"",New Mexico,5,42.78271,55.35793,,,Reallocated vote share,09:13:03 24 Oct 2020,40000
2020,President,polls-plus,10/24/2020,Trump,Biden,"",New Mexico,4,1.877544,1.877541,,,Reallocate undecideds and third-party votes,09:13:03 24 Oct 2020,40000
2020,President,polls-plus,10/24/2020,Trump,Biden,"",New Mexico,3,40.90517,53.48039,,,Adjusted polling average,09:13:03 24 Oct 2020,40000
2020,President,polls-plus,10/24/2020,Trump,Biden,"",New Mexico,2,-.2957191,.116703,,,Adjust for bounces & recent events,09:13:03 24 Oct 2020,40000
2020,President,polls-plus,10/24/2020,Trump,Biden,"",New Mexico,1,41.20089,53.36369,,,Polling average,09:13:03 24 Oct 2020,40000
2020,President,polls-plus,10/24/2020,Trump,Biden,"",New Mexico,10,.028875,.971125,,,Chance of winning,09:13:03 24 Oct 2020,40000
2020,President,polls-plus,10/24/2020,Trump,Biden,"",New Jersey,9,39.77428,59.41467,,,Projected vote share,09:13:03 24 Oct 2020,40000
2020,President,polls-plus,10/24/2020,Trump,Biden,"",New Jersey,8,43.56791,55.62104,,.0572679,Blend with economic fundamentals,09:13:03 24 Oct 2020,40000
2020,President,polls-plus,10/24/2020,Trump,Biden,"",New Jersey,7,39.52989,59.65906,,,Snapshot,09:13:03 24 Oct 2020,40000
2020,President,polls-plus,10/24/2020,Trump,Biden,"",New Jersey,6,39.28629,59.90266,,.2816226,Blend with regression,09:13:03 24 Oct 2020,40000
2020,President,polls-plus,10/24/2020,Trump,Biden,"",New Jersey,5,39.62539,59.56356,,,Reallocated vote share,09:13:03 24 Oct 2020,40000
2020,President,polls-plus,10/24/2020,Trump,Biden,"",New Jersey,4,3.234314,3.234314,,,Reallocate undecideds and third-party votes,09:13:03 24 Oct 2020,40000
2020,President,polls-plus,10/24/2020,Trump,Biden,"",New Jersey,3,36.39108,56.32925,,,Adjusted polling average,09:13:03 24 Oct 2020,40000
2020,President,polls-plus,10/24/2020,Trump,Biden,"",New Jersey,2,-.0369568,.00317,,,Adjust for bounces & recent events,09:13:03 24 Oct 2020,40000
2020,President,polls-plus,10/24/2020,Trump,Biden,"",New Jersey,1,36.42803,56.32608,,,Polling average,09:13:03 24 Oct 2020,40000
2020,President,polls-plus,10/24/2020,Trump,Biden,"",New Jersey,10,.011575,.988425,,,Chance of winning,09:13:03 24 Oct 2020,40000
2020,President,polls-plus,10/24/2020,Trump,Biden,"",New Hampshire,9,44.47871,54.56207,,,Projected vote share,09:13:03 24 Oct 2020,40000
2020,President,polls-plus,10/24/2020,Trump,Biden,"",New Hampshire,8,48.27402,50.76675,,.0572679,Blend with economic fundamentals,09:13:03 24 Oct 2020,40000
2020,President,polls-plus,10/24/2020,Trump,Biden,"",New Hampshire,7,44.17086,54.86992,,,Snapshot,09:13:03 24 Oct 2020,40000
2020,President,polls-plus,10/24/2020,Trump,Biden,"",New Hampshire,6,44.75757,54.28321,,.3168738,Blend with regression,09:13:03 24 Oct 2020,40000
2020,President,polls-plus,10/24/2020,Trump,Biden,"",New Hampshire,5,43.89871,55.14207,,,Reallocated vote share,09:13:03 24 Oct 2020,40000
2020,President,polls-plus,10/24/2020,Trump,Biden,"",New Hampshire,4,1.529716,1.529713,,,Reallocate undecideds and third-party votes,09:13:03 24 Oct 2020,40000
2020,President,polls-plus,10/24/2020,Trump,Biden,"",New Hampshire,3,42.36899,53.61235,,,Adjusted polling average,09:13:03 24 Oct 2020,40000
2020,President,polls-plus,10/24/2020,Trump,Biden,"",New Hampshire,2,-.0288086,.0045357,,,Adjust for bounces & recent events,09:13:03 24 Oct 2020,40000
2020,President,polls-plus,10/24/2020,Trump,Biden,"",New Hampshire,1,42.3978,53.60782,,,Polling average,09:13:03 24 Oct 2020,40000
2020,President,polls-plus,10/24/2020,Trump,Biden,"",New Hampshire,10,.132375,.867625,,,Chance of winning,09:13:03 24 Oct 2020,40000
2020,President,polls-plus,10/24/2020,Trump,Biden,"",Nevada,9,45.47332,53.00679,,,Projected vote share,09:13:03 24 Oct 2020,40000
2020,President,polls-plus,10/24/2020,Trump,Biden,"",Nevada,8,49.30244,49.17767,,.0572679,Blend with economic fundamentals,09:13:03 24 Oct 2020,40000
2020,President,polls-plus,10/24/2020,Trump,Biden,"",Nevada,7,45.21343,53.26668,,,Snapshot,09:13:03 24 Oct 2020,40000
2020,President,polls-plus,10/24/2020,Trump,Biden,"",Nevada,6,43.62301,54.8571,,.3481883,Blend with regression,09:13:03 24 Oct 2020,40000
2020,President,polls-plus,10/24/2020,Trump,Biden,"",Nevada,5,46.063,52.41711,,,Reallocated vote share,09:13:03 24 Oct 2020,40000
2020,President,polls-plus,10/24/2020,Trump,Biden,"",Nevada,4,2.491108,2.491112,,,Reallocate undecideds and third-party votes,09:13:03 24 Oct 2020,40000
2020,President,polls-plus,10/24/2020,Trump,Biden,"",Nevada,3,43.5719,49.92599,,,Adjusted polling average,09:13:03 24 Oct 2020,40000
2020,President,polls-plus,10/24/2020,Trump,Biden,"",Nevada,2,-.0315514,.0058594,,,Adjust for bounces & recent events,09:13:03 24 Oct 2020,40000
2020,President,polls-plus,10/24/2020,Trump,Biden,"",Nevada,1,43.60345,49.92014,,,Polling average,09:13:03 24 Oct 2020,40000
2020,President,polls-plus,10/24/2020,Trump,Biden,"",Nevada,10,.100675,.899325,,,Chance of winning,09:13:03 24 Oct 2020,40000
2020,President,polls-plus,10/24/2020,Trump,Biden,"",Nebraska,9,57.85678,40.41877,,,Projected vote share,09:13:03 24 Oct 2020,40000
2020,President,polls-plus,10/24/2020,Trump,Biden,"",Nebraska,8,61.55703,36.71854,,.0572679,Blend with economic fundamentals,09:13:03 24 Oct 2020,40000
2020,President,polls-plus,10/24/2020,Trump,Biden,"",Nebraska,7,57.65249,40.68267,,,Snapshot,09:13:03 24 Oct 2020,40000
2020,President,polls-plus,10/24/2020,Trump,Biden,"",Nebraska,6,58.54131,39.79386,,.5926082,Blend with regression,09:13:03 24 Oct 2020,40000
2020,President,polls-plus,10/24/2020,Trump,Biden,"",Nebraska,5,52.72732,45.60785,,,Reallocated vote share,09:13:03 24 Oct 2020,40000
2020,President,polls-plus,10/24/2020,Trump,Biden,"",Nebraska,4,1.63765,1.63765,,,Reallocate undecideds and third-party votes,09:13:03 24 Oct 2020,40000
2020,President,polls-plus,10/24/2020,Trump,Biden,"",Nebraska,3,51.08967,43.9702,,,Adjusted polling average,09:13:03 24 Oct 2020,40000
2020,President,polls-plus,10/24/2020,Trump,Biden,"",Nebraska,2,-.0642014,-.0880814,,,Adjust for bounces & recent events,09:13:03 24 Oct 2020,40000
2020,President,polls-plus,10/24/2020,Trump,Biden,"",Nebraska,1,51.15387,44.05828,,,Polling average,09:13:03 24 Oct 2020,40000
2020,President,polls-plus,10/24/2020,Trump,Biden,"",Nebraska,10,.991125,.008875,,,Chance of winning,09:13:03 24 Oct 2020,40000
2020,President,polls-plus,10/24/2020,Trump,Biden,"",NE-3,9,72.24998,25.57448,,,Projected vote share,09:13:03 24 Oct 2020,40000
2020,President,polls-plus,10/24/2020,Trump,Biden,"",NE-3,8,75.26576,22.55869,,.0572679,Blend with economic fundamentals,09:13:03 24 Oct 2020,40000
2020,President,polls-plus,10/24/2020,Trump,Biden,"",NE-3,7,72.048,25.77645,,,Snapshot,09:13:03 24 Oct 2020,40000
2020,President,polls-plus,10/24/2020,Trump,Biden,"",NE-3,6,72.048,25.77645,,1,Blend with regression,09:13:03 24 Oct 2020,40000
2020,President,polls-plus,10/24/2020,Trump,Biden,"",NE-3,5,,,,,Reallocated vote share,09:13:03 24 Oct 2020,40000
2020,President,polls-plus,10/24/2020,Trump,Biden,"",NE-3,4,,,,,Reallocate undecideds and third-party votes,09:13:03 24 Oct 2020,40000
2020,President,polls-plus,10/24/2020,Trump,Biden,"",NE-3,3,,,,,Adjusted polling average,09:13:03 24 Oct 2020,40000
2020,President,polls-plus,10/24/2020,Trump,Biden,"",NE-3,2,,,,,Adjust for bounces & recent events,09:13:03 24 Oct 2020,40000
2020,President,polls-plus,10/24/2020,Trump,Biden,"",NE-3,1,,,,,Polling average,09:13:03 24 Oct 2020,40000
2020,President,polls-plus,10/24/2020,Trump,Biden,"",NE-3,10,.9998,.0002,,,Chance of winning,09:13:03 24 Oct 2020,40000
2020,President,polls-plus,10/24/2020,Trump,Biden,"",NE-2,9,47.04089,51.6166,,,Projected vote share,09:13:03 24 Oct 2020,40000
2020,President,polls-plus,10/24/2020,Trump,Biden,"",NE-2,8,50.88769,47.76981,,.0572679,Blend with economic fundamentals,09:13:03 24 Oct 2020,40000
2020,President,polls-plus,10/24/2020,Trump,Biden,"",NE-2,7,46.7864,51.8711,,,Snapshot,09:13:03 24 Oct 2020,40000
2020,President,polls-plus,10/24/2020,Trump,Biden,"",NE-2,6,48.11286,50.54464,,.3981946,Blend with regression,09:13:03 24 Oct 2020,40000
2020,President,polls-plus,10/24/2020,Trump,Biden,"",NE-2,5,45.90873,52.74877,,,Reallocated vote share,09:13:03 24 Oct 2020,40000
2020,President,polls-plus,10/24/2020,Trump,Biden,"",NE-2,4,2.368469,2.368469,,,Reallocate undecideds and third-party votes,09:13:03 24 Oct 2020,40000
2020,President,polls-plus,10/24/2020,Trump,Biden,"",NE-2,3,43.54026,50.3803,,,Adjusted polling average,09:13:03 24 Oct 2020,40000
2020,President,polls-plus,10/24/2020,Trump,Biden,"",NE-2,2,-.0431023,.0018997,,,Adjust for bounces & recent events,09:13:03 24 Oct 2020,40000
2020,President,polls-plus,10/24/2020,Trump,Biden,"",NE-2,1,43.58336,50.3784,,,Polling average,09:13:03 24 Oct 2020,40000
2020,President,polls-plus,10/24/2020,Trump,Biden,"",NE-2,10,.22805,.77195,,,Chance of winning,09:13:03 24 Oct 2020,40000
2020,President,polls-plus,10/24/2020,Trump,Biden,"",NE-1,9,55.20188,43.11122,,,Projected vote share,09:13:03 24 Oct 2020,40000
2020,President,polls-plus,10/24/2020,Trump,Biden,"",NE-1,8,58.97723,39.33587,,.0572679,Blend with economic fundamentals,09:13:03 24 Oct 2020,40000
2020,President,polls-plus,10/24/2020,Trump,Biden,"",NE-1,7,54.97155,43.34155,,,Snapshot,09:13:03 24 Oct 2020,40000
2020,President,polls-plus,10/24/2020,Trump,Biden,"",NE-1,6,56.37609,41.93702,,.7278288,Blend with regression,09:13:03 24 Oct 2020,40000
2020,President,polls-plus,10/24/2020,Trump,Biden,"",NE-1,5,51.21561,47.0975,,,Reallocated vote share,09:13:03 24 Oct 2020,40000
2020,President,polls-plus,10/24/2020,Trump,Biden,"",NE-1,4,1.441288,1.441288,,,Reallocate undecideds and third-party votes,09:13:03 24 Oct 2020,40000
2020,President,polls-plus,10/24/2020,Trump,Biden,"",NE-1,3,49.77432,45.65621,,,Adjusted polling average,09:13:03 24 Oct 2020,40000
2020,President,polls-plus,10/24/2020,Trump,Biden,"",NE-1,2,-.327179,.1362343,,,Adjust for bounces & recent events,09:13:03 24 Oct 2020,40000
2020,President,polls-plus,10/24/2020,Trump,Biden,"",NE-1,1,50.1015,45.51997,,,Polling average,09:13:03 24 Oct 2020,40000
2020,President,polls-plus,10/24/2020,Trump,Biden,"",NE-1,10,.9548,.0452,,,Chance of winning,09:13:03 24 Oct 2020,40000
2020,President,polls-plus,10/24/2020,Trump,Biden,"",Montana,9,53.84461,44.1174,,,Projected vote share,09:13:03 24 Oct 2020,40000
2020,President,polls-plus,10/24/2020,Trump,Biden,"",Montana,8,57.60875,40.35326,,.0572679,Blend with economic fundamentals,09:13:03 24 Oct 2020,40000
2020,President,polls-plus,10/24/2020,Trump,Biden,"",Montana,7,53.59473,44.36727,,,Snapshot,09:13:03 24 Oct 2020,40000
2020,President,polls-plus,10/24/2020,Trump,Biden,"",Montana,6,55.43931,42.5227,,.2889587,Blend with regression,09:13:03 24 Oct 2020,40000
2020,President,polls-plus,10/24/2020,Trump,Biden,"",Montana,5,52.84512,45.11689,,,Reallocated vote share,09:13:03 24 Oct 2020,40000
2020,President,polls-plus,10/24/2020,Trump,Biden,"",Montana,4,1.432331,1.432331,,,Reallocate undecideds and third-party votes,09:13:03 24 Oct 2020,40000
2020,President,polls-plus,10/24/2020,Trump,Biden,"",Montana,3,51.41279,43.68456,,,Adjusted polling average,09:13:03 24 Oct 2020,40000
2020,President,polls-plus,10/24/2020,Trump,Biden,"",Montana,2,.0276642,.0512848,,,Adjust for bounces & recent events,09:13:03 24 Oct 2020,40000
2020,President,polls-plus,10/24/2020,Trump,Biden,"",Montana,1,51.38513,43.63327,,,Polling average,09:13:03 24 Oct 2020,40000
2020,President,polls-plus,10/24/2020,Trump,Biden,"",Montana,10,.8983,.1017,,,Chance of winning,09:13:03 24 Oct 2020,40000
2020,President,polls-plus,10/24/2020,Trump,Biden,"",Missouri,9,53.90526,44.76749,,,Projected vote share,09:13:03 24 Oct 2020,40000
2020,President,polls-plus,10/24/2020,Trump,Biden,"",Missouri,8,57.71259,40.96017,,.0572679,Blend with economic fundamentals,09:13:03 24 Oct 2020,40000
2020,President,polls-plus,10/24/2020,Trump,Biden,"",Missouri,7,53.66396,45.00879,,,Snapshot,09:13:03 24 Oct 2020,40000
2020,President,polls-plus,10/24/2020,Trump,Biden,"",Missouri,6,55.41299,43.25976,,.3901709,Blend with regression,09:13:03 24 Oct 2020,40000
2020,President,polls-plus,10/24/2020,Trump,Biden,"",Missouri,5,52.54493,46.12783,,,Reallocated vote share,09:13:03 24 Oct 2020,40000
2020,President,polls-plus,10/24/2020,Trump,Biden,"",Missouri,4,1.406212,1.406212,,,Reallocate undecideds and third-party votes,09:13:03 24 Oct 2020,40000
2020,President,polls-plus,10/24/2020,Trump,Biden,"",Missouri,3,51.13872,44.72161,,,Adjusted polling average,09:13:03 24 Oct 2020,40000
2020,President,polls-plus,10/24/2020,Trump,Biden,"",Missouri,2,-.0667305,.0041656,,,Adjust for bounces & recent events,09:13:03 24 Oct 2020,40000
2020,President,polls-plus,10/24/2020,Trump,Biden,"",Missouri,1,51.20545,44.71745,,,Polling average,09:13:03 24 Oct 2020,40000
2020,President,polls-plus,10/24/2020,Trump,Biden,"",Missouri,10,.920475,.079525,,,Chance of winning,09:13:03 24 Oct 2020,40000
2020,President,polls-plus,10/24/2020,Trump,Biden,"",Mississippi,9,56.3415,42.88551,,,Projected vote share,09:13:03 24 Oct 2020,40000
2020,President,polls-plus,10/24/2020,Trump,Biden,"",Mississippi,8,60.18168,39.04533,,.0572679,Blend with economic fundamentals,09:13:03 24 Oct 2020,40000
2020,President,polls-plus,10/24/2020,Trump,Biden,"",Mississippi,7,56.15326,43.07376,,,Snapshot,09:13:03 24 Oct 2020,40000
2020,President,polls-plus,10/24/2020,Trump,Biden,"",Mississippi,6,54.89743,44.32958,,.4043019,Blend with regression,09:13:03 24 Oct 2020,40000
2020,President,polls-plus,10/24/2020,Trump,Biden,"",Mississippi,5,57.00558,42.22143,,,Reallocated vote share,09:13:03 24 Oct 2020,40000
2020,President,polls-plus,10/24/2020,Trump,Biden,"",Mississippi,4,2.817554,2.817554,,,Reallocate undecideds and third-party votes,09:13:03 24 Oct 2020,40000
2020,President,polls-plus,10/24/2020,Trump,Biden,"",Mississippi,3,54.18803,39.40387,,,Adjusted polling average,09:13:03 24 Oct 2020,40000
2020,President,polls-plus,10/24/2020,Trump,Biden,"",Mississippi,2,-.2852974,-.0145302,,,Adjust for bounces & recent events,09:13:03 24 Oct 2020,40000
2020,President,polls-plus,10/24/2020,Trump,Biden,"",Mississippi,1,54.47333,39.4184,,,Polling average,09:13:03 24 Oct 2020,40000
2020,President,polls-plus,10/24/2020,Trump,Biden,"",Mississippi,10,.8998,.1002,,,Chance of winning,09:13:03 24 Oct 2020,40000
2020,President,polls-plus,10/24/2020,Trump,Biden,"",Minnesota,9,45.46931,53.01878,,,Projected vote share,09:13:03 24 Oct 2020,40000
2020,President,polls-plus,10/24/2020,Trump,Biden,"",Minnesota,8,49.31766,49.17043,,.0572679,Blend with economic fundamentals,09:13:03 24 Oct 2020,40000
2020,President,polls-plus,10/24/2020,Trump,Biden,"",Minnesota,7,45.22826,53.25983,,,Snapshot,09:13:03 24 Oct 2020,40000
2020,President,polls-plus,10/24/2020,Trump,Biden,"",Minnesota,6,44.84317,53.64492,,.2592747,Blend with regression,09:13:03 24 Oct 2020,40000
2020,President,polls-plus,10/24/2020,Trump,Biden,"",Minnesota,5,45.36305,53.12504,,,Reallocated vote share,09:13:03 24 Oct 2020,40000
2020,President,polls-plus,10/24/2020,Trump,Biden,"",Minnesota,4,2.977489,2.977486,,,Reallocate undecideds and third-party votes,09:13:03 24 Oct 2020,40000
2020,President,polls-plus,10/24/2020,Trump,Biden,"",Minnesota,3,42.38556,50.14755,,,Adjusted polling average,09:13:03 24 Oct 2020,40000
2020,President,polls-plus,10/24/2020,Trump,Biden,"",Minnesota,2,-.0217323,.0004997,,,Adjust for bounces & recent events,09:13:03 24 Oct 2020,40000
2020,President,polls-plus,10/24/2020,Trump,Biden,"",Minnesota,1,42.4073,50.14705,,,Polling average,09:13:03 24 Oct 2020,40000
2020,President,polls-plus,10/24/2020,Trump,Biden,"",Minnesota,10,.09225,.90775,,,Chance of winning,09:13:03 24 Oct 2020,40000
2020,President,polls-plus,10/24/2020,Trump,Biden,"",Michigan,9,45.7598,53.16925,,,Projected vote share,09:13:03 24 Oct 2020,40000
2020,President,polls-plus,10/24/2020,Trump,Biden,"",Michigan,8,49.61996,49.30909,,.0572679,Blend with economic fundamentals,09:13:03 24 Oct 2020,40000
2020,President,polls-plus,10/24/2020,Trump,Biden,"",Michigan,7,45.51183,53.41722,,,Snapshot,09:13:03 24 Oct 2020,40000
2020,President,polls-plus,10/24/2020,Trump,Biden,"",Michigan,6,43.24117,55.68788,,.0779099,Blend with regression,09:13:03 24 Oct 2020,40000
2020,President,polls-plus,10/24/2020,Trump,Biden,"",Michigan,5,45.70369,53.22537,,,Reallocated vote share,09:13:03 24 Oct 2020,40000
2020,President,polls-plus,10/24/2020,Trump,Biden,"",Michigan,4,2.869965,2.869965,,,Reallocate undecideds and third-party votes,09:13:03 24 Oct 2020,40000
2020,President,polls-plus,10/24/2020,Trump,Biden,"",Michigan,3,42.83372,50.3554,,,Adjusted polling average,09:13:03 24 Oct 2020,40000
2020,President,polls-plus,10/24/2020,Trump,Biden,"",Michigan,2,-.0212631,.0486565,,,Adjust for bounces & recent events,09:13:03 24 Oct 2020,40000
2020,President,polls-plus,10/24/2020,Trump,Biden,"",Michigan,1,42.85498,50.30675,,,Polling average,09:13:03 24 Oct 2020,40000
2020,President,polls-plus,10/24/2020,Trump,Biden,"",Michigan,10,.086275,.913725,,,Chance of winning,09:13:03 24 Oct 2020,40000
2020,President,polls-plus,10/24/2020,Trump,Biden,"",Massachusetts,9,31.44581,67.06178,,,Projected vote share,09:13:03 24 Oct 2020,40000
2020,President,polls-plus,10/24/2020,Trump,Biden,"",Massachusetts,8,34.93686,63.57073,,.0572679,Blend with economic fundamentals,09:13:03 24 Oct 2020,40000
2020,President,polls-plus,10/24/2020,Trump,Biden,"",Massachusetts,7,31.19466,67.31293,,,Snapshot,09:13:03 24 Oct 2020,40000
2020,President,polls-plus,10/24/2020,Trump,Biden,"",Massachusetts,6,32.67863,65.82896,,.3785255,Blend with regression,09:13:03 24 Oct 2020,40000
2020,President,polls-plus,10/24/2020,Trump,Biden,"",Massachusetts,5,30.2908,68.21679,,,Reallocated vote share,09:13:03 24 Oct 2020,40000
2020,President,polls-plus,10/24/2020,Trump,Biden,"",Massachusetts,4,1.795897,1.795891,,,Reallocate undecideds and third-party votes,09:13:03 24 Oct 2020,40000
2020,President,polls-plus,10/24/2020,Trump,Biden,"",Massachusetts,3,28.49491,66.4209,,,Adjusted polling average,09:13:03 24 Oct 2020,40000
2020,President,polls-plus,10/24/2020,Trump,Biden,"",Massachusetts,2,.0332775,-.1744537,,,Adjust for bounces & recent events,09:13:03 24 Oct 2020,40000
2020,President,polls-plus,10/24/2020,Trump,Biden,"",Massachusetts,1,28.46163,66.59535,,,Polling average,09:13:03 24 Oct 2020,40000
2020,President,polls-plus,10/24/2020,Trump,Biden,"",Massachusetts,10,.000525,.999475,,,Chance of winning,09:13:03 24 Oct 2020,40000
2020,President,polls-plus,10/24/2020,Trump,Biden,"",Maryland,9,33.69473,64.93643,,,Projected vote share,09:13:03 24 Oct 2020,40000
2020,President,polls-plus,10/24/2020,Trump,Biden,"",Maryland,8,37.34426,61.28691,,.0572679,Blend with economic fundamentals,09:13:03 24 Oct 2020,40000
2020,President,polls-plus,10/24/2020,Trump,Biden,"",Maryland,7,33.50249,65.12867,,,Snapshot,09:13:03 24 Oct 2020,40000
2020,President,polls-plus,10/24/2020,Trump,Biden,"",Maryland,6,33.63147,64.99969,,.3034242,Blend with regression,09:13:03 24 Oct 2020,40000
2020,President,polls-plus,10/24/2020,Trump,Biden,"",Maryland,5,33.44632,65.18485,,,Reallocated vote share,09:13:03 24 Oct 2020,40000
2020,President,polls-plus,10/24/2020,Trump,Biden,"",Maryland,4,2.571253,2.571255,,,Reallocate undecideds and third-party votes,09:13:03 24 Oct 2020,40000
2020,President,polls-plus,10/24/2020,Trump,Biden,"",Maryland,3,30.87506,62.6136,,,Adjusted polling average,09:13:03 24 Oct 2020,40000
2020,President,polls-plus,10/24/2020,Trump,Biden,"",Maryland,2,-.0363846,.0216522,,,Adjust for bounces & recent events,09:13:03 24 Oct 2020,40000
2020,President,polls-plus,10/24/2020,Trump,Biden,"",Maryland,1,30.91145,62.59195,,,Polling average,09:13:03 24 Oct 2020,40000
2020,President,polls-plus,10/24/2020,Trump,Biden,"",Maryland,10,.000325,.999675,,,Chance of winning,09:13:03 24 Oct 2020,40000
2020,President,polls-plus,10/24/2020,Trump,Biden,"",Maine,9,43.28827,55.2401,,,Projected vote share,09:13:03 24 Oct 2020,40000
2020,President,polls-plus,10/24/2020,Trump,Biden,"",Maine,8,47.0825,51.44586,,.0572679,Blend with economic fundamentals,09:13:03 24 Oct 2020,40000
2020,President,polls-plus,10/24/2020,Trump,Biden,"",Maine,7,43.06984,55.59581,,,Snapshot,09:13:03 24 Oct 2020,40000
2020,President,polls-plus,10/24/2020,Trump,Biden,"",Maine,6,44.11671,54.54895,,.3431615,Blend with regression,09:13:03 24 Oct 2020,40000
2020,President,polls-plus,10/24/2020,Trump,Biden,"",Maine,5,42.2438,56.42186,,,Reallocated vote share,09:13:03 24 Oct 2020,40000
2020,President,polls-plus,10/24/2020,Trump,Biden,"",Maine,4,2.483181,2.483185,,,Reallocate undecideds and third-party votes,09:13:03 24 Oct 2020,40000
2020,President,polls-plus,10/24/2020,Trump,Biden,"",Maine,3,39.76062,53.93867,,,Adjusted polling average,09:13:03 24 Oct 2020,40000
2020,President,polls-plus,10/24/2020,Trump,Biden,"",Maine,2,-.0215721,.006897,,,Adjust for bounces & recent events,09:13:03 24 Oct 2020,40000
2020,President,polls-plus,10/24/2020,Trump,Biden,"",Maine,1,39.78219,53.93177,,,Polling average,09:13:03 24 Oct 2020,40000
2020,President,polls-plus,10/24/2020,Trump,Biden,"",Maine,10,.10445,.89555,,,Chance of winning,09:13:03 24 Oct 2020,40000
2020,President,polls-plus,10/24/2020,Trump,Biden,"",ME-2,9,49.16375,49.25511,,,Projected vote share,09:13:03 24 Oct 2020,40000
2020,President,polls-plus,10/24/2020,Trump,Biden,"",ME-2,8,52.98851,45.43035,,.0572679,Blend with economic fundamentals,09:13:03 24 Oct 2020,40000
2020,President,polls-plus,10/24/2020,Trump,Biden,"",ME-2,7,48.90083,49.51804,,,Snapshot,09:13:03 24 Oct 2020,40000
2020,President,polls-plus,10/24/2020,Trump,Biden,"",ME-2,6,50.17707,48.24179,,.425205,Blend with regression,09:13:03 24 Oct 2020,40000
2020,President,polls-plus,10/24/2020,Trump,Biden,"",ME-2,5,48.14287,50.27599,,,Reallocated vote share,09:13:03 24 Oct 2020,40000
2020,President,polls-plus,10/24/2020,Trump,Biden,"",ME-2,4,2.99408,2.995884,,,Reallocate undecideds and third-party votes,09:13:03 24 Oct 2020,40000
2020,President,polls-plus,10/24/2020,Trump,Biden,"",ME-2,3,45.14879,47.28011,,,Adjusted polling average,09:13:03 24 Oct 2020,40000
2020,President,polls-plus,10/24/2020,Trump,Biden,"",ME-2,2,-.0113182,.0047646,,,Adjust for bounces & recent events,09:13:03 24 Oct 2020,40000
2020,President,polls-plus,10/24/2020,Trump,Biden,"",ME-2,1,45.16011,47.27534,,,Polling average,09:13:03 24 Oct 2020,40000
2020,President,polls-plus,10/24/2020,Trump,Biden,"",ME-2,10,.496725,.503275,,,Chance of winning,09:13:03 24 Oct 2020,40000
2020,President,polls-plus,10/24/2020,Trump,Biden,"",ME-1,9,37.97838,60.6489,,,Projected vote share,09:13:03 24 Oct 2020,40000
2020,President,polls-plus,10/24/2020,Trump,Biden,"",ME-1,8,41.66544,56.96184,,.0572679,Blend with economic fundamentals,09:13:03 24 Oct 2020,40000
2020,President,polls-plus,10/24/2020,Trump,Biden,"",ME-1,7,37.6889,60.93838,,,Snapshot,09:13:03 24 Oct 2020,40000
2020,President,polls-plus,10/24/2020,Trump,Biden,"",ME-1,6,38.61122,60.01606,,.4272895,Blend with regression,09:13:03 24 Oct 2020,40000
2020,President,polls-plus,10/24/2020,Trump,Biden,"",ME-1,5,37.17985,61.44743,,,Reallocated vote share,09:13:03 24 Oct 2020,40000
2020,President,polls-plus,10/24/2020,Trump,Biden,"",ME-1,4,3.115723,3.133884,,,Reallocate undecideds and third-party votes,09:13:03 24 Oct 2020,40000
2020,President,polls-plus,10/24/2020,Trump,Biden,"",ME-1,3,34.06413,58.31355,,,Adjusted polling average,09:13:03 24 Oct 2020,40000
2020,President,polls-plus,10/24/2020,Trump,Biden,"",ME-1,2,-.0221863,.0016441,,,Adjust for bounces & recent events,09:13:03 24 Oct 2020,40000
2020,President,polls-plus,10/24/2020,Trump,Biden,"",ME-1,1,34.08631,58.3119,,,Polling average,09:13:03 24 Oct 2020,40000
2020,President,polls-plus,10/24/2020,Trump,Biden,"",ME-1,10,.023075,.976925,,,Chance of winning,09:13:03 24 Oct 2020,40000
2020,President,polls-plus,10/24/2020,Trump,Biden,"",Louisiana,9,57.27214,41.89417,,,Projected vote share,09:13:03 24 Oct 2020,40000
2020,President,polls-plus,10/24/2020,Trump,Biden,"",Louisiana,8,61.05484,38.11147,,.0572679,Blend with economic fundamentals,09:13:03 24 Oct 2020,40000
2020,President,polls-plus,10/24/2020,Trump,Biden,"",Louisiana,7,57.05097,42.11535,,,Snapshot,09:13:03 24 Oct 2020,40000
2020,President,polls-plus,10/24/2020,Trump,Biden,"",Louisiana,6,56.8595,42.30681,,.3496349,Blend with regression,09:13:03 24 Oct 2020,40000
2020,President,polls-plus,10/24/2020,Trump,Biden,"",Louisiana,5,57.1539,42.01241,,,Reallocated vote share,09:13:03 24 Oct 2020,40000
2020,President,polls-plus,10/24/2020,Trump,Biden,"",Louisiana,4,3.180946,3.180946,,,Reallocate undecideds and third-party votes,09:13:03 24 Oct 2020,40000
2020,President,polls-plus,10/24/2020,Trump,Biden,"",Louisiana,3,53.97295,38.83146,,,Adjusted polling average,09:13:03 24 Oct 2020,40000
2020,President,polls-plus,10/24/2020,Trump,Biden,"",Louisiana,2,-.216259,.0924911,,,Adjust for bounces & recent events,09:13:03 24 Oct 2020,40000
2020,President,polls-plus,10/24/2020,Trump,Biden,"",Louisiana,1,54.18921,38.73897,,,Polling average,09:13:03 24 Oct 2020,40000
2020,President,polls-plus,10/24/2020,Trump,Biden,"",Louisiana,10,.94365,.05635,,,Chance of winning,09:13:03 24 Oct 2020,40000
2020,President,polls-plus,10/24/2020,Trump,Biden,"",Kentucky,9,59.06601,39.7758,,,Projected vote share,09:13:03 24 Oct 2020,40000
2020,President,polls-plus,10/24/2020,Trump,Biden,"",Kentucky,8,62.76872,36.07309,,.0572679,Blend with economic fundamentals,09:13:03 24 Oct 2020,40000
2020,President,polls-plus,10/24/2020,Trump,Biden,"",Kentucky,7,58.83208,40.00974,,,Snapshot,09:13:03 24 Oct 2020,40000
2020,President,polls-plus,10/24/2020,Trump,Biden,"",Kentucky,6,60.22872,38.61309,,.3107857,Blend with regression,09:13:03 24 Oct 2020,40000
2020,President,polls-plus,10/24/2020,Trump,Biden,"",Kentucky,5,58.20229,40.63952,,,Reallocated vote share,09:13:03 24 Oct 2020,40000
2020,President,polls-plus,10/24/2020,Trump,Biden,"",Kentucky,4,1.663445,1.663445,,,Reallocate undecideds and third-party votes,09:13:03 24 Oct 2020,40000
2020,President,polls-plus,10/24/2020,Trump,Biden,"",Kentucky,3,56.53885,38.97607,,,Adjusted polling average,09:13:03 24 Oct 2020,40000
2020,President,polls-plus,10/24/2020,Trump,Biden,"",Kentucky,2,-.0351715,.0164604,,,Adjust for bounces & recent events,09:13:03 24 Oct 2020,40000
2020,President,polls-plus,10/24/2020,Trump,Biden,"",Kentucky,1,56.57402,38.95961,,,Polling average,09:13:03 24 Oct 2020,40000
2020,President,polls-plus,10/24/2020,Trump,Biden,"",Kentucky,10,.986175,.013825,,,Chance of winning,09:13:03 24 Oct 2020,40000
2020,President,polls-plus,10/24/2020,Trump,Biden,"",Kansas,9,54.48916,43.73171,,,Projected vote share,09:13:03 24 Oct 2020,40000
2020,President,polls-plus,10/24/2020,Trump,Biden,"",Kansas,8,58.25657,39.9643,,.0572679,Blend with economic fundamentals,09:13:03 24 Oct 2020,40000
2020,President,polls-plus,10/24/2020,Trump,Biden,"",Kansas,7,54.24118,43.97969,,,Snapshot,09:13:03 24 Oct 2020,40000
2020,President,polls-plus,10/24/2020,Trump,Biden,"",Kansas,6,55.85745,42.36342,,.2829598,Blend with regression,09:13:03 24 Oct 2020,40000
2020,President,polls-plus,10/24/2020,Trump,Biden,"",Kansas,5,53.60337,44.6175,,,Reallocated vote share,09:13:03 24 Oct 2020,40000
2020,President,polls-plus,10/24/2020,Trump,Biden,"",Kansas,4,2.593147,2.593143,,,Reallocate undecideds and third-party votes,09:13:03 24 Oct 2020,40000
2020,President,polls-plus,10/24/2020,Trump,Biden,"",Kansas,3,51.01022,42.02436,,,Adjusted polling average,09:13:03 24 Oct 2020,40000
2020,President,polls-plus,10/24/2020,Trump,Biden,"",Kansas,2,-.0129356,.0096703,,,Adjust for bounces & recent events,09:13:03 24 Oct 2020,40000
2020,President,polls-plus,10/24/2020,Trump,Biden,"",Kansas,1,51.02316,42.01469,,,Polling average,09:13:03 24 Oct 2020,40000
2020,President,polls-plus,10/24/2020,Trump,Biden,"",Kansas,10,.95625,.04375,,,Chance of winning,09:13:03 24 Oct 2020,40000
2020,President,polls-plus,10/24/2020,Trump,Biden,"",Iowa,9,49.42189,49.30194,,,Projected vote share,09:13:03 24 Oct 2020,40000
2020,President,polls-plus,10/24/2020,Trump,Biden,"",Iowa,8,53.24778,45.47606,,.0572679,Blend with economic fundamentals,09:13:03 24 Oct 2020,40000
2020,President,polls-plus,10/24/2020,Trump,Biden,"",Iowa,7,49.14787,49.57596,,,Snapshot,09:13:03 24 Oct 2020,40000
2020,President,polls-plus,10/24/2020,Trump,Biden,"",Iowa,6,50.83646,47.88737,,.1811135,Blend with regression,09:13:03 24 Oct 2020,40000
2020,President,polls-plus,10/24/2020,Trump,Biden,"",Iowa,5,48.77441,49.94943,,,Reallocated vote share,09:13:03 24 Oct 2020,40000
2020,President,polls-plus,10/24/2020,Trump,Biden,"",Iowa,4,2.377136,2.377144,,,Reallocate undecideds and third-party votes,09:13:03 24 Oct 2020,40000
2020,President,polls-plus,10/24/2020,Trump,Biden,"",Iowa,3,46.39727,47.57228,,,Adjusted polling average,09:13:03 24 Oct 2020,40000
2020,President,polls-plus,10/24/2020,Trump,Biden,"",Iowa,2,.0229721,-.0048103,,,Adjust for bounces & recent events,09:13:03 24 Oct 2020,40000
2020,President,polls-plus,10/24/2020,Trump,Biden,"",Iowa,1,46.3743,47.5771,,,Polling average,09:13:03 24 Oct 2020,40000
2020,President,polls-plus,10/24/2020,Trump,Biden,"",Iowa,10,.509375,.490625,,,Chance of winning,09:13:03 24 Oct 2020,40000
2020,President,polls-plus,10/24/2020,Trump,Biden,"",Indiana,9,54.62452,44.03696,,,Projected vote share,09:13:03 24 Oct 2020,40000
2020,President,polls-plus,10/24/2020,Trump,Biden,"",Indiana,8,58.42121,40.24028,,.0572679,Blend with economic fundamentals,09:13:03 24 Oct 2020,40000
2020,President,polls-plus,10/24/2020,Trump,Biden,"",Indiana,7,54.38595,44.27553,,,Snapshot,09:13:03 24 Oct 2020,40000
2020,President,polls-plus,10/24/2020,Trump,Biden,"",Indiana,6,54.35171,44.30977,,.3366318,Blend with regression,09:13:03 24 Oct 2020,40000
2020,President,polls-plus,10/24/2020,Trump,Biden,"",Indiana,5,54.40333,44.25816,,,Reallocated vote share,09:13:03 24 Oct 2020,40000
2020,President,polls-plus,10/24/2020,Trump,Biden,"",Indiana,4,2.955418,2.955418,,,Reallocate undecideds and third-party votes,09:13:03 24 Oct 2020,40000
2020,President,polls-plus,10/24/2020,Trump,Biden,"",Indiana,3,51.44791,41.30274,,,Adjusted polling average,09:13:03 24 Oct 2020,40000
2020,President,polls-plus,10/24/2020,Trump,Biden,"",Indiana,2,-.1411934,.0573883,,,Adjust for bounces & recent events,09:13:03 24 Oct 2020,40000
2020,President,polls-plus,10/24/2020,Trump,Biden,"",Indiana,1,51.5891,41.24535,,,Polling average,09:13:03 24 Oct 2020,40000
2020,President,polls-plus,10/24/2020,Trump,Biden,"",Indiana,10,.953475,.046525,,,Chance of winning,09:13:03 24 Oct 2020,40000
2020,President,polls-plus,10/24/2020,Trump,Biden,"",Illinois,9,40.01559,58.55478,,,Projected vote share,09:13:03 24 Oct 2020,40000
2020,President,polls-plus,10/24/2020,Trump,Biden,"",Illinois,8,43.8101,54.76028,,.0572679,Blend with economic fundamentals,09:13:03 24 Oct 2020,40000
2020,President,polls-plus,10/24/2020,Trump,Biden,"",Illinois,7,39.78674,58.78364,,,Snapshot,09:13:03 24 Oct 2020,40000
2020,President,polls-plus,10/24/2020,Trump,Biden,"",Illinois,6,37.85083,60.71955,,.3588114,Blend with regression,09:13:03 24 Oct 2020,40000
2020,President,polls-plus,10/24/2020,Trump,Biden,"",Illinois,5,40.87008,57.70029,,,Reallocated vote share,09:13:03 24 Oct 2020,40000
2020,President,polls-plus,10/24/2020,Trump,Biden,"",Illinois,4,1.995773,1.995777,,,Reallocate undecideds and third-party votes,09:13:03 24 Oct 2020,40000
2020,President,polls-plus,10/24/2020,Trump,Biden,"",Illinois,3,38.87431,55.70452,,,Adjusted polling average,09:13:03 24 Oct 2020,40000
2020,President,polls-plus,10/24/2020,Trump,Biden,"",Illinois,2,-.0706635,.0012398,,,Adjust for bounces & recent events,09:13:03 24 Oct 2020,40000
2020,President,polls-plus,10/24/2020,Trump,Biden,"",Illinois,1,38.94497,55.70328,,,Polling average,09:13:03 24 Oct 2020,40000
2020,President,polls-plus,10/24/2020,Trump,Biden,"",Illinois,10,.000825,.999175,,,Chance of winning,09:13:03 24 Oct 2020,40000
2020,President,polls-plus,10/24/2020,Trump,Biden,"",Idaho,9,60.35454,36.90427,,,Projected vote share,09:13:03 24 Oct 2020,40000
2020,President,polls-plus,10/24/2020,Trump,Biden,"",Idaho,8,63.90393,33.35489,,.0572679,Blend with economic fundamentals,09:13:03 24 Oct 2020,40000
2020,President,polls-plus,10/24/2020,Trump,Biden,"",Idaho,7,60.10355,37.15527,,,Snapshot,09:13:03 24 Oct 2020,40000
2020,President,polls-plus,10/24/2020,Trump,Biden,"",Idaho,6,62.20934,35.04948,,.4124539,Blend with regression,09:13:03 24 Oct 2020,40000
2020,President,polls-plus,10/24/2020,Trump,Biden,"",Idaho,5,58.6253,38.63352,,,Reallocated vote share,09:13:03 24 Oct 2020,40000
2020,President,polls-plus,10/24/2020,Trump,Biden,"",Idaho,4,1.257439,1.257442,,,Reallocate undecideds and third-party votes,09:13:03 24 Oct 2020,40000
2020,President,polls-plus,10/24/2020,Trump,Biden,"",Idaho,3,57.36786,37.37608,,,Adjusted polling average,09:13:03 24 Oct 2020,40000
2020,President,polls-plus,10/24/2020,Trump,Biden,"",Idaho,2,-.3034821,-.0538979,,,Adjust for bounces & recent events,09:13:03 24 Oct 2020,40000
2020,President,polls-plus,10/24/2020,Trump,Biden,"",Idaho,1,57.67134,37.42997,,,Polling average,09:13:03 24 Oct 2020,40000
2020,President,polls-plus,10/24/2020,Trump,Biden,"",Idaho,10,.994625,.005375,,,Chance of winning,09:13:03 24 Oct 2020,40000
2020,President,polls-plus,10/24/2020,Trump,Biden,"",Hawaii,9,31.85305,66.60559,,,Projected vote share,09:13:03 24 Oct 2020,40000
2020,President,polls-plus,10/24/2020,Trump,Biden,"",Hawaii,8,35.36256,63.09608,,.0572679,Blend with economic fundamentals,09:13:03 24 Oct 2020,40000
2020,President,polls-plus,10/24/2020,Trump,Biden,"",Hawaii,7,31.60328,66.85535,,,Snapshot,09:13:03 24 Oct 2020,40000
2020,President,polls-plus,10/24/2020,Trump,Biden,"",Hawaii,6,28.76784,69.6908,,.3921384,Blend with regression,09:13:03 24 Oct 2020,40000
2020,President,polls-plus,10/24/2020,Trump,Biden,"",Hawaii,5,33.43246,65.02618,,,Reallocated vote share,09:13:03 24 Oct 2020,40000
2020,President,polls-plus,10/24/2020,Trump,Biden,"",Hawaii,4,2.567102,2.567112,,,Reallocate undecideds and third-party votes,09:13:03 24 Oct 2020,40000
2020,President,polls-plus,10/24/2020,Trump,Biden,"",Hawaii,3,30.86536,62.45906,,,Adjusted polling average,09:13:03 24 Oct 2020,40000
2020,President,polls-plus,10/24/2020,Trump,Biden,"",Hawaii,2,-.070755,.0258446,,,Adjust for bounces & recent events,09:13:03 24 Oct 2020,40000
2020,President,polls-plus,10/24/2020,Trump,Biden,"",Hawaii,1,30.93612,62.43322,,,Polling average,09:13:03 24 Oct 2020,40000
2020,President,polls-plus,10/24/2020,Trump,Biden,"",Hawaii,10,.0089,.9911,,,Chance of winning,09:13:03 24 Oct 2020,40000
2020,President,polls-plus,10/24/2020,Trump,Biden,"",Georgia,9,49.62764,49.57949,,,Projected vote share,09:13:03 24 Oct 2020,40000
2020,President,polls-plus,10/24/2020,Trump,Biden,"",Georgia,8,53.54321,45.66393,,.0572679,Blend with economic fundamentals,09:13:03 24 Oct 2020,40000
2020,President,polls-plus,10/24/2020,Trump,Biden,"",Georgia,7,49.4234,49.78373,,,Snapshot,09:13:03 24 Oct 2020,40000
2020,President,polls-plus,10/24/2020,Trump,Biden,"",Georgia,6,50.93225,48.27488,,.1414371,Blend with regression,09:13:03 24 Oct 2020,40000
2020,President,polls-plus,10/24/2020,Trump,Biden,"",Georgia,5,49.17484,50.03229,,,Reallocated vote share,09:13:03 24 Oct 2020,40000
2020,President,polls-plus,10/24/2020,Trump,Biden,"",Georgia,4,2.522148,2.522144,,,Reallocate undecideds and third-party votes,09:13:03 24 Oct 2020,40000
2020,President,polls-plus,10/24/2020,Trump,Biden,"",Georgia,3,46.65269,47.51015,,,Adjusted polling average,09:13:03 24 Oct 2020,40000
2020,President,polls-plus,10/24/2020,Trump,Biden,"",Georgia,2,-.0146332,-.0049477,,,Adjust for bounces & recent events,09:13:03 24 Oct 2020,40000
2020,President,polls-plus,10/24/2020,Trump,Biden,"",Georgia,1,46.66733,47.51509,,,Polling average,09:13:03 24 Oct 2020,40000
2020,President,polls-plus,10/24/2020,Trump,Biden,"",Georgia,10,.503275,.496725,,,Chance of winning,09:13:03 24 Oct 2020,40000
2020,President,polls-plus,10/24/2020,Trump,Biden,"",Florida,9,48.19759,51.03596,,,Projected vote share,09:13:03 24 Oct 2020,40000
2020,President,polls-plus,10/24/2020,Trump,Biden,"",Florida,8,52.07039,47.16316,,.0572679,Blend with economic fundamentals,09:13:03 24 Oct 2020,40000
2020,President,polls-plus,10/24/2020,Trump,Biden,"",Florida,7,47.94503,51.28852,,,Snapshot,09:13:03 24 Oct 2020,40000
2020,President,polls-plus,10/24/2020,Trump,Biden,"",Florida,6,47.23347,52.00008,,.0757137,Blend with regression,09:13:03 24 Oct 2020,40000
2020,President,polls-plus,10/24/2020,Trump,Biden,"",Florida,5,48.00332,51.23022,,,Reallocated vote share,09:13:03 24 Oct 2020,40000
2020,President,polls-plus,10/24/2020,Trump,Biden,"",Florida,4,2.243759,2.243755,,,Reallocate undecideds and third-party votes,09:13:03 24 Oct 2020,40000
2020,President,polls-plus,10/24/2020,Trump,Biden,"",Florida,3,45.75956,48.98647,,,Adjusted polling average,09:13:03 24 Oct 2020,40000
2020,President,polls-plus,10/24/2020,Trump,Biden,"",Florida,2,-.0461044,.0346107,,,Adjust for bounces & recent events,09:13:03 24 Oct 2020,40000
2020,President,polls-plus,10/24/2020,Trump,Biden,"",Florida,1,45.80567,48.95186,,,Polling average,09:13:03 24 Oct 2020,40000
2020,President,polls-plus,10/24/2020,Trump,Biden,"",Florida,10,.3039,.6961,,,Chance of winning,09:13:03 24 Oct 2020,40000
2020,President,polls-plus,10/24/2020,Trump,Biden,"",District of Columbia,9,6.762937,90.017,,,Projected vote share,09:13:03 24 Oct 2020,40000
2020,President,polls-plus,10/24/2020,Trump,Biden,"",District of Columbia,8,8.166022,88.61391,,.0572679,Blend with economic fundamentals,09:13:03 24 Oct 2020,40000
2020,President,polls-plus,10/24/2020,Trump,Biden,"",District of Columbia,7,6.713933,90.066,,,Snapshot,09:13:03 24 Oct 2020,40000
2020,President,polls-plus,10/24/2020,Trump,Biden,"",District of Columbia,6,5.487895,91.29204,,.6417713,Blend with regression,09:13:03 24 Oct 2020,40000
2020,President,polls-plus,10/24/2020,Trump,Biden,"",District of Columbia,5,8.910399,87.86953,,,Reallocated vote share,09:13:03 24 Oct 2020,40000
2020,President,polls-plus,10/24/2020,Trump,Biden,"",District of Columbia,4,.4391403,.4391327,,,Reallocate undecideds and third-party votes,09:13:03 24 Oct 2020,40000
2020,President,polls-plus,10/24/2020,Trump,Biden,"",District of Columbia,3,8.471259,87.4304,,,Adjusted polling average,09:13:03 24 Oct 2020,40000
2020,President,polls-plus,10/24/2020,Trump,Biden,"",District of Columbia,2,-.0308542,-.0855255,,,Adjust for bounces & recent events,09:13:03 24 Oct 2020,40000
2020,President,polls-plus,10/24/2020,Trump,Biden,"",District of Columbia,1,8.502113,87.51592,,,Polling average,09:13:03 24 Oct 2020,40000
2020,President,polls-plus,10/24/2020,Trump,Biden,"",District of Columbia,10,0,1,,,Chance of winning,09:13:03 24 Oct 2020,40000
2020,President,polls-plus,10/24/2020,Trump,Biden,"",Delaware,9,36.47588,62.33467,,,Projected vote share,09:13:03 24 Oct 2020,40000
2020,President,polls-plus,10/24/2020,Trump,Biden,"",Delaware,8,40.21139,58.59916,,.0572679,Blend with economic fundamentals,09:13:03 24 Oct 2020,40000
2020,President,polls-plus,10/24/2020,Trump,Biden,"",Delaware,7,36.2696,62.54095,,,Snapshot,09:13:03 24 Oct 2020,40000
2020,President,polls-plus,10/24/2020,Trump,Biden,"",Delaware,6,35.35932,63.45123,,.3582583,Blend with regression,09:13:03 24 Oct 2020,40000
2020,President,polls-plus,10/24/2020,Trump,Biden,"",Delaware,5,36.77777,62.03278,,,Reallocated vote share,09:13:03 24 Oct 2020,40000
2020,President,polls-plus,10/24/2020,Trump,Biden,"",Delaware,4,3.019882,3.019878,,,Reallocate undecideds and third-party votes,09:13:03 24 Oct 2020,40000
2020,President,polls-plus,10/24/2020,Trump,Biden,"",Delaware,3,33.75789,59.0129,,,Adjusted polling average,09:13:03 24 Oct 2020,40000
2020,President,polls-plus,10/24/2020,Trump,Biden,"",Delaware,2,.0806389,-.2006798,,,Adjust for bounces & recent events,09:13:03 24 Oct 2020,40000
2020,President,polls-plus,10/24/2020,Trump,Biden,"",Delaware,1,33.67725,59.21358,,,Polling average,09:13:03 24 Oct 2020,40000
2020,President,polls-plus,10/24/2020,Trump,Biden,"",Delaware,10,.000025,.999975,,,Chance of winning,09:13:03 24 Oct 2020,40000
2020,President,polls-plus,10/24/2020,Trump,Biden,"",Connecticut,9,38.30315,60.85674,,,Projected vote share,09:13:03 24 Oct 2020,40000
2020,President,polls-plus,10/24/2020,Trump,Biden,"",Connecticut,8,42.05302,57.10688,,.0572679,Blend with economic fundamentals,09:13:03 24 Oct 2020,40000
2020,President,polls-plus,10/24/2020,Trump,Biden,"",Connecticut,7,38.0509,61.10899,,,Snapshot,09:13:03 24 Oct 2020,40000
2020,President,polls-plus,10/24/2020,Trump,Biden,"",Connecticut,6,39.31502,59.84488,,.4334192,Blend with regression,09:13:03 24 Oct 2020,40000
2020,President,polls-plus,10/24/2020,Trump,Biden,"",Connecticut,5,37.08387,62.07602,,,Reallocated vote share,09:13:03 24 Oct 2020,40000
2020,President,polls-plus,10/24/2020,Trump,Biden,"",Connecticut,4,3.405857,3.405861,,,Reallocate undecideds and third-party votes,09:13:03 24 Oct 2020,40000
2020,President,polls-plus,10/24/2020,Trump,Biden,"",Connecticut,3,33.67802,58.67016,,,Adjusted polling average,09:13:03 24 Oct 2020,40000
2020,President,polls-plus,10/24/2020,Trump,Biden,"",Connecticut,2,-.0116959,.0022125,,,Adjust for bounces & recent events,09:13:03 24 Oct 2020,40000
2020,President,polls-plus,10/24/2020,Trump,Biden,"",Connecticut,1,33.68971,58.66795,,,Polling average,09:13:03 24 Oct 2020,40000
2020,President,polls-plus,10/24/2020,Trump,Biden,"",Connecticut,10,.001575,.998425,,,Chance of winning,09:13:03 24 Oct 2020,40000
2020,President,polls-plus,10/24/2020,Trump,Biden,"",Colorado,9,43.31229,54.84613,,,Projected vote share,09:13:03 24 Oct 2020,40000
2020,President,polls-plus,10/24/2020,Trump,Biden,"",Colorado,8,47.11343,51.045,,.0572679,Blend with economic fundamentals,09:13:03 24 Oct 2020,40000
2020,President,polls-plus,10/24/2020,Trump,Biden,"",Colorado,7,43.05387,55.10456,,,Snapshot,09:13:03 24 Oct 2020,40000
2020,President,polls-plus,10/24/2020,Trump,Biden,"",Colorado,6,44.28954,53.8689,,.2463362,Blend with regression,09:13:03 24 Oct 2020,40000
2020,President,polls-plus,10/24/2020,Trump,Biden,"",Colorado,5,42.64999,55.50844,,,Reallocated vote share,09:13:03 24 Oct 2020,40000
2020,President,polls-plus,10/24/2020,Trump,Biden,"",Colorado,4,2.733181,2.733185,,,Reallocate undecideds and third-party votes,09:13:03 24 Oct 2020,40000
2020,President,polls-plus,10/24/2020,Trump,Biden,"",Colorado,3,39.91681,52.77526,,,Adjusted polling average,09:13:03 24 Oct 2020,40000
2020,President,polls-plus,10/24/2020,Trump,Biden,"",Colorado,2,-.0328217,.0007095,,,Adjust for bounces & recent events,09:13:03 24 Oct 2020,40000
2020,President,polls-plus,10/24/2020,Trump,Biden,"",Colorado,1,39.94963,52.77455,,,Polling average,09:13:03 24 Oct 2020,40000
2020,President,polls-plus,10/24/2020,Trump,Biden,"",Colorado,10,.044925,.955075,,,Chance of winning,09:13:03 24 Oct 2020,40000
2020,President,polls-plus,10/24/2020,Trump,Biden,"",California,9,34.14063,63.95292,,,Projected vote share,09:13:03 24 Oct 2020,40000
2020,President,polls-plus,10/24/2020,Trump,Biden,"",California,8,37.77005,60.3235,,.0572679,Blend with economic fundamentals,09:13:03 24 Oct 2020,40000
2020,President,polls-plus,10/24/2020,Trump,Biden,"",California,7,33.9265,64.16705,,,Snapshot,09:13:03 24 Oct 2020,40000
2020,President,polls-plus,10/24/2020,Trump,Biden,"",California,6,32.91924,65.17432,,.2811168,Blend with regression,09:13:03 24 Oct 2020,40000
2020,President,polls-plus,10/24/2020,Trump,Biden,"",California,5,34.32039,63.77316,,,Reallocated vote share,09:13:03 24 Oct 2020,40000
2020,President,polls-plus,10/24/2020,Trump,Biden,"",California,4,2.789888,2.789894,,,Reallocate undecideds and third-party votes,09:13:03 24 Oct 2020,40000
2020,President,polls-plus,10/24/2020,Trump,Biden,"",California,3,31.5305,60.98327,,,Adjusted polling average,09:13:03 24 Oct 2020,40000
2020,President,polls-plus,10/24/2020,Trump,Biden,"",California,2,-.0343056,.0051422,,,Adjust for bounces & recent events,09:13:03 24 Oct 2020,40000
2020,President,polls-plus,10/24/2020,Trump,Biden,"",California,1,31.56481,60.97813,,,Polling average,09:13:03 24 Oct 2020,40000
2020,President,polls-plus,10/24/2020,Trump,Biden,"",California,10,.001725,.998275,,,Chance of winning,09:13:03 24 Oct 2020,40000
2020,President,polls-plus,10/24/2020,Trump,Biden,"",Arkansas,9,59.42003,39.03002,,,Projected vote share,09:13:03 24 Oct 2020,40000
2020,President,polls-plus,10/24/2020,Trump,Biden,"",Arkansas,8,63.08593,35.36413,,.0572679,Blend with economic fundamentals,09:13:03 24 Oct 2020,40000
2020,President,polls-plus,10/24/2020,Trump,Biden,"",Arkansas,7,59.18291,39.26714,,,Snapshot,09:13:03 24 Oct 2020,40000
2020,President,polls-plus,10/24/2020,Trump,Biden,"",Arkansas,6,60.20369,38.24636,,.4002107,Blend with regression,09:13:03 24 Oct 2020,40000
2020,President,polls-plus,10/24/2020,Trump,Biden,"",Arkansas,5,58.5018,39.94826,,,Reallocated vote share,09:13:03 24 Oct 2020,40000
2020,President,polls-plus,10/24/2020,Trump,Biden,"",Arkansas,4,2.308853,2.308853,,,Reallocate undecideds and third-party votes,09:13:03 24 Oct 2020,40000
2020,President,polls-plus,10/24/2020,Trump,Biden,"",Arkansas,3,56.19294,37.6394,,,Adjusted polling average,09:13:03 24 Oct 2020,40000
2020,President,polls-plus,10/24/2020,Trump,Biden,"",Arkansas,2,-.0914879,.054985,,,Adjust for bounces & recent events,09:13:03 24 Oct 2020,40000
2020,President,polls-plus,10/24/2020,Trump,Biden,"",Arkansas,1,56.28443,37.58442,,,Polling average,09:13:03 24 Oct 2020,40000
2020,President,polls-plus,10/24/2020,Trump,Biden,"",Arkansas,10,.983525,.016475,,,Chance of winning,09:13:03 24 Oct 2020,40000
2020,President,polls-plus,10/24/2020,Trump,Biden,"",Arizona,9,48.10284,50.62157,,,Projected vote share,09:13:03 24 Oct 2020,40000
2020,President,polls-plus,10/24/2020,Trump,Biden,"",Arizona,8,51.94957,46.77484,,.0572679,Blend with economic fundamentals,09:13:03 24 Oct 2020,40000
2020,President,polls-plus,10/24/2020,Trump,Biden,"",Arizona,7,47.84556,50.87886,,,Snapshot,09:13:03 24 Oct 2020,40000
2020,President,polls-plus,10/24/2020,Trump,Biden,"",Arizona,6,48.07168,50.65273,,.1285022,Blend with regression,09:13:03 24 Oct 2020,40000
2020,President,polls-plus,10/24/2020,Trump,Biden,"",Arizona,5,47.81222,50.9122,,,Reallocated vote share,09:13:03 24 Oct 2020,40000
2020,President,polls-plus,10/24/2020,Trump,Biden,"",Arizona,4,2.212376,2.212376,,,Reallocate undecideds and third-party votes,09:13:03 24 Oct 2020,40000
2020,President,polls-plus,10/24/2020,Trump,Biden,"",Arizona,3,45.59984,48.69982,,,Adjusted polling average,09:13:03 24 Oct 2020,40000
2020,President,polls-plus,10/24/2020,Trump,Biden,"",Arizona,2,-.0368156,.0215111,,,Adjust for bounces & recent events,09:13:03 24 Oct 2020,40000
2020,President,polls-plus,10/24/2020,Trump,Biden,"",Arizona,1,45.63666,48.67831,,,Polling average,09:13:03 24 Oct 2020,40000
2020,President,polls-plus,10/24/2020,Trump,Biden,"",Arizona,10,.33925,.66075,,,Chance of winning,09:13:03 24 Oct 2020,40000
2020,President,polls-plus,10/24/2020,Trump,Biden,"",Alaska,9,52.64285,45.02697,,,Projected vote share,09:13:03 24 Oct 2020,40000
2020,President,polls-plus,10/24/2020,Trump,Biden,"",Alaska,8,56.40746,41.26236,,.0572679,Blend with economic fundamentals,09:13:03 24 Oct 2020,40000
2020,President,polls-plus,10/24/2020,Trump,Biden,"",Alaska,7,52.38844,45.28138,,,Snapshot,09:13:03 24 Oct 2020,40000
2020,President,polls-plus,10/24/2020,Trump,Biden,"",Alaska,6,53.59905,44.07077,,.3502026,Blend with regression,09:13:03 24 Oct 2020,40000
2020,President,polls-plus,10/24/2020,Trump,Biden,"",Alaska,5,51.736,45.93383,,,Reallocated vote share,09:13:03 24 Oct 2020,40000
2020,President,polls-plus,10/24/2020,Trump,Biden,"",Alaska,4,2.482319,2.482319,,,Reallocate undecideds and third-party votes,09:13:03 24 Oct 2020,40000
2020,President,polls-plus,10/24/2020,Trump,Biden,"",Alaska,3,49.25368,43.45151,,,Adjusted polling average,09:13:03 24 Oct 2020,40000
2020,President,polls-plus,10/24/2020,Trump,Biden,"",Alaska,2,-.0214119,-.0020905,,,Adjust for bounces & recent events,09:13:03 24 Oct 2020,40000
2020,President,polls-plus,10/24/2020,Trump,Biden,"",Alaska,1,49.27509,43.4536,,,Polling average,09:13:03 24 Oct 2020,40000
2020,President,polls-plus,10/24/2020,Trump,Biden,"",Alaska,10,.80765,.19235,,,Chance of winning,09:13:03 24 Oct 2020,40000
2020,President,polls-plus,10/24/2020,Trump,Biden,"",Alabama,9,59.28256,39.92234,,,Projected vote share,09:13:03 24 Oct 2020,40000
2020,President,polls-plus,10/24/2020,Trump,Biden,"",Alabama,8,63.04081,36.16409,,.0572679,Blend with economic fundamentals,09:13:03 24 Oct 2020,40000
2020,President,polls-plus,10/24/2020,Trump,Biden,"",Alabama,7,59.09099,40.11391,,,Snapshot,09:13:03 24 Oct 2020,40000
2020,President,polls-plus,10/24/2020,Trump,Biden,"",Alabama,6,59.88329,39.32161,,.3704168,Blend with regression,09:13:03 24 Oct 2020,40000
2020,President,polls-plus,10/24/2020,Trump,Biden,"",Alabama,5,58.62484,40.58006,,,Reallocated vote share,09:13:03 24 Oct 2020,40000
2020,President,polls-plus,10/24/2020,Trump,Biden,"",Alabama,4,2.105865,2.105865,,,Reallocate undecideds and third-party votes,09:13:03 24 Oct 2020,40000
2020,President,polls-plus,10/24/2020,Trump,Biden,"",Alabama,3,56.51897,38.47419,,,Adjusted polling average,09:13:03 24 Oct 2020,40000
2020,President,polls-plus,10/24/2020,Trump,Biden,"",Alabama,2,-.02771,.0085335,,,Adjust for bounces & recent events,09:13:03 24 Oct 2020,40000
2020,President,polls-plus,10/24/2020,Trump,Biden,"",Alabama,1,56.54668,38.46566,,,Polling average,09:13:03 24 Oct 2020,40000
2020,President,polls-plus,10/24/2020,Trump,Biden,"",Alabama,10,.9793,.0207,,,Chance of winning,09:13:03 24 Oct 2020,40000
