cycle,branch,model,modeldate,candidate_inc,candidate_chal,candidate_3rd,evprob_inc,evprob_chal,evprob_3rd,total_ev,timestamp,simulations
2020,President,polls-plus,10/24/2020,Trump,Biden,"",.001325,0,,99,09:13:03 24 Oct 2020,40000
2020,President,polls-plus,10/24/2020,Trump,Biden,"",.0012,.000025,,98,09:13:03 24 Oct 2020,40000
2020,President,polls-plus,10/24/2020,Trump,Biden,"",.0019,0,,97,09:13:03 24 Oct 2020,40000
2020,President,polls-plus,10/24/2020,Trump,Biden,"",.001175,.000025,,96,09:13:03 24 Oct 2020,40000
2020,President,polls-plus,10/24/2020,Trump,Biden,"",.00105,0,,95,09:13:03 24 Oct 2020,40000
2020,President,polls-plus,10/24/2020,Trump,Biden,"",.001175,.000025,,94,09:13:03 24 Oct 2020,40000
2020,President,polls-plus,10/24/2020,Trump,Biden,"",.00145,0,,93,09:13:03 24 Oct 2020,40000
2020,President,polls-plus,10/24/2020,Trump,Biden,"",.001675,0,,92,09:13:03 24 Oct 2020,40000
2020,President,polls-plus,10/24/2020,Trump,Biden,"",.0013,0,,91,09:13:03 24 Oct 2020,40000
2020,President,polls-plus,10/24/2020,Trump,Biden,"",.000575,0,,90,09:13:03 24 Oct 2020,40000
2020,President,polls-plus,10/24/2020,Trump,Biden,"",.00005,0,,9,09:13:03 24 Oct 2020,40000
2020,President,polls-plus,10/24/2020,Trump,Biden,"",.00185,0,,89,09:13:03 24 Oct 2020,40000
2020,President,polls-plus,10/24/2020,Trump,Biden,"",.000925,0,,88,09:13:03 24 Oct 2020,40000
2020,President,polls-plus,10/24/2020,Trump,Biden,"",.000725,0,,87,09:13:03 24 Oct 2020,40000
2020,President,polls-plus,10/24/2020,Trump,Biden,"",.001125,0,,86,09:13:03 24 Oct 2020,40000
2020,President,polls-plus,10/24/2020,Trump,Biden,"",.00085,0,,85,09:13:03 24 Oct 2020,40000
2020,President,polls-plus,10/24/2020,Trump,Biden,"",.0003,0,,84,09:13:03 24 Oct 2020,40000
2020,President,polls-plus,10/24/2020,Trump,Biden,"",.00185,0,,83,09:13:03 24 Oct 2020,40000
2020,President,polls-plus,10/24/2020,Trump,Biden,"",.00205,0,,82,09:13:03 24 Oct 2020,40000
2020,President,polls-plus,10/24/2020,Trump,Biden,"",.00105,0,,81,09:13:03 24 Oct 2020,40000
2020,President,polls-plus,10/24/2020,Trump,Biden,"",.00095,0,,80,09:13:03 24 Oct 2020,40000
2020,President,polls-plus,10/24/2020,Trump,Biden,"",.00015,0,,8,09:13:03 24 Oct 2020,40000
2020,President,polls-plus,10/24/2020,Trump,Biden,"",.0005,0,,79,09:13:03 24 Oct 2020,40000
2020,President,polls-plus,10/24/2020,Trump,Biden,"",.00125,0,,78,09:13:03 24 Oct 2020,40000
2020,President,polls-plus,10/24/2020,Trump,Biden,"",.0012,0,,77,09:13:03 24 Oct 2020,40000
2020,President,polls-plus,10/24/2020,Trump,Biden,"",.001025,0,,76,09:13:03 24 Oct 2020,40000
2020,President,polls-plus,10/24/2020,Trump,Biden,"",.00065,0,,75,09:13:03 24 Oct 2020,40000
2020,President,polls-plus,10/24/2020,Trump,Biden,"",.0008,0,,74,09:13:03 24 Oct 2020,40000
2020,President,polls-plus,10/24/2020,Trump,Biden,"",.00035,0,,73,09:13:03 24 Oct 2020,40000
2020,President,polls-plus,10/24/2020,Trump,Biden,"",.0006,0,,72,09:13:03 24 Oct 2020,40000
2020,President,polls-plus,10/24/2020,Trump,Biden,"",.00065,0,,71,09:13:03 24 Oct 2020,40000
2020,President,polls-plus,10/24/2020,Trump,Biden,"",.0007,0,,70,09:13:03 24 Oct 2020,40000
2020,President,polls-plus,10/24/2020,Trump,Biden,"",.0002,0,,7,09:13:03 24 Oct 2020,40000
2020,President,polls-plus,10/24/2020,Trump,Biden,"",.000725,0,,69,09:13:03 24 Oct 2020,40000
2020,President,polls-plus,10/24/2020,Trump,Biden,"",.000625,0,,68,09:13:03 24 Oct 2020,40000
2020,President,polls-plus,10/24/2020,Trump,Biden,"",.000525,0,,67,09:13:03 24 Oct 2020,40000
2020,President,polls-plus,10/24/2020,Trump,Biden,"",.0006,0,,66,09:13:03 24 Oct 2020,40000
2020,President,polls-plus,10/24/2020,Trump,Biden,"",.000525,0,,65,09:13:03 24 Oct 2020,40000
2020,President,polls-plus,10/24/2020,Trump,Biden,"",.00045,.000025,,64,09:13:03 24 Oct 2020,40000
2020,President,polls-plus,10/24/2020,Trump,Biden,"",.000675,0,,63,09:13:03 24 Oct 2020,40000
2020,President,polls-plus,10/24/2020,Trump,Biden,"",.000525,0,,62,09:13:03 24 Oct 2020,40000
2020,President,polls-plus,10/24/2020,Trump,Biden,"",.000375,0,,61,09:13:03 24 Oct 2020,40000
2020,President,polls-plus,10/24/2020,Trump,Biden,"",.0004,.000025,,60,09:13:03 24 Oct 2020,40000
2020,President,polls-plus,10/24/2020,Trump,Biden,"",.000125,0,,6,09:13:03 24 Oct 2020,40000
2020,President,polls-plus,10/24/2020,Trump,Biden,"",.0003,0,,59,09:13:03 24 Oct 2020,40000
2020,President,polls-plus,10/24/2020,Trump,Biden,"",.0006,0,,58,09:13:03 24 Oct 2020,40000
2020,President,polls-plus,10/24/2020,Trump,Biden,"",.000375,0,,57,09:13:03 24 Oct 2020,40000
2020,President,polls-plus,10/24/2020,Trump,Biden,"",.00035,0,,56,09:13:03 24 Oct 2020,40000
2020,President,polls-plus,10/24/2020,Trump,Biden,"",.000525,0,,55,09:13:03 24 Oct 2020,40000
2020,President,polls-plus,10/24/2020,Trump,Biden,"",.00055,0,,54,09:13:03 24 Oct 2020,40000
2020,President,polls-plus,10/24/2020,Trump,Biden,"",0,0,,538,09:13:03 24 Oct 2020,40000
2020,President,polls-plus,10/24/2020,Trump,Biden,"",0,.000075,,537,09:13:03 24 Oct 2020,40000
2020,President,polls-plus,10/24/2020,Trump,Biden,"",0,0,,536,09:13:03 24 Oct 2020,40000
2020,President,polls-plus,10/24/2020,Trump,Biden,"",0,.000025,,535,09:13:03 24 Oct 2020,40000
2020,President,polls-plus,10/24/2020,Trump,Biden,"",0,.000425,,534,09:13:03 24 Oct 2020,40000
2020,President,polls-plus,10/24/2020,Trump,Biden,"",0,.000075,,533,09:13:03 24 Oct 2020,40000
2020,President,polls-plus,10/24/2020,Trump,Biden,"",0,.000125,,532,09:13:03 24 Oct 2020,40000
2020,President,polls-plus,10/24/2020,Trump,Biden,"",0,.0002,,531,09:13:03 24 Oct 2020,40000
2020,President,polls-plus,10/24/2020,Trump,Biden,"",0,.00015,,530,09:13:03 24 Oct 2020,40000
2020,President,polls-plus,10/24/2020,Trump,Biden,"",.000325,0,,53,09:13:03 24 Oct 2020,40000
2020,President,polls-plus,10/24/2020,Trump,Biden,"",0,.00005,,529,09:13:03 24 Oct 2020,40000
2020,President,polls-plus,10/24/2020,Trump,Biden,"",0,.0001,,528,09:13:03 24 Oct 2020,40000
2020,President,polls-plus,10/24/2020,Trump,Biden,"",0,.0001,,527,09:13:03 24 Oct 2020,40000
2020,President,polls-plus,10/24/2020,Trump,Biden,"",0,.0001,,526,09:13:03 24 Oct 2020,40000
2020,President,polls-plus,10/24/2020,Trump,Biden,"",0,.000125,,525,09:13:03 24 Oct 2020,40000
2020,President,polls-plus,10/24/2020,Trump,Biden,"",0,.000175,,524,09:13:03 24 Oct 2020,40000
2020,President,polls-plus,10/24/2020,Trump,Biden,"",0,.000125,,523,09:13:03 24 Oct 2020,40000
2020,President,polls-plus,10/24/2020,Trump,Biden,"",0,.00025,,522,09:13:03 24 Oct 2020,40000
2020,President,polls-plus,10/24/2020,Trump,Biden,"",0,.000125,,521,09:13:03 24 Oct 2020,40000
2020,President,polls-plus,10/24/2020,Trump,Biden,"",0,.00005,,520,09:13:03 24 Oct 2020,40000
2020,President,polls-plus,10/24/2020,Trump,Biden,"",.000575,0,,52,09:13:03 24 Oct 2020,40000
2020,President,polls-plus,10/24/2020,Trump,Biden,"",0,.000125,,519,09:13:03 24 Oct 2020,40000
2020,President,polls-plus,10/24/2020,Trump,Biden,"",0,.0001,,518,09:13:03 24 Oct 2020,40000
2020,President,polls-plus,10/24/2020,Trump,Biden,"",0,.0001,,517,09:13:03 24 Oct 2020,40000
2020,President,polls-plus,10/24/2020,Trump,Biden,"",0,.0002,,516,09:13:03 24 Oct 2020,40000
2020,President,polls-plus,10/24/2020,Trump,Biden,"",0,.0002,,515,09:13:03 24 Oct 2020,40000
2020,President,polls-plus,10/24/2020,Trump,Biden,"",0,.00025,,514,09:13:03 24 Oct 2020,40000
2020,President,polls-plus,10/24/2020,Trump,Biden,"",0,.000075,,513,09:13:03 24 Oct 2020,40000
2020,President,polls-plus,10/24/2020,Trump,Biden,"",0,.000075,,512,09:13:03 24 Oct 2020,40000
2020,President,polls-plus,10/24/2020,Trump,Biden,"",0,.0001,,511,09:13:03 24 Oct 2020,40000
2020,President,polls-plus,10/24/2020,Trump,Biden,"",0,.000175,,510,09:13:03 24 Oct 2020,40000
2020,President,polls-plus,10/24/2020,Trump,Biden,"",.00045,0,,51,09:13:03 24 Oct 2020,40000
2020,President,polls-plus,10/24/2020,Trump,Biden,"",0,.0001,,509,09:13:03 24 Oct 2020,40000
2020,President,polls-plus,10/24/2020,Trump,Biden,"",0,.0002,,508,09:13:03 24 Oct 2020,40000
2020,President,polls-plus,10/24/2020,Trump,Biden,"",0,.00015,,507,09:13:03 24 Oct 2020,40000
2020,President,polls-plus,10/24/2020,Trump,Biden,"",0,.0001,,506,09:13:03 24 Oct 2020,40000
2020,President,polls-plus,10/24/2020,Trump,Biden,"",0,.000125,,505,09:13:03 24 Oct 2020,40000
2020,President,polls-plus,10/24/2020,Trump,Biden,"",0,.000175,,504,09:13:03 24 Oct 2020,40000
2020,President,polls-plus,10/24/2020,Trump,Biden,"",0,.000125,,503,09:13:03 24 Oct 2020,40000
2020,President,polls-plus,10/24/2020,Trump,Biden,"",0,.00015,,502,09:13:03 24 Oct 2020,40000
2020,President,polls-plus,10/24/2020,Trump,Biden,"",0,.00025,,501,09:13:03 24 Oct 2020,40000
2020,President,polls-plus,10/24/2020,Trump,Biden,"",0,.00025,,500,09:13:03 24 Oct 2020,40000
2020,President,polls-plus,10/24/2020,Trump,Biden,"",.0001,0,,50,09:13:03 24 Oct 2020,40000
2020,President,polls-plus,10/24/2020,Trump,Biden,"",.000075,0,,5,09:13:03 24 Oct 2020,40000
2020,President,polls-plus,10/24/2020,Trump,Biden,"",0,.000375,,499,09:13:03 24 Oct 2020,40000
2020,President,polls-plus,10/24/2020,Trump,Biden,"",0,.00025,,498,09:13:03 24 Oct 2020,40000
2020,President,polls-plus,10/24/2020,Trump,Biden,"",0,.0001,,497,09:13:03 24 Oct 2020,40000
2020,President,polls-plus,10/24/2020,Trump,Biden,"",0,.000175,,496,09:13:03 24 Oct 2020,40000
2020,President,polls-plus,10/24/2020,Trump,Biden,"",0,.00015,,495,09:13:03 24 Oct 2020,40000
2020,President,polls-plus,10/24/2020,Trump,Biden,"",0,.0002,,494,09:13:03 24 Oct 2020,40000
2020,President,polls-plus,10/24/2020,Trump,Biden,"",0,.000125,,493,09:13:03 24 Oct 2020,40000
2020,President,polls-plus,10/24/2020,Trump,Biden,"",0,.0003,,492,09:13:03 24 Oct 2020,40000
2020,President,polls-plus,10/24/2020,Trump,Biden,"",0,.00025,,491,09:13:03 24 Oct 2020,40000
2020,President,polls-plus,10/24/2020,Trump,Biden,"",0,.0003,,490,09:13:03 24 Oct 2020,40000
2020,President,polls-plus,10/24/2020,Trump,Biden,"",.000325,0,,49,09:13:03 24 Oct 2020,40000
2020,President,polls-plus,10/24/2020,Trump,Biden,"",0,.000325,,489,09:13:03 24 Oct 2020,40000
2020,President,polls-plus,10/24/2020,Trump,Biden,"",0,.0001,,488,09:13:03 24 Oct 2020,40000
2020,President,polls-plus,10/24/2020,Trump,Biden,"",0,.00045,,487,09:13:03 24 Oct 2020,40000
2020,President,polls-plus,10/24/2020,Trump,Biden,"",0,.000575,,486,09:13:03 24 Oct 2020,40000
2020,President,polls-plus,10/24/2020,Trump,Biden,"",0,.000325,,485,09:13:03 24 Oct 2020,40000
2020,President,polls-plus,10/24/2020,Trump,Biden,"",0,.00055,,484,09:13:03 24 Oct 2020,40000
2020,President,polls-plus,10/24/2020,Trump,Biden,"",0,.000525,,483,09:13:03 24 Oct 2020,40000
2020,President,polls-plus,10/24/2020,Trump,Biden,"",0,.00035,,482,09:13:03 24 Oct 2020,40000
2020,President,polls-plus,10/24/2020,Trump,Biden,"",0,.000375,,481,09:13:03 24 Oct 2020,40000
2020,President,polls-plus,10/24/2020,Trump,Biden,"",0,.0006,,480,09:13:03 24 Oct 2020,40000
2020,President,polls-plus,10/24/2020,Trump,Biden,"",.0003,0,,48,09:13:03 24 Oct 2020,40000
2020,President,polls-plus,10/24/2020,Trump,Biden,"",0,.0003,,479,09:13:03 24 Oct 2020,40000
2020,President,polls-plus,10/24/2020,Trump,Biden,"",.000025,.0004,,478,09:13:03 24 Oct 2020,40000
2020,President,polls-plus,10/24/2020,Trump,Biden,"",0,.000375,,477,09:13:03 24 Oct 2020,40000
2020,President,polls-plus,10/24/2020,Trump,Biden,"",0,.000525,,476,09:13:03 24 Oct 2020,40000
2020,President,polls-plus,10/24/2020,Trump,Biden,"",0,.000675,,475,09:13:03 24 Oct 2020,40000
2020,President,polls-plus,10/24/2020,Trump,Biden,"",.000025,.00045,,474,09:13:03 24 Oct 2020,40000
2020,President,polls-plus,10/24/2020,Trump,Biden,"",0,.000525,,473,09:13:03 24 Oct 2020,40000
2020,President,polls-plus,10/24/2020,Trump,Biden,"",0,.0006,,472,09:13:03 24 Oct 2020,40000
2020,President,polls-plus,10/24/2020,Trump,Biden,"",0,.000525,,471,09:13:03 24 Oct 2020,40000
2020,President,polls-plus,10/24/2020,Trump,Biden,"",0,.000625,,470,09:13:03 24 Oct 2020,40000
2020,President,polls-plus,10/24/2020,Trump,Biden,"",.00025,0,,47,09:13:03 24 Oct 2020,40000
2020,President,polls-plus,10/24/2020,Trump,Biden,"",0,.000725,,469,09:13:03 24 Oct 2020,40000
2020,President,polls-plus,10/24/2020,Trump,Biden,"",0,.0007,,468,09:13:03 24 Oct 2020,40000
2020,President,polls-plus,10/24/2020,Trump,Biden,"",0,.00065,,467,09:13:03 24 Oct 2020,40000
2020,President,polls-plus,10/24/2020,Trump,Biden,"",0,.0006,,466,09:13:03 24 Oct 2020,40000
2020,President,polls-plus,10/24/2020,Trump,Biden,"",0,.00035,,465,09:13:03 24 Oct 2020,40000
2020,President,polls-plus,10/24/2020,Trump,Biden,"",0,.0008,,464,09:13:03 24 Oct 2020,40000
2020,President,polls-plus,10/24/2020,Trump,Biden,"",0,.00065,,463,09:13:03 24 Oct 2020,40000
2020,President,polls-plus,10/24/2020,Trump,Biden,"",0,.001025,,462,09:13:03 24 Oct 2020,40000
2020,President,polls-plus,10/24/2020,Trump,Biden,"",0,.0012,,461,09:13:03 24 Oct 2020,40000
2020,President,polls-plus,10/24/2020,Trump,Biden,"",0,.00125,,460,09:13:03 24 Oct 2020,40000
2020,President,polls-plus,10/24/2020,Trump,Biden,"",.0003,0,,46,09:13:03 24 Oct 2020,40000
2020,President,polls-plus,10/24/2020,Trump,Biden,"",0,.0005,,459,09:13:03 24 Oct 2020,40000
2020,President,polls-plus,10/24/2020,Trump,Biden,"",0,.00095,,458,09:13:03 24 Oct 2020,40000
2020,President,polls-plus,10/24/2020,Trump,Biden,"",0,.00105,,457,09:13:03 24 Oct 2020,40000
2020,President,polls-plus,10/24/2020,Trump,Biden,"",0,.00205,,456,09:13:03 24 Oct 2020,40000
2020,President,polls-plus,10/24/2020,Trump,Biden,"",0,.00185,,455,09:13:03 24 Oct 2020,40000
2020,President,polls-plus,10/24/2020,Trump,Biden,"",0,.0003,,454,09:13:03 24 Oct 2020,40000
2020,President,polls-plus,10/24/2020,Trump,Biden,"",0,.00085,,453,09:13:03 24 Oct 2020,40000
2020,President,polls-plus,10/24/2020,Trump,Biden,"",0,.001125,,452,09:13:03 24 Oct 2020,40000
2020,President,polls-plus,10/24/2020,Trump,Biden,"",0,.000725,,451,09:13:03 24 Oct 2020,40000
2020,President,polls-plus,10/24/2020,Trump,Biden,"",0,.000925,,450,09:13:03 24 Oct 2020,40000
2020,President,polls-plus,10/24/2020,Trump,Biden,"",.000125,0,,45,09:13:03 24 Oct 2020,40000
2020,President,polls-plus,10/24/2020,Trump,Biden,"",0,.00185,,449,09:13:03 24 Oct 2020,40000
2020,President,polls-plus,10/24/2020,Trump,Biden,"",0,.000575,,448,09:13:03 24 Oct 2020,40000
2020,President,polls-plus,10/24/2020,Trump,Biden,"",0,.0013,,447,09:13:03 24 Oct 2020,40000
2020,President,polls-plus,10/24/2020,Trump,Biden,"",0,.001675,,446,09:13:03 24 Oct 2020,40000
2020,President,polls-plus,10/24/2020,Trump,Biden,"",0,.00145,,445,09:13:03 24 Oct 2020,40000
2020,President,polls-plus,10/24/2020,Trump,Biden,"",.000025,.001175,,444,09:13:03 24 Oct 2020,40000
2020,President,polls-plus,10/24/2020,Trump,Biden,"",0,.00105,,443,09:13:03 24 Oct 2020,40000
2020,President,polls-plus,10/24/2020,Trump,Biden,"",.000025,.001175,,442,09:13:03 24 Oct 2020,40000
2020,President,polls-plus,10/24/2020,Trump,Biden,"",0,.0019,,441,09:13:03 24 Oct 2020,40000
2020,President,polls-plus,10/24/2020,Trump,Biden,"",.000025,.0012,,440,09:13:03 24 Oct 2020,40000
2020,President,polls-plus,10/24/2020,Trump,Biden,"",.0002,0,,44,09:13:03 24 Oct 2020,40000
2020,President,polls-plus,10/24/2020,Trump,Biden,"",0,.001325,,439,09:13:03 24 Oct 2020,40000
2020,President,polls-plus,10/24/2020,Trump,Biden,"",0,.00225,,438,09:13:03 24 Oct 2020,40000
2020,President,polls-plus,10/24/2020,Trump,Biden,"",0,.00185,,437,09:13:03 24 Oct 2020,40000
2020,President,polls-plus,10/24/2020,Trump,Biden,"",0,.0024,,436,09:13:03 24 Oct 2020,40000
2020,President,polls-plus,10/24/2020,Trump,Biden,"",0,.00395,,435,09:13:03 24 Oct 2020,40000
2020,President,polls-plus,10/24/2020,Trump,Biden,"",0,.001725,,434,09:13:03 24 Oct 2020,40000
2020,President,polls-plus,10/24/2020,Trump,Biden,"",0,.0011,,433,09:13:03 24 Oct 2020,40000
2020,President,polls-plus,10/24/2020,Trump,Biden,"",0,.0028,,432,09:13:03 24 Oct 2020,40000
2020,President,polls-plus,10/24/2020,Trump,Biden,"",.000025,.002625,,431,09:13:03 24 Oct 2020,40000
2020,President,polls-plus,10/24/2020,Trump,Biden,"",0,.00185,,430,09:13:03 24 Oct 2020,40000
2020,President,polls-plus,10/24/2020,Trump,Biden,"",.00015,0,,43,09:13:03 24 Oct 2020,40000
2020,President,polls-plus,10/24/2020,Trump,Biden,"",0,.0026,,429,09:13:03 24 Oct 2020,40000
2020,President,polls-plus,10/24/2020,Trump,Biden,"",0,.0039,,428,09:13:03 24 Oct 2020,40000
2020,President,polls-plus,10/24/2020,Trump,Biden,"",0,.002525,,427,09:13:03 24 Oct 2020,40000
2020,President,polls-plus,10/24/2020,Trump,Biden,"",0,.0035,,426,09:13:03 24 Oct 2020,40000
2020,President,polls-plus,10/24/2020,Trump,Biden,"",0,.00575,,425,09:13:03 24 Oct 2020,40000
2020,President,polls-plus,10/24/2020,Trump,Biden,"",0,.002225,,424,09:13:03 24 Oct 2020,40000
2020,President,polls-plus,10/24/2020,Trump,Biden,"",.000025,.003975,,423,09:13:03 24 Oct 2020,40000
2020,President,polls-plus,10/24/2020,Trump,Biden,"",0,.007675,,422,09:13:03 24 Oct 2020,40000
2020,President,polls-plus,10/24/2020,Trump,Biden,"",0,.003225,,421,09:13:03 24 Oct 2020,40000
2020,President,polls-plus,10/24/2020,Trump,Biden,"",0,.001575,,420,09:13:03 24 Oct 2020,40000
2020,President,polls-plus,10/24/2020,Trump,Biden,"",.000175,0,,42,09:13:03 24 Oct 2020,40000
2020,President,polls-plus,10/24/2020,Trump,Biden,"",0,.00845,,419,09:13:03 24 Oct 2020,40000
2020,President,polls-plus,10/24/2020,Trump,Biden,"",0,.0024,,418,09:13:03 24 Oct 2020,40000
2020,President,polls-plus,10/24/2020,Trump,Biden,"",0,.002425,,417,09:13:03 24 Oct 2020,40000
2020,President,polls-plus,10/24/2020,Trump,Biden,"",.000025,.020325,,416,09:13:03 24 Oct 2020,40000
2020,President,polls-plus,10/24/2020,Trump,Biden,"",.000025,.00455,,415,09:13:03 24 Oct 2020,40000
2020,President,polls-plus,10/24/2020,Trump,Biden,"",0,.0018,,414,09:13:03 24 Oct 2020,40000
2020,President,polls-plus,10/24/2020,Trump,Biden,"",0,.04365,,413,09:13:03 24 Oct 2020,40000
2020,President,polls-plus,10/24/2020,Trump,Biden,"",.000025,.01945,,412,09:13:03 24 Oct 2020,40000
2020,President,polls-plus,10/24/2020,Trump,Biden,"",0,.001775,,411,09:13:03 24 Oct 2020,40000
2020,President,polls-plus,10/24/2020,Trump,Biden,"",.000025,.002025,,410,09:13:03 24 Oct 2020,40000
2020,President,polls-plus,10/24/2020,Trump,Biden,"",.0001,0,,41,09:13:03 24 Oct 2020,40000
2020,President,polls-plus,10/24/2020,Trump,Biden,"",0,.001575,,409,09:13:03 24 Oct 2020,40000
2020,President,polls-plus,10/24/2020,Trump,Biden,"",.000025,.001425,,408,09:13:03 24 Oct 2020,40000
2020,President,polls-plus,10/24/2020,Trump,Biden,"",.000025,.00405,,407,09:13:03 24 Oct 2020,40000
2020,President,polls-plus,10/24/2020,Trump,Biden,"",.000025,.00595,,406,09:13:03 24 Oct 2020,40000
2020,President,polls-plus,10/24/2020,Trump,Biden,"",0,.001225,,405,09:13:03 24 Oct 2020,40000
2020,President,polls-plus,10/24/2020,Trump,Biden,"",0,.001575,,404,09:13:03 24 Oct 2020,40000
2020,President,polls-plus,10/24/2020,Trump,Biden,"",.000025,.003075,,403,09:13:03 24 Oct 2020,40000
2020,President,polls-plus,10/24/2020,Trump,Biden,"",0,.0018,,402,09:13:03 24 Oct 2020,40000
2020,President,polls-plus,10/24/2020,Trump,Biden,"",.00005,.001975,,401,09:13:03 24 Oct 2020,40000
2020,President,polls-plus,10/24/2020,Trump,Biden,"",.000025,.004875,,400,09:13:03 24 Oct 2020,40000
2020,President,polls-plus,10/24/2020,Trump,Biden,"",.00025,0,,40,09:13:03 24 Oct 2020,40000
2020,President,polls-plus,10/24/2020,Trump,Biden,"",.000425,0,,4,09:13:03 24 Oct 2020,40000
2020,President,polls-plus,10/24/2020,Trump,Biden,"",0,.0011,,399,09:13:03 24 Oct 2020,40000
2020,President,polls-plus,10/24/2020,Trump,Biden,"",0,.002925,,398,09:13:03 24 Oct 2020,40000
2020,President,polls-plus,10/24/2020,Trump,Biden,"",.000025,.008525,,397,09:13:03 24 Oct 2020,40000
2020,President,polls-plus,10/24/2020,Trump,Biden,"",.000025,.003325,,396,09:13:03 24 Oct 2020,40000
2020,President,polls-plus,10/24/2020,Trump,Biden,"",0,.006175,,395,09:13:03 24 Oct 2020,40000
2020,President,polls-plus,10/24/2020,Trump,Biden,"",0,.010375,,394,09:13:03 24 Oct 2020,40000
2020,President,polls-plus,10/24/2020,Trump,Biden,"",.00005,.0012,,393,09:13:03 24 Oct 2020,40000
2020,President,polls-plus,10/24/2020,Trump,Biden,"",0,.001775,,392,09:13:03 24 Oct 2020,40000
2020,President,polls-plus,10/24/2020,Trump,Biden,"",0,.003,,391,09:13:03 24 Oct 2020,40000
2020,President,polls-plus,10/24/2020,Trump,Biden,"",.000025,.002125,,390,09:13:03 24 Oct 2020,40000
2020,President,polls-plus,10/24/2020,Trump,Biden,"",.000375,0,,39,09:13:03 24 Oct 2020,40000
2020,President,polls-plus,10/24/2020,Trump,Biden,"",.00005,.003575,,389,09:13:03 24 Oct 2020,40000
2020,President,polls-plus,10/24/2020,Trump,Biden,"",0,.010125,,388,09:13:03 24 Oct 2020,40000
2020,President,polls-plus,10/24/2020,Trump,Biden,"",.000025,.0023,,387,09:13:03 24 Oct 2020,40000
2020,President,polls-plus,10/24/2020,Trump,Biden,"",.000025,.0028,,386,09:13:03 24 Oct 2020,40000
2020,President,polls-plus,10/24/2020,Trump,Biden,"",0,.001925,,385,09:13:03 24 Oct 2020,40000
2020,President,polls-plus,10/24/2020,Trump,Biden,"",.000025,.003025,,384,09:13:03 24 Oct 2020,40000
2020,President,polls-plus,10/24/2020,Trump,Biden,"",0,.00175,,383,09:13:03 24 Oct 2020,40000
2020,President,polls-plus,10/24/2020,Trump,Biden,"",.00005,.00275,,382,09:13:03 24 Oct 2020,40000
2020,President,polls-plus,10/24/2020,Trump,Biden,"",0,.004475,,381,09:13:03 24 Oct 2020,40000
2020,President,polls-plus,10/24/2020,Trump,Biden,"",0,.0016,,380,09:13:03 24 Oct 2020,40000
2020,President,polls-plus,10/24/2020,Trump,Biden,"",.00025,0,,38,09:13:03 24 Oct 2020,40000
2020,President,polls-plus,10/24/2020,Trump,Biden,"",.000025,.003625,,379,09:13:03 24 Oct 2020,40000
2020,President,polls-plus,10/24/2020,Trump,Biden,"",.00015,.010275,,378,09:13:03 24 Oct 2020,40000
2020,President,polls-plus,10/24/2020,Trump,Biden,"",.000075,.002925,,377,09:13:03 24 Oct 2020,40000
2020,President,polls-plus,10/24/2020,Trump,Biden,"",.000125,.00175,,376,09:13:03 24 Oct 2020,40000
2020,President,polls-plus,10/24/2020,Trump,Biden,"",.00005,.02725,,375,09:13:03 24 Oct 2020,40000
2020,President,polls-plus,10/24/2020,Trump,Biden,"",.00005,.009675,,374,09:13:03 24 Oct 2020,40000
2020,President,polls-plus,10/24/2020,Trump,Biden,"",.000075,.00295,,373,09:13:03 24 Oct 2020,40000
2020,President,polls-plus,10/24/2020,Trump,Biden,"",0,.005025,,372,09:13:03 24 Oct 2020,40000
2020,President,polls-plus,10/24/2020,Trump,Biden,"",.000025,.0021,,371,09:13:03 24 Oct 2020,40000
2020,President,polls-plus,10/24/2020,Trump,Biden,"",.000025,.0013,,370,09:13:03 24 Oct 2020,40000
2020,President,polls-plus,10/24/2020,Trump,Biden,"",.00025,0,,37,09:13:03 24 Oct 2020,40000
2020,President,polls-plus,10/24/2020,Trump,Biden,"",.00015,.004925,,369,09:13:03 24 Oct 2020,40000
2020,President,polls-plus,10/24/2020,Trump,Biden,"",0,.00585,,368,09:13:03 24 Oct 2020,40000
2020,President,polls-plus,10/24/2020,Trump,Biden,"",0,.00185,,367,09:13:03 24 Oct 2020,40000
2020,President,polls-plus,10/24/2020,Trump,Biden,"",.0001,.0017,,366,09:13:03 24 Oct 2020,40000
2020,President,polls-plus,10/24/2020,Trump,Biden,"",.00005,.002975,,365,09:13:03 24 Oct 2020,40000
2020,President,polls-plus,10/24/2020,Trump,Biden,"",.000025,.00515,,364,09:13:03 24 Oct 2020,40000
2020,President,polls-plus,10/24/2020,Trump,Biden,"",.0005,.003475,,363,09:13:03 24 Oct 2020,40000
2020,President,polls-plus,10/24/2020,Trump,Biden,"",.000425,.006,,362,09:13:03 24 Oct 2020,40000
2020,President,polls-plus,10/24/2020,Trump,Biden,"",.000075,.0025,,361,09:13:03 24 Oct 2020,40000
2020,President,polls-plus,10/24/2020,Trump,Biden,"",.000125,.003675,,360,09:13:03 24 Oct 2020,40000
2020,President,polls-plus,10/24/2020,Trump,Biden,"",.00015,0,,36,09:13:03 24 Oct 2020,40000
2020,President,polls-plus,10/24/2020,Trump,Biden,"",.000075,.0152,,359,09:13:03 24 Oct 2020,40000
2020,President,polls-plus,10/24/2020,Trump,Biden,"",.000175,.0063,,358,09:13:03 24 Oct 2020,40000
2020,President,polls-plus,10/24/2020,Trump,Biden,"",.00015,.010025,,357,09:13:03 24 Oct 2020,40000
2020,President,polls-plus,10/24/2020,Trump,Biden,"",.000275,.010825,,356,09:13:03 24 Oct 2020,40000
2020,President,polls-plus,10/24/2020,Trump,Biden,"",.0009,.0014,,355,09:13:03 24 Oct 2020,40000
2020,President,polls-plus,10/24/2020,Trump,Biden,"",.000075,.00185,,354,09:13:03 24 Oct 2020,40000
2020,President,polls-plus,10/24/2020,Trump,Biden,"",.0002,.00595,,353,09:13:03 24 Oct 2020,40000
2020,President,polls-plus,10/24/2020,Trump,Biden,"",.0001,.003625,,352,09:13:03 24 Oct 2020,40000
2020,President,polls-plus,10/24/2020,Trump,Biden,"",.000125,.006225,,351,09:13:03 24 Oct 2020,40000
2020,President,polls-plus,10/24/2020,Trump,Biden,"",.000675,.01355,,350,09:13:03 24 Oct 2020,40000
2020,President,polls-plus,10/24/2020,Trump,Biden,"",.000125,0,,35,09:13:03 24 Oct 2020,40000
2020,President,polls-plus,10/24/2020,Trump,Biden,"",.000575,.00275,,349,09:13:03 24 Oct 2020,40000
2020,President,polls-plus,10/24/2020,Trump,Biden,"",.000325,.00495,,348,09:13:03 24 Oct 2020,40000
2020,President,polls-plus,10/24/2020,Trump,Biden,"",.000125,.00355,,347,09:13:03 24 Oct 2020,40000
2020,President,polls-plus,10/24/2020,Trump,Biden,"",.00015,.0043,,346,09:13:03 24 Oct 2020,40000
2020,President,polls-plus,10/24/2020,Trump,Biden,"",.0003,.0031,,345,09:13:03 24 Oct 2020,40000
2020,President,polls-plus,10/24/2020,Trump,Biden,"",.000525,.0065,,344,09:13:03 24 Oct 2020,40000
2020,President,polls-plus,10/24/2020,Trump,Biden,"",.000275,.003575,,343,09:13:03 24 Oct 2020,40000
2020,President,polls-plus,10/24/2020,Trump,Biden,"",.001275,.00435,,342,09:13:03 24 Oct 2020,40000
2020,President,polls-plus,10/24/2020,Trump,Biden,"",.00045,.009675,,341,09:13:03 24 Oct 2020,40000
2020,President,polls-plus,10/24/2020,Trump,Biden,"",.00065,.007825,,340,09:13:03 24 Oct 2020,40000
2020,President,polls-plus,10/24/2020,Trump,Biden,"",.000175,0,,34,09:13:03 24 Oct 2020,40000
2020,President,polls-plus,10/24/2020,Trump,Biden,"",.0004,.00715,,339,09:13:03 24 Oct 2020,40000
2020,President,polls-plus,10/24/2020,Trump,Biden,"",.000675,.0039,,338,09:13:03 24 Oct 2020,40000
2020,President,polls-plus,10/24/2020,Trump,Biden,"",.0019,.00335,,337,09:13:03 24 Oct 2020,40000
2020,President,polls-plus,10/24/2020,Trump,Biden,"",.00065,.0024,,336,09:13:03 24 Oct 2020,40000
2020,President,polls-plus,10/24/2020,Trump,Biden,"",.001475,.010975,,335,09:13:03 24 Oct 2020,40000
2020,President,polls-plus,10/24/2020,Trump,Biden,"",.00045,.015375,,334,09:13:03 24 Oct 2020,40000
2020,President,polls-plus,10/24/2020,Trump,Biden,"",.00095,.005225,,333,09:13:03 24 Oct 2020,40000
2020,President,polls-plus,10/24/2020,Trump,Biden,"",.000375,.00235,,332,09:13:03 24 Oct 2020,40000
2020,President,polls-plus,10/24/2020,Trump,Biden,"",.001175,.002175,,331,09:13:03 24 Oct 2020,40000
2020,President,polls-plus,10/24/2020,Trump,Biden,"",.000425,.00535,,330,09:13:03 24 Oct 2020,40000
2020,President,polls-plus,10/24/2020,Trump,Biden,"",.000125,0,,33,09:13:03 24 Oct 2020,40000
2020,President,polls-plus,10/24/2020,Trump,Biden,"",.00075,.00415,,329,09:13:03 24 Oct 2020,40000
2020,President,polls-plus,10/24/2020,Trump,Biden,"",.003575,.002725,,328,09:13:03 24 Oct 2020,40000
2020,President,polls-plus,10/24/2020,Trump,Biden,"",.000725,.002075,,327,09:13:03 24 Oct 2020,40000
2020,President,polls-plus,10/24/2020,Trump,Biden,"",.002375,.004725,,326,09:13:03 24 Oct 2020,40000
2020,President,polls-plus,10/24/2020,Trump,Biden,"",.0008,.00655,,325,09:13:03 24 Oct 2020,40000
2020,President,polls-plus,10/24/2020,Trump,Biden,"",.000625,.0074,,324,09:13:03 24 Oct 2020,40000
2020,President,polls-plus,10/24/2020,Trump,Biden,"",.000775,.009025,,323,09:13:03 24 Oct 2020,40000
2020,President,polls-plus,10/24/2020,Trump,Biden,"",.0043,.004375,,322,09:13:03 24 Oct 2020,40000
2020,President,polls-plus,10/24/2020,Trump,Biden,"",.001175,.002525,,321,09:13:03 24 Oct 2020,40000
2020,President,polls-plus,10/24/2020,Trump,Biden,"",.001425,.00495,,320,09:13:03 24 Oct 2020,40000
2020,President,polls-plus,10/24/2020,Trump,Biden,"",.0001,0,,32,09:13:03 24 Oct 2020,40000
2020,President,polls-plus,10/24/2020,Trump,Biden,"",.000725,.017175,,319,09:13:03 24 Oct 2020,40000
2020,President,polls-plus,10/24/2020,Trump,Biden,"",.0011,.005875,,318,09:13:03 24 Oct 2020,40000
2020,President,polls-plus,10/24/2020,Trump,Biden,"",.000925,.002525,,317,09:13:03 24 Oct 2020,40000
2020,President,polls-plus,10/24/2020,Trump,Biden,"",.002075,.00365,,316,09:13:03 24 Oct 2020,40000
2020,President,polls-plus,10/24/2020,Trump,Biden,"",.0007,.0043,,315,09:13:03 24 Oct 2020,40000
2020,President,polls-plus,10/24/2020,Trump,Biden,"",.00055,.003375,,314,09:13:03 24 Oct 2020,40000
2020,President,polls-plus,10/24/2020,Trump,Biden,"",.00065,.006275,,313,09:13:03 24 Oct 2020,40000
2020,President,polls-plus,10/24/2020,Trump,Biden,"",.0039,.0031,,312,09:13:03 24 Oct 2020,40000
2020,President,polls-plus,10/24/2020,Trump,Biden,"",.001725,.002225,,311,09:13:03 24 Oct 2020,40000
2020,President,polls-plus,10/24/2020,Trump,Biden,"",.001925,.002875,,310,09:13:03 24 Oct 2020,40000
2020,President,polls-plus,10/24/2020,Trump,Biden,"",.00015,0,,31,09:13:03 24 Oct 2020,40000
2020,President,polls-plus,10/24/2020,Trump,Biden,"",.00085,.005075,,309,09:13:03 24 Oct 2020,40000
2020,President,polls-plus,10/24/2020,Trump,Biden,"",.000825,.008975,,308,09:13:03 24 Oct 2020,40000
2020,President,polls-plus,10/24/2020,Trump,Biden,"",.000675,.0036,,307,09:13:03 24 Oct 2020,40000
2020,President,polls-plus,10/24/2020,Trump,Biden,"",.0033,.003125,,306,09:13:03 24 Oct 2020,40000
2020,President,polls-plus,10/24/2020,Trump,Biden,"",.0017,.004025,,305,09:13:03 24 Oct 2020,40000
2020,President,polls-plus,10/24/2020,Trump,Biden,"",.0012,.003175,,304,09:13:03 24 Oct 2020,40000
2020,President,polls-plus,10/24/2020,Trump,Biden,"",.000625,.00235,,303,09:13:03 24 Oct 2020,40000
2020,President,polls-plus,10/24/2020,Trump,Biden,"",.0015,.002,,302,09:13:03 24 Oct 2020,40000
2020,President,polls-plus,10/24/2020,Trump,Biden,"",.0017,.002775,,301,09:13:03 24 Oct 2020,40000
2020,President,polls-plus,10/24/2020,Trump,Biden,"",.002575,.002825,,300,09:13:03 24 Oct 2020,40000
2020,President,polls-plus,10/24/2020,Trump,Biden,"",.0002,0,,30,09:13:03 24 Oct 2020,40000
2020,President,polls-plus,10/24/2020,Trump,Biden,"",.000025,0,,3,09:13:03 24 Oct 2020,40000
2020,President,polls-plus,10/24/2020,Trump,Biden,"",.000925,.002275,,299,09:13:03 24 Oct 2020,40000
2020,President,polls-plus,10/24/2020,Trump,Biden,"",.0007,.003675,,298,09:13:03 24 Oct 2020,40000
2020,President,polls-plus,10/24/2020,Trump,Biden,"",.000475,.003975,,297,09:13:03 24 Oct 2020,40000
2020,President,polls-plus,10/24/2020,Trump,Biden,"",.003575,.00265,,296,09:13:03 24 Oct 2020,40000
2020,President,polls-plus,10/24/2020,Trump,Biden,"",.0028,.00585,,295,09:13:03 24 Oct 2020,40000
2020,President,polls-plus,10/24/2020,Trump,Biden,"",.001475,.009575,,294,09:13:03 24 Oct 2020,40000
2020,President,polls-plus,10/24/2020,Trump,Biden,"",.0013,.003725,,293,09:13:03 24 Oct 2020,40000
2020,President,polls-plus,10/24/2020,Trump,Biden,"",.001675,.002025,,292,09:13:03 24 Oct 2020,40000
2020,President,polls-plus,10/24/2020,Trump,Biden,"",.00195,.003625,,291,09:13:03 24 Oct 2020,40000
2020,President,polls-plus,10/24/2020,Trump,Biden,"",.0039,.008725,,290,09:13:03 24 Oct 2020,40000
2020,President,polls-plus,10/24/2020,Trump,Biden,"",.0001,0,,29,09:13:03 24 Oct 2020,40000
2020,President,polls-plus,10/24/2020,Trump,Biden,"",.00205,.004775,,289,09:13:03 24 Oct 2020,40000
2020,President,polls-plus,10/24/2020,Trump,Biden,"",.000875,.00265,,288,09:13:03 24 Oct 2020,40000
2020,President,polls-plus,10/24/2020,Trump,Biden,"",.000675,.0017,,287,09:13:03 24 Oct 2020,40000
2020,President,polls-plus,10/24/2020,Trump,Biden,"",.0028,.002775,,286,09:13:03 24 Oct 2020,40000
2020,President,polls-plus,10/24/2020,Trump,Biden,"",.003075,.0032,,285,09:13:03 24 Oct 2020,40000
2020,President,polls-plus,10/24/2020,Trump,Biden,"",.001825,.0031,,284,09:13:03 24 Oct 2020,40000
2020,President,polls-plus,10/24/2020,Trump,Biden,"",.001225,.0029,,283,09:13:03 24 Oct 2020,40000
2020,President,polls-plus,10/24/2020,Trump,Biden,"",.001225,.00305,,282,09:13:03 24 Oct 2020,40000
2020,President,polls-plus,10/24/2020,Trump,Biden,"",.00135,.001675,,281,09:13:03 24 Oct 2020,40000
2020,President,polls-plus,10/24/2020,Trump,Biden,"",.004875,.007975,,280,09:13:03 24 Oct 2020,40000
2020,President,polls-plus,10/24/2020,Trump,Biden,"",.000175,0,,28,09:13:03 24 Oct 2020,40000
2020,President,polls-plus,10/24/2020,Trump,Biden,"",.004125,.01675,,279,09:13:03 24 Oct 2020,40000
2020,President,polls-plus,10/24/2020,Trump,Biden,"",.001325,.008475,,278,09:13:03 24 Oct 2020,40000
2020,President,polls-plus,10/24/2020,Trump,Biden,"",.0007,.00165,,277,09:13:03 24 Oct 2020,40000
2020,President,polls-plus,10/24/2020,Trump,Biden,"",.002425,.0014,,276,09:13:03 24 Oct 2020,40000
2020,President,polls-plus,10/24/2020,Trump,Biden,"",.004175,.00185,,275,09:13:03 24 Oct 2020,40000
2020,President,polls-plus,10/24/2020,Trump,Biden,"",.0026,.00335,,274,09:13:03 24 Oct 2020,40000
2020,President,polls-plus,10/24/2020,Trump,Biden,"",.0013,.004825,,273,09:13:03 24 Oct 2020,40000
2020,President,polls-plus,10/24/2020,Trump,Biden,"",.001275,.00275,,272,09:13:03 24 Oct 2020,40000
2020,President,polls-plus,10/24/2020,Trump,Biden,"",.0013,.001225,,271,09:13:03 24 Oct 2020,40000
2020,President,polls-plus,10/24/2020,Trump,Biden,"",.004575,.002275,,270,09:13:03 24 Oct 2020,40000
2020,President,polls-plus,10/24/2020,Trump,Biden,"",.0001,0,,27,09:13:03 24 Oct 2020,40000
2020,President,polls-plus,10/24/2020,Trump,Biden,"",.00565,.00565,,269,09:13:03 24 Oct 2020,40000
2020,President,polls-plus,10/24/2020,Trump,Biden,"",.002275,.004575,,268,09:13:03 24 Oct 2020,40000
2020,President,polls-plus,10/24/2020,Trump,Biden,"",.001225,.0013,,267,09:13:03 24 Oct 2020,40000
2020,President,polls-plus,10/24/2020,Trump,Biden,"",.00275,.001275,,266,09:13:03 24 Oct 2020,40000
2020,President,polls-plus,10/24/2020,Trump,Biden,"",.004825,.0013,,265,09:13:03 24 Oct 2020,40000
2020,President,polls-plus,10/24/2020,Trump,Biden,"",.00335,.0026,,264,09:13:03 24 Oct 2020,40000
2020,President,polls-plus,10/24/2020,Trump,Biden,"",.00185,.004175,,263,09:13:03 24 Oct 2020,40000
2020,President,polls-plus,10/24/2020,Trump,Biden,"",.0014,.002425,,262,09:13:03 24 Oct 2020,40000
2020,President,polls-plus,10/24/2020,Trump,Biden,"",.00165,.0007,,261,09:13:03 24 Oct 2020,40000
2020,President,polls-plus,10/24/2020,Trump,Biden,"",.008475,.001325,,260,09:13:03 24 Oct 2020,40000
2020,President,polls-plus,10/24/2020,Trump,Biden,"",.000075,0,,26,09:13:03 24 Oct 2020,40000
2020,President,polls-plus,10/24/2020,Trump,Biden,"",.01675,.004125,,259,09:13:03 24 Oct 2020,40000
2020,President,polls-plus,10/24/2020,Trump,Biden,"",.007975,.004875,,258,09:13:03 24 Oct 2020,40000
2020,President,polls-plus,10/24/2020,Trump,Biden,"",.001675,.00135,,257,09:13:03 24 Oct 2020,40000
2020,President,polls-plus,10/24/2020,Trump,Biden,"",.00305,.001225,,256,09:13:03 24 Oct 2020,40000
2020,President,polls-plus,10/24/2020,Trump,Biden,"",.0029,.001225,,255,09:13:03 24 Oct 2020,40000
2020,President,polls-plus,10/24/2020,Trump,Biden,"",.0031,.001825,,254,09:13:03 24 Oct 2020,40000
2020,President,polls-plus,10/24/2020,Trump,Biden,"",.0032,.003075,,253,09:13:03 24 Oct 2020,40000
2020,President,polls-plus,10/24/2020,Trump,Biden,"",.002775,.0028,,252,09:13:03 24 Oct 2020,40000
2020,President,polls-plus,10/24/2020,Trump,Biden,"",.0017,.000675,,251,09:13:03 24 Oct 2020,40000
2020,President,polls-plus,10/24/2020,Trump,Biden,"",.00265,.000875,,250,09:13:03 24 Oct 2020,40000
2020,President,polls-plus,10/24/2020,Trump,Biden,"",.000075,0,,25,09:13:03 24 Oct 2020,40000
2020,President,polls-plus,10/24/2020,Trump,Biden,"",.004775,.00205,,249,09:13:03 24 Oct 2020,40000
2020,President,polls-plus,10/24/2020,Trump,Biden,"",.008725,.0039,,248,09:13:03 24 Oct 2020,40000
2020,President,polls-plus,10/24/2020,Trump,Biden,"",.003625,.00195,,247,09:13:03 24 Oct 2020,40000
2020,President,polls-plus,10/24/2020,Trump,Biden,"",.002025,.001675,,246,09:13:03 24 Oct 2020,40000
2020,President,polls-plus,10/24/2020,Trump,Biden,"",.003725,.0013,,245,09:13:03 24 Oct 2020,40000
2020,President,polls-plus,10/24/2020,Trump,Biden,"",.009575,.001475,,244,09:13:03 24 Oct 2020,40000
2020,President,polls-plus,10/24/2020,Trump,Biden,"",.00585,.0028,,243,09:13:03 24 Oct 2020,40000
2020,President,polls-plus,10/24/2020,Trump,Biden,"",.00265,.003575,,242,09:13:03 24 Oct 2020,40000
2020,President,polls-plus,10/24/2020,Trump,Biden,"",.003975,.000475,,241,09:13:03 24 Oct 2020,40000
2020,President,polls-plus,10/24/2020,Trump,Biden,"",.003675,.0007,,240,09:13:03 24 Oct 2020,40000
2020,President,polls-plus,10/24/2020,Trump,Biden,"",.00025,0,,24,09:13:03 24 Oct 2020,40000
2020,President,polls-plus,10/24/2020,Trump,Biden,"",.002275,.000925,,239,09:13:03 24 Oct 2020,40000
2020,President,polls-plus,10/24/2020,Trump,Biden,"",.002825,.002575,,238,09:13:03 24 Oct 2020,40000
2020,President,polls-plus,10/24/2020,Trump,Biden,"",.002775,.0017,,237,09:13:03 24 Oct 2020,40000
2020,President,polls-plus,10/24/2020,Trump,Biden,"",.002,.0015,,236,09:13:03 24 Oct 2020,40000
2020,President,polls-plus,10/24/2020,Trump,Biden,"",.00235,.000625,,235,09:13:03 24 Oct 2020,40000
2020,President,polls-plus,10/24/2020,Trump,Biden,"",.003175,.0012,,234,09:13:03 24 Oct 2020,40000
2020,President,polls-plus,10/24/2020,Trump,Biden,"",.004025,.0017,,233,09:13:03 24 Oct 2020,40000
2020,President,polls-plus,10/24/2020,Trump,Biden,"",.003125,.0033,,232,09:13:03 24 Oct 2020,40000
2020,President,polls-plus,10/24/2020,Trump,Biden,"",.0036,.000675,,231,09:13:03 24 Oct 2020,40000
2020,President,polls-plus,10/24/2020,Trump,Biden,"",.008975,.000825,,230,09:13:03 24 Oct 2020,40000
2020,President,polls-plus,10/24/2020,Trump,Biden,"",.0002,0,,23,09:13:03 24 Oct 2020,40000
2020,President,polls-plus,10/24/2020,Trump,Biden,"",.005075,.00085,,229,09:13:03 24 Oct 2020,40000
2020,President,polls-plus,10/24/2020,Trump,Biden,"",.002875,.001925,,228,09:13:03 24 Oct 2020,40000
2020,President,polls-plus,10/24/2020,Trump,Biden,"",.002225,.001725,,227,09:13:03 24 Oct 2020,40000
2020,President,polls-plus,10/24/2020,Trump,Biden,"",.0031,.0039,,226,09:13:03 24 Oct 2020,40000
2020,President,polls-plus,10/24/2020,Trump,Biden,"",.006275,.00065,,225,09:13:03 24 Oct 2020,40000
2020,President,polls-plus,10/24/2020,Trump,Biden,"",.003375,.00055,,224,09:13:03 24 Oct 2020,40000
2020,President,polls-plus,10/24/2020,Trump,Biden,"",.0043,.0007,,223,09:13:03 24 Oct 2020,40000
2020,President,polls-plus,10/24/2020,Trump,Biden,"",.00365,.002075,,222,09:13:03 24 Oct 2020,40000
2020,President,polls-plus,10/24/2020,Trump,Biden,"",.002525,.000925,,221,09:13:03 24 Oct 2020,40000
2020,President,polls-plus,10/24/2020,Trump,Biden,"",.005875,.0011,,220,09:13:03 24 Oct 2020,40000
2020,President,polls-plus,10/24/2020,Trump,Biden,"",.0002,0,,22,09:13:03 24 Oct 2020,40000
2020,President,polls-plus,10/24/2020,Trump,Biden,"",.017175,.000725,,219,09:13:03 24 Oct 2020,40000
2020,President,polls-plus,10/24/2020,Trump,Biden,"",.00495,.001425,,218,09:13:03 24 Oct 2020,40000
2020,President,polls-plus,10/24/2020,Trump,Biden,"",.002525,.001175,,217,09:13:03 24 Oct 2020,40000
2020,President,polls-plus,10/24/2020,Trump,Biden,"",.004375,.0043,,216,09:13:03 24 Oct 2020,40000
2020,President,polls-plus,10/24/2020,Trump,Biden,"",.009025,.000775,,215,09:13:03 24 Oct 2020,40000
2020,President,polls-plus,10/24/2020,Trump,Biden,"",.0074,.000625,,214,09:13:03 24 Oct 2020,40000
2020,President,polls-plus,10/24/2020,Trump,Biden,"",.00655,.0008,,213,09:13:03 24 Oct 2020,40000
2020,President,polls-plus,10/24/2020,Trump,Biden,"",.004725,.002375,,212,09:13:03 24 Oct 2020,40000
2020,President,polls-plus,10/24/2020,Trump,Biden,"",.002075,.000725,,211,09:13:03 24 Oct 2020,40000
2020,President,polls-plus,10/24/2020,Trump,Biden,"",.002725,.003575,,210,09:13:03 24 Oct 2020,40000
2020,President,polls-plus,10/24/2020,Trump,Biden,"",.0001,0,,21,09:13:03 24 Oct 2020,40000
2020,President,polls-plus,10/24/2020,Trump,Biden,"",.00415,.00075,,209,09:13:03 24 Oct 2020,40000
2020,President,polls-plus,10/24/2020,Trump,Biden,"",.00535,.000425,,208,09:13:03 24 Oct 2020,40000
2020,President,polls-plus,10/24/2020,Trump,Biden,"",.002175,.001175,,207,09:13:03 24 Oct 2020,40000
2020,President,polls-plus,10/24/2020,Trump,Biden,"",.00235,.000375,,206,09:13:03 24 Oct 2020,40000
2020,President,polls-plus,10/24/2020,Trump,Biden,"",.005225,.00095,,205,09:13:03 24 Oct 2020,40000
2020,President,polls-plus,10/24/2020,Trump,Biden,"",.015375,.00045,,204,09:13:03 24 Oct 2020,40000
2020,President,polls-plus,10/24/2020,Trump,Biden,"",.010975,.001475,,203,09:13:03 24 Oct 2020,40000
2020,President,polls-plus,10/24/2020,Trump,Biden,"",.0024,.00065,,202,09:13:03 24 Oct 2020,40000
2020,President,polls-plus,10/24/2020,Trump,Biden,"",.00335,.0019,,201,09:13:03 24 Oct 2020,40000
2020,President,polls-plus,10/24/2020,Trump,Biden,"",.0039,.000675,,200,09:13:03 24 Oct 2020,40000
2020,President,polls-plus,10/24/2020,Trump,Biden,"",.0001,0,,20,09:13:03 24 Oct 2020,40000
2020,President,polls-plus,10/24/2020,Trump,Biden,"",0,0,,2,09:13:03 24 Oct 2020,40000
2020,President,polls-plus,10/24/2020,Trump,Biden,"",.00715,.0004,,199,09:13:03 24 Oct 2020,40000
2020,President,polls-plus,10/24/2020,Trump,Biden,"",.007825,.00065,,198,09:13:03 24 Oct 2020,40000
2020,President,polls-plus,10/24/2020,Trump,Biden,"",.009675,.00045,,197,09:13:03 24 Oct 2020,40000
2020,President,polls-plus,10/24/2020,Trump,Biden,"",.00435,.001275,,196,09:13:03 24 Oct 2020,40000
2020,President,polls-plus,10/24/2020,Trump,Biden,"",.003575,.000275,,195,09:13:03 24 Oct 2020,40000
2020,President,polls-plus,10/24/2020,Trump,Biden,"",.0065,.000525,,194,09:13:03 24 Oct 2020,40000
2020,President,polls-plus,10/24/2020,Trump,Biden,"",.0031,.0003,,193,09:13:03 24 Oct 2020,40000
2020,President,polls-plus,10/24/2020,Trump,Biden,"",.0043,.00015,,192,09:13:03 24 Oct 2020,40000
2020,President,polls-plus,10/24/2020,Trump,Biden,"",.00355,.000125,,191,09:13:03 24 Oct 2020,40000
2020,President,polls-plus,10/24/2020,Trump,Biden,"",.00495,.000325,,190,09:13:03 24 Oct 2020,40000
2020,President,polls-plus,10/24/2020,Trump,Biden,"",.000125,0,,19,09:13:03 24 Oct 2020,40000
2020,President,polls-plus,10/24/2020,Trump,Biden,"",.00275,.000575,,189,09:13:03 24 Oct 2020,40000
2020,President,polls-plus,10/24/2020,Trump,Biden,"",.01355,.000675,,188,09:13:03 24 Oct 2020,40000
2020,President,polls-plus,10/24/2020,Trump,Biden,"",.006225,.000125,,187,09:13:03 24 Oct 2020,40000
2020,President,polls-plus,10/24/2020,Trump,Biden,"",.003625,.0001,,186,09:13:03 24 Oct 2020,40000
2020,President,polls-plus,10/24/2020,Trump,Biden,"",.00595,.0002,,185,09:13:03 24 Oct 2020,40000
2020,President,polls-plus,10/24/2020,Trump,Biden,"",.00185,.000075,,184,09:13:03 24 Oct 2020,40000
2020,President,polls-plus,10/24/2020,Trump,Biden,"",.0014,.0009,,183,09:13:03 24 Oct 2020,40000
2020,President,polls-plus,10/24/2020,Trump,Biden,"",.010825,.000275,,182,09:13:03 24 Oct 2020,40000
2020,President,polls-plus,10/24/2020,Trump,Biden,"",.010025,.00015,,181,09:13:03 24 Oct 2020,40000
2020,President,polls-plus,10/24/2020,Trump,Biden,"",.0063,.000175,,180,09:13:03 24 Oct 2020,40000
2020,President,polls-plus,10/24/2020,Trump,Biden,"",.00005,0,,18,09:13:03 24 Oct 2020,40000
2020,President,polls-plus,10/24/2020,Trump,Biden,"",.0152,.000075,,179,09:13:03 24 Oct 2020,40000
2020,President,polls-plus,10/24/2020,Trump,Biden,"",.003675,.000125,,178,09:13:03 24 Oct 2020,40000
2020,President,polls-plus,10/24/2020,Trump,Biden,"",.0025,.000075,,177,09:13:03 24 Oct 2020,40000
2020,President,polls-plus,10/24/2020,Trump,Biden,"",.006,.000425,,176,09:13:03 24 Oct 2020,40000
2020,President,polls-plus,10/24/2020,Trump,Biden,"",.003475,.0005,,175,09:13:03 24 Oct 2020,40000
2020,President,polls-plus,10/24/2020,Trump,Biden,"",.00515,.000025,,174,09:13:03 24 Oct 2020,40000
2020,President,polls-plus,10/24/2020,Trump,Biden,"",.002975,.00005,,173,09:13:03 24 Oct 2020,40000
2020,President,polls-plus,10/24/2020,Trump,Biden,"",.0017,.0001,,172,09:13:03 24 Oct 2020,40000
2020,President,polls-plus,10/24/2020,Trump,Biden,"",.00185,0,,171,09:13:03 24 Oct 2020,40000
2020,President,polls-plus,10/24/2020,Trump,Biden,"",.00585,0,,170,09:13:03 24 Oct 2020,40000
2020,President,polls-plus,10/24/2020,Trump,Biden,"",.000125,0,,17,09:13:03 24 Oct 2020,40000
2020,President,polls-plus,10/24/2020,Trump,Biden,"",.004925,.00015,,169,09:13:03 24 Oct 2020,40000
2020,President,polls-plus,10/24/2020,Trump,Biden,"",.0013,.000025,,168,09:13:03 24 Oct 2020,40000
2020,President,polls-plus,10/24/2020,Trump,Biden,"",.0021,.000025,,167,09:13:03 24 Oct 2020,40000
2020,President,polls-plus,10/24/2020,Trump,Biden,"",.005025,0,,166,09:13:03 24 Oct 2020,40000
2020,President,polls-plus,10/24/2020,Trump,Biden,"",.00295,.000075,,165,09:13:03 24 Oct 2020,40000
2020,President,polls-plus,10/24/2020,Trump,Biden,"",.009675,.00005,,164,09:13:03 24 Oct 2020,40000
2020,President,polls-plus,10/24/2020,Trump,Biden,"",.02725,.00005,,163,09:13:03 24 Oct 2020,40000
2020,President,polls-plus,10/24/2020,Trump,Biden,"",.00175,.000125,,162,09:13:03 24 Oct 2020,40000
2020,President,polls-plus,10/24/2020,Trump,Biden,"",.002925,.000075,,161,09:13:03 24 Oct 2020,40000
2020,President,polls-plus,10/24/2020,Trump,Biden,"",.010275,.00015,,160,09:13:03 24 Oct 2020,40000
2020,President,polls-plus,10/24/2020,Trump,Biden,"",.00025,0,,16,09:13:03 24 Oct 2020,40000
2020,President,polls-plus,10/24/2020,Trump,Biden,"",.003625,.000025,,159,09:13:03 24 Oct 2020,40000
2020,President,polls-plus,10/24/2020,Trump,Biden,"",.0016,0,,158,09:13:03 24 Oct 2020,40000
2020,President,polls-plus,10/24/2020,Trump,Biden,"",.004475,0,,157,09:13:03 24 Oct 2020,40000
2020,President,polls-plus,10/24/2020,Trump,Biden,"",.00275,.00005,,156,09:13:03 24 Oct 2020,40000
2020,President,polls-plus,10/24/2020,Trump,Biden,"",.00175,0,,155,09:13:03 24 Oct 2020,40000
2020,President,polls-plus,10/24/2020,Trump,Biden,"",.003025,.000025,,154,09:13:03 24 Oct 2020,40000
2020,President,polls-plus,10/24/2020,Trump,Biden,"",.001925,0,,153,09:13:03 24 Oct 2020,40000
2020,President,polls-plus,10/24/2020,Trump,Biden,"",.0028,.000025,,152,09:13:03 24 Oct 2020,40000
2020,President,polls-plus,10/24/2020,Trump,Biden,"",.0023,.000025,,151,09:13:03 24 Oct 2020,40000
2020,President,polls-plus,10/24/2020,Trump,Biden,"",.010125,0,,150,09:13:03 24 Oct 2020,40000
2020,President,polls-plus,10/24/2020,Trump,Biden,"",.000125,0,,15,09:13:03 24 Oct 2020,40000
2020,President,polls-plus,10/24/2020,Trump,Biden,"",.003575,.00005,,149,09:13:03 24 Oct 2020,40000
2020,President,polls-plus,10/24/2020,Trump,Biden,"",.002125,.000025,,148,09:13:03 24 Oct 2020,40000
2020,President,polls-plus,10/24/2020,Trump,Biden,"",.003,0,,147,09:13:03 24 Oct 2020,40000
2020,President,polls-plus,10/24/2020,Trump,Biden,"",.001775,0,,146,09:13:03 24 Oct 2020,40000
2020,President,polls-plus,10/24/2020,Trump,Biden,"",.0012,.00005,,145,09:13:03 24 Oct 2020,40000
2020,President,polls-plus,10/24/2020,Trump,Biden,"",.010375,0,,144,09:13:03 24 Oct 2020,40000
2020,President,polls-plus,10/24/2020,Trump,Biden,"",.006175,0,,143,09:13:03 24 Oct 2020,40000
2020,President,polls-plus,10/24/2020,Trump,Biden,"",.003325,.000025,,142,09:13:03 24 Oct 2020,40000
2020,President,polls-plus,10/24/2020,Trump,Biden,"",.008525,.000025,,141,09:13:03 24 Oct 2020,40000
2020,President,polls-plus,10/24/2020,Trump,Biden,"",.002925,0,,140,09:13:03 24 Oct 2020,40000
2020,President,polls-plus,10/24/2020,Trump,Biden,"",.000175,0,,14,09:13:03 24 Oct 2020,40000
2020,President,polls-plus,10/24/2020,Trump,Biden,"",.0011,0,,139,09:13:03 24 Oct 2020,40000
2020,President,polls-plus,10/24/2020,Trump,Biden,"",.004875,.000025,,138,09:13:03 24 Oct 2020,40000
2020,President,polls-plus,10/24/2020,Trump,Biden,"",.001975,.00005,,137,09:13:03 24 Oct 2020,40000
2020,President,polls-plus,10/24/2020,Trump,Biden,"",.0018,0,,136,09:13:03 24 Oct 2020,40000
2020,President,polls-plus,10/24/2020,Trump,Biden,"",.003075,.000025,,135,09:13:03 24 Oct 2020,40000
2020,President,polls-plus,10/24/2020,Trump,Biden,"",.001575,0,,134,09:13:03 24 Oct 2020,40000
2020,President,polls-plus,10/24/2020,Trump,Biden,"",.001225,0,,133,09:13:03 24 Oct 2020,40000
2020,President,polls-plus,10/24/2020,Trump,Biden,"",.00595,.000025,,132,09:13:03 24 Oct 2020,40000
2020,President,polls-plus,10/24/2020,Trump,Biden,"",.00405,.000025,,131,09:13:03 24 Oct 2020,40000
2020,President,polls-plus,10/24/2020,Trump,Biden,"",.001425,.000025,,130,09:13:03 24 Oct 2020,40000
2020,President,polls-plus,10/24/2020,Trump,Biden,"",.000125,0,,13,09:13:03 24 Oct 2020,40000
2020,President,polls-plus,10/24/2020,Trump,Biden,"",.001575,0,,129,09:13:03 24 Oct 2020,40000
2020,President,polls-plus,10/24/2020,Trump,Biden,"",.002025,.000025,,128,09:13:03 24 Oct 2020,40000
2020,President,polls-plus,10/24/2020,Trump,Biden,"",.001775,0,,127,09:13:03 24 Oct 2020,40000
2020,President,polls-plus,10/24/2020,Trump,Biden,"",.01945,.000025,,126,09:13:03 24 Oct 2020,40000
2020,President,polls-plus,10/24/2020,Trump,Biden,"",.04365,0,,125,09:13:03 24 Oct 2020,40000
2020,President,polls-plus,10/24/2020,Trump,Biden,"",.0018,0,,124,09:13:03 24 Oct 2020,40000
2020,President,polls-plus,10/24/2020,Trump,Biden,"",.00455,.000025,,123,09:13:03 24 Oct 2020,40000
2020,President,polls-plus,10/24/2020,Trump,Biden,"",.020325,.000025,,122,09:13:03 24 Oct 2020,40000
2020,President,polls-plus,10/24/2020,Trump,Biden,"",.002425,0,,121,09:13:03 24 Oct 2020,40000
2020,President,polls-plus,10/24/2020,Trump,Biden,"",.0024,0,,120,09:13:03 24 Oct 2020,40000
2020,President,polls-plus,10/24/2020,Trump,Biden,"",.0001,0,,12,09:13:03 24 Oct 2020,40000
2020,President,polls-plus,10/24/2020,Trump,Biden,"",.00845,0,,119,09:13:03 24 Oct 2020,40000
2020,President,polls-plus,10/24/2020,Trump,Biden,"",.001575,0,,118,09:13:03 24 Oct 2020,40000
2020,President,polls-plus,10/24/2020,Trump,Biden,"",.003225,0,,117,09:13:03 24 Oct 2020,40000
2020,President,polls-plus,10/24/2020,Trump,Biden,"",.007675,0,,116,09:13:03 24 Oct 2020,40000
2020,President,polls-plus,10/24/2020,Trump,Biden,"",.003975,.000025,,115,09:13:03 24 Oct 2020,40000
2020,President,polls-plus,10/24/2020,Trump,Biden,"",.002225,0,,114,09:13:03 24 Oct 2020,40000
2020,President,polls-plus,10/24/2020,Trump,Biden,"",.00575,0,,113,09:13:03 24 Oct 2020,40000
2020,President,polls-plus,10/24/2020,Trump,Biden,"",.0035,0,,112,09:13:03 24 Oct 2020,40000
2020,President,polls-plus,10/24/2020,Trump,Biden,"",.002525,0,,111,09:13:03 24 Oct 2020,40000
2020,President,polls-plus,10/24/2020,Trump,Biden,"",.0039,0,,110,09:13:03 24 Oct 2020,40000
2020,President,polls-plus,10/24/2020,Trump,Biden,"",.0001,0,,11,09:13:03 24 Oct 2020,40000
2020,President,polls-plus,10/24/2020,Trump,Biden,"",.0026,0,,109,09:13:03 24 Oct 2020,40000
2020,President,polls-plus,10/24/2020,Trump,Biden,"",.00185,0,,108,09:13:03 24 Oct 2020,40000
2020,President,polls-plus,10/24/2020,Trump,Biden,"",.002625,.000025,,107,09:13:03 24 Oct 2020,40000
2020,President,polls-plus,10/24/2020,Trump,Biden,"",.0028,0,,106,09:13:03 24 Oct 2020,40000
2020,President,polls-plus,10/24/2020,Trump,Biden,"",.0011,0,,105,09:13:03 24 Oct 2020,40000
2020,President,polls-plus,10/24/2020,Trump,Biden,"",.001725,0,,104,09:13:03 24 Oct 2020,40000
2020,President,polls-plus,10/24/2020,Trump,Biden,"",.00395,0,,103,09:13:03 24 Oct 2020,40000
2020,President,polls-plus,10/24/2020,Trump,Biden,"",.0024,0,,102,09:13:03 24 Oct 2020,40000
2020,President,polls-plus,10/24/2020,Trump,Biden,"",.00185,0,,101,09:13:03 24 Oct 2020,40000
2020,President,polls-plus,10/24/2020,Trump,Biden,"",.00225,0,,100,09:13:03 24 Oct 2020,40000
2020,President,polls-plus,10/24/2020,Trump,Biden,"",.0001,0,,10,09:13:03 24 Oct 2020,40000
2020,President,polls-plus,10/24/2020,Trump,Biden,"",.000075,0,,1,09:13:03 24 Oct 2020,40000
2020,President,polls-plus,10/24/2020,Trump,Biden,"",0,0,,0,09:13:03 24 Oct 2020,40000
