cycle,branch,forecastdate,district,candidateA,candidateB,displaystep,description,margin,lite_weight,classic_weight,deluxe_weight,simulations,timestamp
2020,Senate,10/24/20,WY-S2,Merav Ben-David,Cynthia Lummis,4,Expert ratings adjusted for national environment,-41.97532,0,0,.7177314,40000,09:09:25 24 Oct 2020
2020,Senate,10/24/20,WY-S2,Merav Ben-David,Cynthia Lummis,3,Fundamentals (non-polling factors),-40.66004,0,1.284435,1.284435,40000,09:09:25 24 Oct 2020
2020,Senate,10/24/20,WY-S2,Merav Ben-David,Cynthia Lummis,2,CANTOR (analysis of comparable disticts),-37.06132,.8358126,.1545999,.1545999,40000,09:09:25 24 Oct 2020
2020,Senate,10/24/20,WY-S2,Merav Ben-David,Cynthia Lummis,1,Polls adjusted for house effects & other factors,,0,0,0,40000,09:09:25 24 Oct 2020
2020,Senate,10/24/20,WV-S2,Paula Jean Swearengin,Shelley Moore Capito,4,Expert ratings adjusted for national environment,-26.40873,0,0,1.121314,40000,09:09:25 24 Oct 2020
2020,Senate,10/24/20,WV-S2,Paula Jean Swearengin,Shelley Moore Capito,3,Fundamentals (non-polling factors),-26.30215,0,1.284435,1.284435,40000,09:09:25 24 Oct 2020
2020,Senate,10/24/20,WV-S2,Paula Jean Swearengin,Shelley Moore Capito,2,CANTOR (analysis of comparable disticts),-21.0629,.8358126,.1545999,.1545999,40000,09:09:25 24 Oct 2020
2020,Senate,10/24/20,WV-S2,Paula Jean Swearengin,Shelley Moore Capito,1,Polls adjusted for house effects & other factors,-19.88116,.8091737,.8091737,.8091737,40000,09:09:25 24 Oct 2020
2020,Senate,10/24/20,VA-S2,Mark Warner,Daniel Gade,4,Expert ratings adjusted for national environment,20.64271,0,0,3.851096,40000,09:09:25 24 Oct 2020
2020,Senate,10/24/20,VA-S2,Mark Warner,Daniel Gade,3,Fundamentals (non-polling factors),22.38435,0,1.284435,1.284435,40000,09:09:25 24 Oct 2020
2020,Senate,10/24/20,VA-S2,Mark Warner,Daniel Gade,2,CANTOR (analysis of comparable disticts),17.52027,0,.1545999,.1545999,40000,09:09:25 24 Oct 2020
2020,Senate,10/24/20,VA-S2,Mark Warner,Daniel Gade,1,Polls adjusted for house effects & other factors,15.52812,6.282322,6.282322,6.282322,40000,09:09:25 24 Oct 2020
2020,Senate,10/24/20,TX-S2,M.J. Hegar,John Cornyn,4,Expert ratings adjusted for national environment,-10.19463,0,0,6.101007,40000,09:09:25 24 Oct 2020
2020,Senate,10/24/20,TX-S2,M.J. Hegar,John Cornyn,3,Fundamentals (non-polling factors),-8.632841,0,1.284435,1.284435,40000,09:09:25 24 Oct 2020
2020,Senate,10/24/20,TX-S2,M.J. Hegar,John Cornyn,2,CANTOR (analysis of comparable disticts),-9.092992,0,.1545999,.1545999,40000,09:09:25 24 Oct 2020
2020,Senate,10/24/20,TX-S2,M.J. Hegar,John Cornyn,1,Polls adjusted for house effects & other factors,-7.019768,10.79334,10.79334,10.79334,40000,09:09:25 24 Oct 2020
2020,Senate,10/24/20,TN-S2,Marquita Bradshaw,Bill Hagerty,4,Expert ratings adjusted for national environment,-25.23266,0,0,1.537748,40000,09:09:25 24 Oct 2020
2020,Senate,10/24/20,TN-S2,Marquita Bradshaw,Bill Hagerty,3,Fundamentals (non-polling factors),-24.85243,0,1.284435,1.284435,40000,09:09:25 24 Oct 2020
2020,Senate,10/24/20,TN-S2,Marquita Bradshaw,Bill Hagerty,2,CANTOR (analysis of comparable disticts),-11.2064,.3558857,.1545999,.1545999,40000,09:09:25 24 Oct 2020
2020,Senate,10/24/20,TN-S2,Marquita Bradshaw,Bill Hagerty,1,Polls adjusted for house effects & other factors,-20.41353,1.644114,1.644114,1.644114,40000,09:09:25 24 Oct 2020
2020,Senate,10/24/20,SD-S2,Dan Ahlers,Mike Rounds,4,Expert ratings adjusted for national environment,-28.72932,0,0,.7177314,40000,09:09:25 24 Oct 2020
2020,Senate,10/24/20,SD-S2,Dan Ahlers,Mike Rounds,3,Fundamentals (non-polling factors),-26.14194,0,1.284435,1.284435,40000,09:09:25 24 Oct 2020
2020,Senate,10/24/20,SD-S2,Dan Ahlers,Mike Rounds,2,CANTOR (analysis of comparable disticts),-29.81515,.8358126,.1545999,.1545999,40000,09:09:25 24 Oct 2020
2020,Senate,10/24/20,SD-S2,Dan Ahlers,Mike Rounds,1,Polls adjusted for house effects & other factors,,0,0,0,40000,09:09:25 24 Oct 2020
2020,Senate,10/24/20,SC-S2,Jaime Harrison,Lindsey Graham,4,Expert ratings adjusted for national environment,-5.388434,0,0,4.531895,40000,09:09:25 24 Oct 2020
2020,Senate,10/24/20,SC-S2,Jaime Harrison,Lindsey Graham,3,Fundamentals (non-polling factors),-7.883484,0,1.284435,1.284435,40000,09:09:25 24 Oct 2020
2020,Senate,10/24/20,SC-S2,Jaime Harrison,Lindsey Graham,2,CANTOR (analysis of comparable disticts),-8.796098,0,.1545999,.1545999,40000,09:09:25 24 Oct 2020
2020,Senate,10/24/20,SC-S2,Jaime Harrison,Lindsey Graham,1,Polls adjusted for house effects & other factors,-4.676113,7.647308,7.647308,7.647308,40000,09:09:25 24 Oct 2020
2020,Senate,10/24/20,RI-S2,Jack Reed,Allen Waters,4,Expert ratings adjusted for national environment,45.68378,0,0,.7177314,40000,09:09:25 24 Oct 2020
2020,Senate,10/24/20,RI-S2,Jack Reed,Allen Waters,3,Fundamentals (non-polling factors),47.62809,0,1.284435,1.284435,40000,09:09:25 24 Oct 2020
2020,Senate,10/24/20,RI-S2,Jack Reed,Allen Waters,2,CANTOR (analysis of comparable disticts),45.24833,.8358126,.1545999,.1545999,40000,09:09:25 24 Oct 2020
2020,Senate,10/24/20,RI-S2,Jack Reed,Allen Waters,1,Polls adjusted for house effects & other factors,,0,0,0,40000,09:09:25 24 Oct 2020
2020,Senate,10/24/20,OR-S2,Jeff Merkley,Jo Rae Perkins,4,Expert ratings adjusted for national environment,23.65047,0,0,1.305978,40000,09:09:25 24 Oct 2020
2020,Senate,10/24/20,OR-S2,Jeff Merkley,Jo Rae Perkins,3,Fundamentals (non-polling factors),30.08956,0,1.284435,1.284435,40000,09:09:25 24 Oct 2020
2020,Senate,10/24/20,OR-S2,Jeff Merkley,Jo Rae Perkins,2,CANTOR (analysis of comparable disticts),16.88482,.8205799,.1545999,.1545999,40000,09:09:25 24 Oct 2020
2020,Senate,10/24/20,OR-S2,Jeff Merkley,Jo Rae Perkins,1,Polls adjusted for house effects & other factors,19.33974,1.17942,1.17942,1.17942,40000,09:09:25 24 Oct 2020
2020,Senate,10/24/20,OK-S2,Abby Broyles,Jim Inhofe,4,Expert ratings adjusted for national environment,-24.8617,0,0,2.191319,40000,09:09:25 24 Oct 2020
2020,Senate,10/24/20,OK-S2,Abby Broyles,Jim Inhofe,3,Fundamentals (non-polling factors),-27.77447,0,1.284435,1.284435,40000,09:09:25 24 Oct 2020
2020,Senate,10/24/20,OK-S2,Abby Broyles,Jim Inhofe,2,CANTOR (analysis of comparable disticts),-21.28067,0,.1545999,.1545999,40000,09:09:25 24 Oct 2020
2020,Senate,10/24/20,OK-S2,Abby Broyles,Jim Inhofe,1,Polls adjusted for house effects & other factors,-18.17708,2.954509,2.954509,2.954509,40000,09:09:25 24 Oct 2020
2020,Senate,10/24/20,NM-S2,Ben Ray Luján,Mark Ronchetti,4,Expert ratings adjusted for national environment,18.48895,0,0,1.958842,40000,09:09:25 24 Oct 2020
2020,Senate,10/24/20,NM-S2,Ben Ray Luján,Mark Ronchetti,3,Fundamentals (non-polling factors),15.90623,0,1.284435,1.284435,40000,09:09:25 24 Oct 2020
2020,Senate,10/24/20,NM-S2,Ben Ray Luján,Mark Ronchetti,2,CANTOR (analysis of comparable disticts),13.73742,0,.1545999,.1545999,40000,09:09:25 24 Oct 2020
2020,Senate,10/24/20,NM-S2,Ben Ray Luján,Mark Ronchetti,1,Polls adjusted for house effects & other factors,8.255592,2.488397,2.488397,2.488397,40000,09:09:25 24 Oct 2020
2020,Senate,10/24/20,NJ-S2,Cory Booker,Rikin Mehta,4,Expert ratings adjusted for national environment,24.51176,0,0,1.958214,40000,09:09:25 24 Oct 2020
2020,Senate,10/24/20,NJ-S2,Cory Booker,Rikin Mehta,3,Fundamentals (non-polling factors),28.38617,0,1.284435,1.284435,40000,09:09:25 24 Oct 2020
2020,Senate,10/24/20,NJ-S2,Cory Booker,Rikin Mehta,2,CANTOR (analysis of comparable disticts),18.58428,0,.1545999,.1545999,40000,09:09:25 24 Oct 2020
2020,Senate,10/24/20,NJ-S2,Cory Booker,Rikin Mehta,1,Polls adjusted for house effects & other factors,24.51325,2.487139,2.487139,2.487139,40000,09:09:25 24 Oct 2020
2020,Senate,10/24/20,NH-S2,Jeanne Shaheen,Corky Messner,4,Expert ratings adjusted for national environment,17.20311,0,0,3.865653,40000,09:09:25 24 Oct 2020
2020,Senate,10/24/20,NH-S2,Jeanne Shaheen,Corky Messner,3,Fundamentals (non-polling factors),26.20876,0,1.284435,1.284435,40000,09:09:25 24 Oct 2020
2020,Senate,10/24/20,NH-S2,Jeanne Shaheen,Corky Messner,2,CANTOR (analysis of comparable disticts),11.185,0,.1545999,.1545999,40000,09:09:25 24 Oct 2020
2020,Senate,10/24/20,NH-S2,Jeanne Shaheen,Corky Messner,1,Polls adjusted for house effects & other factors,15.30145,6.311509,6.311509,6.311509,40000,09:09:25 24 Oct 2020
2020,Senate,10/24/20,NE-S2,Chris Janicek,Ben Sasse,4,Expert ratings adjusted for national environment,-33.09678,0,0,1.540962,40000,09:09:25 24 Oct 2020
2020,Senate,10/24/20,NE-S2,Chris Janicek,Ben Sasse,3,Fundamentals (non-polling factors),-35.21892,0,1.284435,1.284435,40000,09:09:25 24 Oct 2020
2020,Senate,10/24/20,NE-S2,Chris Janicek,Ben Sasse,2,CANTOR (analysis of comparable disticts),-16.10462,.3494414,.1545999,.1545999,40000,09:09:25 24 Oct 2020
2020,Senate,10/24/20,NE-S2,Chris Janicek,Ben Sasse,1,Polls adjusted for house effects & other factors,-29.61353,1.650559,1.650559,1.650559,40000,09:09:25 24 Oct 2020
2020,Senate,10/24/20,NC-S2,Cal Cunningham,Thom Tillis,4,Expert ratings adjusted for national environment,-.2310915,0,0,12.22592,40000,09:09:25 24 Oct 2020
2020,Senate,10/24/20,NC-S2,Cal Cunningham,Thom Tillis,3,Fundamentals (non-polling factors),-1.203131,0,1.284435,1.284435,40000,09:09:25 24 Oct 2020
2020,Senate,10/24/20,NC-S2,Cal Cunningham,Thom Tillis,2,CANTOR (analysis of comparable disticts),-.5350372,0,.1545999,.1545999,40000,09:09:25 24 Oct 2020
2020,Senate,10/24/20,NC-S2,Cal Cunningham,Thom Tillis,1,Polls adjusted for house effects & other factors,4.17672,23.07364,23.07364,23.07364,40000,09:09:25 24 Oct 2020
2020,Senate,10/24/20,MT-S2,Steve Bullock,Steve Daines,4,Expert ratings adjusted for national environment,-3.929239,0,0,4.490979,40000,09:09:25 24 Oct 2020
2020,Senate,10/24/20,MT-S2,Steve Bullock,Steve Daines,3,Fundamentals (non-polling factors),-3.058481,0,1.284435,1.284435,40000,09:09:25 24 Oct 2020
2020,Senate,10/24/20,MT-S2,Steve Bullock,Steve Daines,2,CANTOR (analysis of comparable disticts),-11.24899,0,.1545999,.1545999,40000,09:09:25 24 Oct 2020
2020,Senate,10/24/20,MT-S2,Steve Bullock,Steve Daines,1,Polls adjusted for house effects & other factors,-2.892395,7.565272,7.565272,7.565272,40000,09:09:25 24 Oct 2020
2020,Senate,10/24/20,MS-S2,Mike Espy,Cindy Hyde-Smith,4,Expert ratings adjusted for national environment,-21.26331,0,0,1.562566,40000,09:09:25 24 Oct 2020
2020,Senate,10/24/20,MS-S2,Mike Espy,Cindy Hyde-Smith,3,Fundamentals (non-polling factors),-3.680561,0,1.284435,1.284435,40000,09:09:25 24 Oct 2020
2020,Senate,10/24/20,MS-S2,Mike Espy,Cindy Hyde-Smith,2,CANTOR (analysis of comparable disticts),-7.204761,.3061272,.1545999,.1545999,40000,09:09:25 24 Oct 2020
2020,Senate,10/24/20,MS-S2,Mike Espy,Cindy Hyde-Smith,1,Polls adjusted for house effects & other factors,-5.201786,1.693873,1.693873,1.693873,40000,09:09:25 24 Oct 2020
2020,Senate,10/24/20,MN-S2,Tina Smith,Jason Lewis,4,Expert ratings adjusted for national environment,18.69155,0,0,4.029315,40000,09:09:25 24 Oct 2020
2020,Senate,10/24/20,MN-S2,Tina Smith,Jason Lewis,3,Fundamentals (non-polling factors),17.23958,0,1.284435,1.284435,40000,09:09:25 24 Oct 2020
2020,Senate,10/24/20,MN-S2,Tina Smith,Jason Lewis,2,CANTOR (analysis of comparable disticts),12.06071,0,.1545999,.1545999,40000,09:09:25 24 Oct 2020
2020,Senate,10/24/20,MN-S2,Tina Smith,Jason Lewis,1,Polls adjusted for house effects & other factors,6.622044,6.639647,6.639647,6.639647,40000,09:09:25 24 Oct 2020
2020,Senate,10/24/20,MI-S2,Gary Peters,John James,4,Expert ratings adjusted for national environment,5.026567,0,0,13.08429,40000,09:09:25 24 Oct 2020
2020,Senate,10/24/20,MI-S2,Gary Peters,John James,3,Fundamentals (non-polling factors),20.03304,0,1.284435,1.284435,40000,09:09:25 24 Oct 2020
2020,Senate,10/24/20,MI-S2,Gary Peters,John James,2,CANTOR (analysis of comparable disticts),16.72724,0,.1545999,.1545999,40000,09:09:25 24 Oct 2020
2020,Senate,10/24/20,MI-S2,Gary Peters,John James,1,Polls adjusted for house effects & other factors,6.259804,24.79466,24.79466,24.79466,40000,09:09:25 24 Oct 2020
2020,Senate,10/24/20,ME-S2,Sara Gideon,Susan Collins,4,Expert ratings adjusted for national environment,2.00786,0,0,4.59991,40000,09:09:25 24 Oct 2020
2020,Senate,10/24/20,ME-S2,Sara Gideon,Susan Collins,3,Fundamentals (non-polling factors),-12.07951,0,1.284435,1.284435,40000,09:09:25 24 Oct 2020
2020,Senate,10/24/20,ME-S2,Sara Gideon,Susan Collins,2,CANTOR (analysis of comparable disticts),3.571572,0,.1545999,.1545999,40000,09:09:25 24 Oct 2020
2020,Senate,10/24/20,ME-S2,Sara Gideon,Susan Collins,1,Polls adjusted for house effects & other factors,5.641495,7.783676,7.783676,7.783676,40000,09:09:25 24 Oct 2020
2020,Senate,10/24/20,MA-S2,Ed Markey,Kevin O'Connor,4,Expert ratings adjusted for national environment,36.49733,0,0,.7177314,40000,09:09:25 24 Oct 2020
2020,Senate,10/24/20,MA-S2,Ed Markey,Kevin O'Connor,3,Fundamentals (non-polling factors),37.3923,0,1.284435,1.284435,40000,09:09:25 24 Oct 2020
2020,Senate,10/24/20,MA-S2,Ed Markey,Kevin O'Connor,2,CANTOR (analysis of comparable disticts),44.60194,.8358126,.1545999,.1545999,40000,09:09:25 24 Oct 2020
2020,Senate,10/24/20,MA-S2,Ed Markey,Kevin O'Connor,1,Polls adjusted for house effects & other factors,,0,0,0,40000,09:09:25 24 Oct 2020
2020,Senate,10/24/20,LA-S2,All Democrats,All Republicans,4,Expert ratings adjusted for national environment,-26.07755,0,0,.7177314,40000,09:09:25 24 Oct 2020
2020,Senate,10/24/20,LA-S2,All Democrats,All Republicans,3,Fundamentals (non-polling factors),-9.437389,0,1.284435,1.284435,40000,09:09:25 24 Oct 2020
2020,Senate,10/24/20,LA-S2,All Democrats,All Republicans,2,CANTOR (analysis of comparable disticts),-17.77269,.8358126,.1545999,.1545999,40000,09:09:25 24 Oct 2020
2020,Senate,10/24/20,LA-S2,All Democrats,All Republicans,1,Polls adjusted for house effects & other factors,,0,0,0,40000,09:09:25 24 Oct 2020
2020,Senate,10/24/20,KY-S2,Amy McGrath,Mitch McConnell,4,Expert ratings adjusted for national environment,-17.76702,0,0,2.778568,40000,09:09:25 24 Oct 2020
2020,Senate,10/24/20,KY-S2,Amy McGrath,Mitch McConnell,3,Fundamentals (non-polling factors),-10.21974,0,1.284435,1.284435,40000,09:09:25 24 Oct 2020
2020,Senate,10/24/20,KY-S2,Amy McGrath,Mitch McConnell,2,CANTOR (analysis of comparable disticts),-14.485,0,.1545999,.1545999,40000,09:09:25 24 Oct 2020
2020,Senate,10/24/20,KY-S2,Amy McGrath,Mitch McConnell,1,Polls adjusted for house effects & other factors,-11.76554,4.131929,4.131929,4.131929,40000,09:09:25 24 Oct 2020
2020,Senate,10/24/20,KS-S2,Barbara Bollier,Roger Marshall,4,Expert ratings adjusted for national environment,-7.627385,0,0,3.932563,40000,09:09:25 24 Oct 2020
2020,Senate,10/24/20,KS-S2,Barbara Bollier,Roger Marshall,3,Fundamentals (non-polling factors),-7.002941,0,1.284435,1.284435,40000,09:09:25 24 Oct 2020
2020,Senate,10/24/20,KS-S2,Barbara Bollier,Roger Marshall,2,CANTOR (analysis of comparable disticts),-7.88588,0,.1545999,.1545999,40000,09:09:25 24 Oct 2020
2020,Senate,10/24/20,KS-S2,Barbara Bollier,Roger Marshall,1,Polls adjusted for house effects & other factors,-3.160721,6.445661,6.445661,6.445661,40000,09:09:25 24 Oct 2020
2020,Senate,10/24/20,IL-S2,Richard J. Durbin,Mark C. Curran Jr.,4,Expert ratings adjusted for national environment,26.26829,0,0,.7177314,40000,09:09:25 24 Oct 2020
2020,Senate,10/24/20,IL-S2,Richard J. Durbin,Mark C. Curran Jr.,3,Fundamentals (non-polling factors),26.86265,0,1.284435,1.284435,40000,09:09:25 24 Oct 2020
2020,Senate,10/24/20,IL-S2,Richard J. Durbin,Mark C. Curran Jr.,2,CANTOR (analysis of comparable disticts),33.53485,.8358126,.1545999,.1545999,40000,09:09:25 24 Oct 2020
2020,Senate,10/24/20,IL-S2,Richard J. Durbin,Mark C. Curran Jr.,1,Polls adjusted for house effects & other factors,,0,0,0,40000,09:09:25 24 Oct 2020
2020,Senate,10/24/20,ID-S2,Paulette Jordan,Jim Risch,4,Expert ratings adjusted for national environment,-26.01332,0,0,1.161281,40000,09:09:25 24 Oct 2020
2020,Senate,10/24/20,ID-S2,Paulette Jordan,Jim Risch,3,Fundamentals (non-polling factors),-21.88028,0,1.284435,1.284435,40000,09:09:25 24 Oct 2020
2020,Senate,10/24/20,ID-S2,Paulette Jordan,Jim Risch,2,CANTOR (analysis of comparable disticts),-21.38112,.8358126,.1545999,.1545999,40000,09:09:25 24 Oct 2020
2020,Senate,10/24/20,ID-S2,Paulette Jordan,Jim Risch,1,Polls adjusted for house effects & other factors,-25.06075,.8893057,.8893057,.8893057,40000,09:09:25 24 Oct 2020
2020,Senate,10/24/20,IA-S2,Theresa Greenfield,Joni Ernst,4,Expert ratings adjusted for national environment,.5486643,0,0,7.116808,40000,09:09:25 24 Oct 2020
2020,Senate,10/24/20,IA-S2,Theresa Greenfield,Joni Ernst,3,Fundamentals (non-polling factors),-.3644269,0,1.284435,1.284435,40000,09:09:25 24 Oct 2020
2020,Senate,10/24/20,IA-S2,Theresa Greenfield,Joni Ernst,2,CANTOR (analysis of comparable disticts),-6.338445,0,.1545999,.1545999,40000,09:09:25 24 Oct 2020
2020,Senate,10/24/20,IA-S2,Theresa Greenfield,Joni Ernst,1,Polls adjusted for house effects & other factors,1.549679,12.83,12.83,12.83,40000,09:09:25 24 Oct 2020
2020,Senate,10/24/20,GA-S3,All Democrats,All Republicans,4,Expert ratings adjusted for national environment,-6.16819,0,0,7.386061,40000,09:09:25 24 Oct 2020
2020,Senate,10/24/20,GA-S3,All Democrats,All Republicans,3,Fundamentals (non-polling factors),2.718194,0,1.284435,1.284435,40000,09:09:25 24 Oct 2020
2020,Senate,10/24/20,GA-S3,All Democrats,All Republicans,2,CANTOR (analysis of comparable disticts),-.6246004,0,.1545999,.1545999,40000,09:09:25 24 Oct 2020
2020,Senate,10/24/20,GA-S3,All Democrats,All Republicans,1,Polls adjusted for house effects & other factors,-4.312904,13.36984,13.36984,13.36984,40000,09:09:25 24 Oct 2020
2020,Senate,10/24/20,GA-S2,Jon Ossoff,David Perdue,4,Expert ratings adjusted for national environment,-5.388434,0,0,8.936631,40000,09:09:25 24 Oct 2020
2020,Senate,10/24/20,GA-S2,Jon Ossoff,David Perdue,3,Fundamentals (non-polling factors),-.6872373,0,1.284435,1.284435,40000,09:09:25 24 Oct 2020
2020,Senate,10/24/20,GA-S2,Jon Ossoff,David Perdue,2,CANTOR (analysis of comparable disticts),-6.923803,0,.1545999,.1545999,40000,09:09:25 24 Oct 2020
2020,Senate,10/24/20,GA-S2,Jon Ossoff,David Perdue,1,Polls adjusted for house effects & other factors,-1.403503,16.4787,16.4787,16.4787,40000,09:09:25 24 Oct 2020
2020,Senate,10/24/20,DE-S2,Christopher A. Coons,Lauren Witzke,4,Expert ratings adjusted for national environment,29.60575,0,0,1.375906,40000,09:09:25 24 Oct 2020
2020,Senate,10/24/20,DE-S2,Christopher A. Coons,Lauren Witzke,3,Fundamentals (non-polling factors),33.3827,0,1.284435,1.284435,40000,09:09:25 24 Oct 2020
2020,Senate,10/24/20,DE-S2,Christopher A. Coons,Lauren Witzke,2,CANTOR (analysis of comparable disticts),20.40673,.6803744,.1545999,.1545999,40000,09:09:25 24 Oct 2020
2020,Senate,10/24/20,DE-S2,Christopher A. Coons,Lauren Witzke,1,Polls adjusted for house effects & other factors,30.24171,1.319626,1.319626,1.319626,40000,09:09:25 24 Oct 2020
2020,Senate,10/24/20,CO-S2,John W. Hickenlooper,Cory Gardner,4,Expert ratings adjusted for national environment,6.814053,0,0,4.996011,40000,09:09:25 24 Oct 2020
2020,Senate,10/24/20,CO-S2,John W. Hickenlooper,Cory Gardner,3,Fundamentals (non-polling factors),2.426059,0,1.284435,1.284435,40000,09:09:25 24 Oct 2020
2020,Senate,10/24/20,CO-S2,John W. Hickenlooper,Cory Gardner,2,CANTOR (analysis of comparable disticts),1.529418,0,.1545999,.1545999,40000,09:09:25 24 Oct 2020
2020,Senate,10/24/20,CO-S2,John W. Hickenlooper,Cory Gardner,1,Polls adjusted for house effects & other factors,8.882076,8.577849,8.577849,8.577849,40000,09:09:25 24 Oct 2020
2020,Senate,10/24/20,AZ-S3,Mark Kelly,Martha McSally,4,Expert ratings adjusted for national environment,4.246811,0,0,10.71736,40000,09:09:25 24 Oct 2020
2020,Senate,10/24/20,AZ-S3,Mark Kelly,Martha McSally,3,Fundamentals (non-polling factors),.7502794,0,1.284435,1.284435,40000,09:09:25 24 Oct 2020
2020,Senate,10/24/20,AZ-S3,Mark Kelly,Martha McSally,2,CANTOR (analysis of comparable disticts),2.373881,0,.1545999,.1545999,40000,09:09:25 24 Oct 2020
2020,Senate,10/24/20,AZ-S3,Mark Kelly,Martha McSally,1,Polls adjusted for house effects & other factors,6.540081,20.04903,20.04903,20.04903,40000,09:09:25 24 Oct 2020
2020,Senate,10/24/20,AR-S2,Ricky Dale Harrington Jr.,Tom Cotton,4,Expert ratings adjusted for national environment,-60.99465,0,0,1.787365,40000,09:09:25 24 Oct 2020
2020,Senate,10/24/20,AR-S2,Ricky Dale Harrington Jr.,Tom Cotton,3,Fundamentals (non-polling factors),-63.91548,0,1.439034,1.439034,40000,09:09:25 24 Oct 2020
2020,Senate,10/24/20,AR-S2,Ricky Dale Harrington Jr.,Tom Cotton,2,CANTOR (analysis of comparable disticts),,0,0,0,40000,09:09:25 24 Oct 2020
2020,Senate,10/24/20,AR-S2,Ricky Dale Harrington Jr.,Tom Cotton,1,Polls adjusted for house effects & other factors,-26.60596,2.14459,2.14459,2.14459,40000,09:09:25 24 Oct 2020
2020,Senate,10/24/20,AL-S2,Doug Jones,Tommy Tuberville,4,Expert ratings adjusted for national environment,-10.19463,0,0,2.411421,40000,09:09:25 24 Oct 2020
2020,Senate,10/24/20,AL-S2,Doug Jones,Tommy Tuberville,3,Fundamentals (non-polling factors),10.56774,0,1.284435,1.284435,40000,09:09:25 24 Oct 2020
2020,Senate,10/24/20,AL-S2,Doug Jones,Tommy Tuberville,2,CANTOR (analysis of comparable disticts),-6.198649,0,.1545999,.1545999,40000,09:09:25 24 Oct 2020
2020,Senate,10/24/20,AL-S2,Doug Jones,Tommy Tuberville,1,Polls adjusted for house effects & other factors,-10.03719,3.395807,3.395807,3.395807,40000,09:09:25 24 Oct 2020
2020,Senate,10/24/20,AK-S2,Al Gross,Dan Sullivan,4,Expert ratings adjusted for national environment,-10.19463,0,0,3.435226,40000,09:09:25 24 Oct 2020
2020,Senate,10/24/20,AK-S2,Al Gross,Dan Sullivan,3,Fundamentals (non-polling factors),-4.133667,0,1.284435,1.284435,40000,09:09:25 24 Oct 2020
2020,Senate,10/24/20,AK-S2,Al Gross,Dan Sullivan,2,CANTOR (analysis of comparable disticts),-8.58101,0,.1545999,.1545999,40000,09:09:25 24 Oct 2020
2020,Senate,10/24/20,AK-S2,Al Gross,Dan Sullivan,1,Polls adjusted for house effects & other factors,-5.147743,5.448513,5.448513,5.448513,40000,09:09:25 24 Oct 2020
