rank,prev_rank,name,league,off,def,spi
1,1,Bayern Munich,German Bundesliga,3.52,0.36,94.74
2,2,Manchester City,Barclays Premier League,2.9,0.32,92.03
3,3,Paris Saint-Germain,French Ligue 1,2.96,0.5,89.68
4,4,Barcelona,Spanish Primera Division,2.81,0.49,88.73
5,6,Real Madrid,Spanish Primera Division,2.57,0.39,88.39
6,5,Liverpool,Barclays Premier League,2.82,0.54,87.95
7,8,RB Leipzig,German Bundesliga,2.5,0.48,85.94
8,7,Atletico Madrid,Spanish Primera Division,2.27,0.36,85.91
9,9,Borussia Dortmund,German Bundesliga,2.42,0.46,85.61
10,10,Internazionale,Italy Serie A,2.64,0.62,84.79
11,11,Chelsea,Barclays Premier League,2.37,0.53,83.58
12,12,Manchester United,Barclays Premier League,2.38,0.56,83.15
13,15,Juventus,Italy Serie A,2.38,0.62,81.84
14,14,Sevilla FC,Spanish Primera Division,2.01,0.41,81.83
15,13,Napoli,Italy Serie A,2.23,0.53,81.81
16,18,Tottenham Hotspur,Barclays Premier League,2.32,0.62,81.18
17,19,Real Sociedad,Spanish Primera Division,2.06,0.46,81.08
18,16,FC Salzburg,Austrian T-Mobile Bundesliga,2.88,0.99,80.83
19,17,AC Milan,Italy Serie A,2.34,0.66,80.61
20,36,Ajax,Dutch Eredivisie,2.68,0.93,79.46
21,22,Bayer Leverkusen,German Bundesliga,2.15,0.6,79.18
22,23,Leicester City,Barclays Premier League,2.13,0.6,79.1
23,20,Atalanta,Italy Serie A,2.46,0.82,78.86
24,21,Arsenal,Barclays Premier League,2.07,0.58,78.71
25,25,Borussia Monchengladbach,German Bundesliga,2.25,0.77,76.9
26,27,Benfica,Portuguese Liga,2.29,0.81,76.75
27,28,Lyon,French Ligue 1,2.1,0.69,76.58
28,29,Villarreal,Spanish Primera Division,2.11,0.69,76.56
29,26,Everton,Barclays Premier League,2.08,0.7,75.99
30,35,Shakhtar Donetsk,UEFA Champions League,2.45,0.96,75.89
31,24,Zenit St Petersburg,Russian Premier Liga,2.12,0.74,75.84
32,30,FC Porto,Portuguese Liga,2.15,0.76,75.67
33,31,Wolverhampton,Barclays Premier League,1.8,0.54,75.44
34,32,Getafe,Spanish Primera Division,1.72,0.48,75.39
35,33,AS Roma,Italy Serie A,2.25,0.85,75.27
36,34,Olympiacos,Greek Super League,2.02,0.7,75.0
37,37,West Ham United,Barclays Premier League,2.08,0.77,74.43
38,42,Southampton,Barclays Premier League,1.98,0.71,74.16
39,41,TSG Hoffenheim,German Bundesliga,2.19,0.88,73.74
40,40,Lille,French Ligue 1,1.85,0.64,73.6
41,43,Granada,Spanish Primera Division,1.89,0.69,73.19
42,39,Eintracht Frankfurt,German Bundesliga,2.08,0.86,72.43
43,44,VfL Wolfsburg,German Bundesliga,1.91,0.75,72.17
44,45,Real Betis,Spanish Primera Division,1.89,0.74,71.84
45,38,Aston Villa,Barclays Premier League,2.0,0.85,71.23
46,48,Flamengo,Brasileiro Série A,2.03,0.88,71.11
47,47,Celta Vigo,Spanish Primera Division,1.76,0.68,71.05
48,46,Brighton and Hove Albion,Barclays Premier League,1.91,0.79,71.01
49,49,Lazio,Italy Serie A,2.02,0.9,70.27
50,51,Athletic Bilbao,Spanish Primera Division,1.69,0.66,70.02
51,52,Osasuna,Spanish Primera Division,1.72,0.7,69.91
52,50,Club Brugge,Belgian Jupiler League,2.01,0.92,69.75
53,57,CSKA Moscow,Russian Premier Liga,1.84,0.82,69.18
54,66,Leeds United,Barclays Premier League,1.92,0.89,68.84
55,55,Burnley,Barclays Premier League,1.74,0.77,68.35
56,54,AS Monaco,French Ligue 1,1.98,0.97,67.93
57,53,Fiorentina,Italy Serie A,1.91,0.93,67.74
58,56,Hertha Berlin,German Bundesliga,1.97,0.98,67.67
59,64,Sheffield United,Barclays Premier League,1.69,0.77,67.42
60,61,Cadiz,Spanish Primera Division,1.66,0.75,67.25
61,63,Crystal Palace,Barclays Premier League,1.74,0.81,67.21
62,59,Young Boys,Swiss Raiffeisen Super League,1.95,0.98,67.15
63,58,Stade Rennes,French Ligue 1,1.73,0.82,66.92
64,67,Eibar,Spanish Primera Division,1.61,0.75,66.38
65,62,Dynamo Kiev,UEFA Champions League,1.93,1.0,66.26
66,60,Celtic,Scottish Premiership,2.11,1.16,66.1
67,68,Levante,Spanish Primera Division,1.84,0.94,65.93
68,73,Valencia,Spanish Primera Division,1.77,0.9,65.84
69,65,Sassuolo,Italy Serie A,2.07,1.14,65.63
70,74,Marseille,French Ligue 1,1.69,0.85,65.48
71,69,River Plate,Argentina Primera Division,1.74,0.88,65.48
72,72,Kawasaki Frontale,Japanese J League,2.04,1.14,65.1
73,77,Newcastle,Barclays Premier League,1.71,0.89,64.88
74,75,1. FC Union Berlin,German Bundesliga,1.69,0.87,64.84
75,71,Dinamo Zagreb,UEFA Europa League,2.0,1.13,64.82
76,89,Alavés,Spanish Primera Division,1.62,0.82,64.63
77,70,SD Huesca,Spanish Primera Division,1.66,0.86,64.44
78,86,AFC Bournemouth,English League Championship,1.76,0.95,64.24
79,78,Werder Bremen,German Bundesliga,1.76,0.96,64.05
80,85,Rangers,Scottish Premiership,1.76,0.96,64.02
81,88,FC Cologne,German Bundesliga,1.84,1.03,63.96
82,95,Spartak Moscow,Russian Premier Liga,1.67,0.91,63.57
83,76,VfB Stuttgart,German Bundesliga,1.76,0.98,63.52
84,82,SC Freiburg,German Bundesliga,1.83,1.05,63.34
85,83,Slavia Prague,UEFA Europa League,1.93,1.13,63.26
86,91,Sampdoria,Italy Serie A,1.82,1.04,63.24
87,94,Sporting CP,Portuguese Liga,1.64,0.89,63.15
88,96,Braga,Portuguese Liga,1.78,1.02,63.0
89,90,Udinese,Italy Serie A,1.66,0.93,62.86
90,92,Grêmio,Brasileiro Série A,1.58,0.87,62.61
91,87,FC Augsburg,German Bundesliga,1.69,0.98,62.36
92,84,PSV,Dutch Eredivisie,1.85,1.11,62.22
93,81,Watford,English League Championship,1.62,0.92,62.01
94,93,Guangzhou Evergrande,Chinese Super League,1.87,1.15,61.79
95,79,FC Krasnodar,Russian Premier Liga,1.71,1.01,61.77
96,97,São Paulo,Brasileiro Série A,1.45,0.8,61.58
97,80,Real Valladolid,Spanish Primera Division,1.53,0.88,61.32
98,109,Bordeaux,French Ligue 1,1.45,0.81,61.11
99,108,Atletico Mineiro,Brasileiro Série A,1.69,1.03,60.87
100,100,Espanyol,Spanish Segunda Division,1.49,0.87,60.65
101,101,Lens,French Ligue 1,1.61,0.97,60.62
102,98,Fulham,Barclays Premier League,1.7,1.06,60.4
103,105,Boca Juniors,Argentina Primera Division,1.47,0.87,60.25
104,112,Nice,French Ligue 1,1.63,1.02,59.93
105,102,PAOK Salonika,Greek Super League,1.45,0.86,59.84
106,110,Brentford,English League Championship,1.62,1.01,59.81
107,104,Elche,Spanish Primera Division,1.56,0.96,59.8
108,107,Internacional,Brasileiro Série A,1.49,0.9,59.68
109,118,Bologna,Italy Serie A,1.72,1.11,59.64
110,119,West Bromwich Albion,Barclays Premier League,1.58,0.99,59.62
111,114,Verona,Italy Serie A,1.55,0.96,59.51
112,111,Norwich City,English League Championship,1.66,1.07,59.38
113,106,AEK Athens,Greek Super League,1.51,0.94,59.37
114,113,Basel,Swiss Raiffeisen Super League,1.85,1.24,59.36
115,103,Lokomotiv Moscow,Russian Premier Liga,1.43,0.88,58.96
116,125,Palmeiras,Brasileiro Série A,1.53,0.97,58.92
117,116,Mainz,German Bundesliga,1.79,1.21,58.79
118,115,Arminia Bielefeld,German Bundesliga,1.58,1.02,58.75
119,123,AZ,Dutch Eredivisie,1.88,1.29,58.68
120,126,Strasbourg,French Ligue 1,1.6,1.04,58.66
121,129,Angers,French Ligue 1,1.49,0.95,58.6
122,131,Rapid Vienna,Austrian T-Mobile Bundesliga,1.87,1.3,58.45
123,120,Shanghai SIPG,Chinese Super League,1.69,1.13,58.37
124,121,Beijing Guoan,Chinese Super League,1.76,1.21,58.34
125,122,Nantes,French Ligue 1,1.51,0.98,58.25
126,128,Feyenoord,Dutch Eredivisie,1.87,1.31,58.0
127,143,LASK Linz,Austrian T-Mobile Bundesliga,1.7,1.18,57.68
128,132,Metz,French Ligue 1,1.41,0.92,57.5
129,133,Galatasaray,Turkish Turkcell Super Lig,1.65,1.14,57.46
130,134,Torino,Italy Serie A,1.68,1.18,57.32
131,157,Istanbul Basaksehir,Turkish Turkcell Super Lig,1.62,1.13,57.23
132,130,FC Midtjylland,Danish SAS-Ligaen,1.72,1.21,57.23
133,175,Reims,French Ligue 1,1.47,0.99,57.14
134,127,Tigres UANL,Mexican Primera Division Torneo Apertura,1.52,1.05,56.79
135,124,Trabzonspor,Turkish Turkcell Super Lig,1.8,1.31,56.78
136,144,Cruz Azul,Mexican Primera Division Torneo Apertura,1.61,1.13,56.78
137,117,Ludogorets,UEFA Europa League,1.6,1.13,56.76
138,140,Alanyaspor,Turkish Turkcell Super Lig,1.62,1.14,56.71
139,136,Red Star Belgrade,UEFA Europa League,1.89,1.41,56.32
140,137,Maccabi Tel-Aviv,UEFA Europa League,1.5,1.05,56.16
141,139,Bodo/Glimt,Norwegian Tippeligaen,2.12,1.64,56.06
142,135,Schalke 04,German Bundesliga,1.58,1.14,55.95
143,142,Cagliari,Italy Serie A,1.63,1.19,55.84
144,148,Parma,Italy Serie A,1.68,1.25,55.7
145,154,Fenerbahce,Turkish Turkcell Super Lig,1.65,1.22,55.62
146,145,Hapoel Be'er,UEFA Europa League,1.72,1.29,55.56
147,99,Montpellier,French Ligue 1,1.56,1.14,55.37
148,147,Malmo FF,Swedish Allsvenskan,1.68,1.27,55.25
149,141,Brest,French Ligue 1,1.59,1.18,55.15
150,138,Santos,Brasileiro Série A,1.4,1.01,55.09
151,146,Sporting de Charleroi,Belgian Jupiler League,1.51,1.12,54.93
152,166,Anderlecht,Belgian Jupiler League,1.64,1.25,54.56
153,187,Blackburn,English League Championship,1.55,1.17,54.54
154,155,Ferencvaros,UEFA Champions League,1.62,1.24,54.34
155,149,Genoa,Italy Serie A,1.53,1.18,53.97
156,151,León,Mexican Primera Division Torneo Apertura,1.54,1.19,53.92
157,160,Besiktas,Turkish Turkcell Super Lig,1.73,1.37,53.9
158,159,St Etienne,French Ligue 1,1.38,1.04,53.87
159,184,Antwerp,Belgian Jupiler League,1.64,1.3,53.65
160,156,Benevento,Italy Serie A,1.57,1.24,53.55
161,171,FC Copenhagen,Danish SAS-Ligaen,1.62,1.28,53.49
162,152,Sparta Prague,UEFA Europa League,1.66,1.32,53.48
163,161,Monterrey,Mexican Primera Division Torneo Apertura,1.57,1.24,53.41
164,163,Velez Sarsfield,Argentina Primera Division,1.22,0.9,53.34
165,162,Guimaraes,Portuguese Liga,1.32,1.0,53.26
166,153,Nimes,French Ligue 1,1.43,1.11,53.25
167,158,Stoke City,English League Championship,1.43,1.11,53.23
168,165,Lech Poznan,UEFA Europa League,1.42,1.1,53.19
169,164,Vitesse,Dutch Eredivisie,1.64,1.31,53.15
170,169,Molde,Norwegian Tippeligaen,1.89,1.56,53.13
171,150,CSKA Sofia,UEFA Europa League,1.33,1.02,53.05
172,186,Dinamo Moscow,Russian Premier Liga,1.21,0.91,52.73
173,188,CFR 1907 Cluj,UEFA Europa League,1.54,1.25,52.54
174,168,Crotone,Italy Serie A,1.51,1.21,52.53
175,198,Preston North End,English League Championship,1.35,1.07,52.41
176,170,Lorient,French Ligue 1,1.47,1.19,52.26
177,167,Swansea City,English League Championship,1.4,1.14,51.88
178,177,Santos Laguna,Mexican Primera Division Torneo Apertura,1.44,1.17,51.83
179,180,Defensa y Justicia,Argentina Primera Division,1.28,1.02,51.81
180,174,FK Qarabag,UEFA Europa League,1.4,1.15,51.65
181,178,FC Utrecht,Dutch Eredivisie,1.66,1.4,51.61
182,182,Rio Ave,Portuguese Liga,1.3,1.05,51.58
183,189,Los Angeles FC,Major League Soccer,1.76,1.51,51.48
184,176,Atlético Paranaense,Brasileiro Série A,1.18,0.93,51.42
185,204,Rubin Kazan,Russian Premier Liga,1.27,1.03,51.38
186,185,Jiangsu Suning FC,Chinese Super League,1.5,1.26,51.28
187,199,Fluminense,Brasileiro Série A,1.3,1.07,51.12
188,197,Genk,Belgian Jupiler League,1.66,1.43,51.1
189,179,KAA Gent,Belgian Jupiler League,1.64,1.41,50.96
190,173,Sochi,Russian Premier Liga,1.46,1.23,50.93
191,228,Philadelphia Union,Major League Soccer,1.57,1.36,50.75
192,195,Club América,Mexican Primera Division Torneo Apertura,1.51,1.29,50.67
193,190,Bahía,Brasileiro Série A,1.36,1.15,50.56
194,192,Cardiff City,English League Championship,1.34,1.14,50.36
195,194,Fortaleza,Brasileiro Série A,1.16,0.96,50.17
196,191,Pachuca,Mexican Primera Division Torneo Apertura,1.28,1.09,50.1
197,183,Spezia,Italy Serie A,1.45,1.26,50.09
198,208,Hamburg SV,German 2. Bundesliga,1.56,1.37,49.99
199,200,Shandong Luneng,Chinese Super League,1.6,1.43,49.81
200,172,Standard Liege,Belgian Jupiler League,1.37,1.2,49.65
201,193,Bristol City,English League Championship,1.4,1.23,49.64
202,201,Seattle Sounders FC,Major League Soccer,1.49,1.33,49.51
203,202,CA Independiente,Argentina Primera Division,1.2,1.04,49.46
204,230,Yokohama F. Marinos,Japanese J League,1.74,1.59,49.44
205,181,Rostov,Russian Premier Liga,1.35,1.18,49.42
206,206,Wolfsberger AC,Austrian T-Mobile Bundesliga,1.62,1.49,49.03
207,196,AGF Aarhus,Danish SAS-Ligaen,1.52,1.38,48.92
208,205,Ceará,Brasileiro Série A,1.27,1.13,48.88
209,220,Millwall,English League Championship,1.31,1.17,48.77
210,214,Dijon FCO,French Ligue 1,1.35,1.22,48.68
211,210,Corinthians,Brasileiro Série A,1.27,1.13,48.64
212,207,Newell's Old Boys,Argentina Primera Division,1.24,1.11,48.58
213,203,St Gallen,Swiss Raiffeisen Super League,1.57,1.46,48.44
214,211,Racing Club,Argentina Primera Division,1.18,1.06,48.4
215,213,Bragantino,Brasileiro Série A,1.27,1.15,48.34
216,215,Rosenborg,Norwegian Tippeligaen,1.57,1.46,48.24
217,209,Brondby,Danish SAS-Ligaen,1.48,1.38,48.08
218,226,Toulouse,French Ligue 2,1.39,1.28,48.07
219,222,Middlesbrough,English League Championship,1.26,1.17,47.68
220,212,New York City FC,Major League Soccer,1.53,1.45,47.62
221,218,Panathinaikos,Greek Super League,1.08,0.98,47.54
222,221,Reading,English League Championship,1.19,1.11,47.29
223,219,Huddersfield Town,English League Championship,1.27,1.22,46.71
224,234,Omonia Nicosia,UEFA Europa League,1.41,1.39,46.25
225,216,FC Arsenal Tula,Russian Premier Liga,1.37,1.35,46.14
226,229,Morelia,Mexican Primera Division Torneo Clausura,1.43,1.42,46.04
227,247,Hannover 96,German 2. Bundesliga,1.36,1.35,45.93
228,240,Barnsley,English League Championship,1.23,1.22,45.82
229,232,Botafogo,Brasileiro Série A,1.24,1.23,45.71
230,223,Santa Clara,Portuguese Liga,1.24,1.23,45.69
231,233,Lanus,Argentina Primera Division,1.28,1.27,45.68
232,235,Nottingham Forest,English League Championship,1.24,1.23,45.6
233,254,Djurgardens IF,Swedish Allsvenskan,1.35,1.36,45.52
234,227,Sheffield Wednesday,English League Championship,1.21,1.22,45.15
235,245,Pacos Ferreira,Portuguese Liga,1.24,1.25,45.13
236,236,FC Nordsjaelland,Danish SAS-Ligaen,1.45,1.49,45.06
237,239,Portimonense,Portuguese Liga,1.19,1.2,45.05
238,231,Guadalajara,Mexican Primera Division Torneo Apertura,1.23,1.26,44.89
239,224,Fortuna Düsseldorf,German 2. Bundesliga,1.4,1.45,44.85
240,241,Talleres de Córdoba,Argentina Primera Division,1.21,1.23,44.82
241,244,Famalicao,Portuguese Liga,1.32,1.36,44.81
242,243,Gil Vicente,Portuguese Liga,1.18,1.2,44.8
243,225,Queens Park Rangers,English League Championship,1.29,1.33,44.73
244,242,Vasco da Gama,Brasileiro Série A,1.22,1.26,44.48
245,256,Amiens,French Ligue 2,1.15,1.19,44.4
246,248,FC Tambov,Russian Premier Liga,1.12,1.16,44.31
247,252,FC Lugano,Swiss Raiffeisen Super League,1.33,1.41,44.06
248,251,Pumas Unam,Mexican Primera Division Torneo Apertura,1.27,1.34,43.99
249,238,Dundalk,UEFA Europa League,1.51,1.61,43.91
250,249,Birmingham,English League Championship,1.18,1.25,43.85
251,250,Aris Salonika,Greek Super League,1.32,1.4,43.8
252,217,Toronto FC,Major League Soccer,1.39,1.5,43.62
253,268,Mallorca,Spanish Segunda Division,1.03,1.09,43.51
254,283,Sporting Kansas City,Major League Soccer,1.38,1.48,43.48
255,255,Derby County,English League Championship,1.21,1.3,43.4
256,258,New England Revolution,Major League Soccer,1.34,1.45,43.39
257,275,Terek Grozny,Russian Premier Liga,1.19,1.28,43.37
258,266,Inter Miami CF,Major League Soccer,1.31,1.42,43.27
259,253,IFK Norrkoping,Swedish Allsvenskan,1.58,1.72,43.21
260,271,Moreirense,Portuguese Liga,1.2,1.29,43.19
261,279,FC Groningen,Dutch Eredivisie,1.15,1.25,43.19
262,246,Atlético Goianiense,Brasileiro Série A,1.16,1.26,43.16
263,288,SK Sturm Graz,Austrian T-Mobile Bundesliga,1.28,1.4,43.05
264,237,Sivasspor,Turkish Turkcell Super Lig,1.3,1.42,42.95
265,259,Argentinos Juniors,Argentina Primera Division,1.0,1.08,42.87
266,261,Rosario Central,Argentina Primera Division,1.15,1.27,42.73
267,260,SC Farense,Portuguese Liga,1.26,1.39,42.68
268,289,Hammarby,Swedish Allsvenskan,1.59,1.76,42.67
269,287,Heerenveen,Dutch Eredivisie,1.5,1.66,42.64
270,265,Estudiantes,Argentina Primera Division,1.0,1.1,42.6
271,263,Slovan Liberec,UEFA Europa League,1.29,1.44,42.23
272,276,Coritiba,Brasileiro Série A,1.14,1.28,42.01
273,311,Kashima Antlers,Japanese J League,1.22,1.38,41.86
274,277,Arsenal Sarandi,Argentina Primera Division,1.28,1.45,41.78
275,272,Kasimpasa,Turkish Turkcell Super Lig,1.21,1.38,41.76
276,282,Portland Timbers,Major League Soccer,1.5,1.71,41.7
277,270,Orlando City SC,Major League Soccer,1.31,1.5,41.69
278,278,FC Zorya Luhansk,UEFA Europa League,1.19,1.35,41.59
279,262,Rayo Vallecano,Spanish Segunda Division,1.21,1.38,41.51
280,284,Tianjin Teda,Chinese Super League,1.28,1.47,41.44
281,269,FK Austria Vienna,Austrian T-Mobile Bundesliga,1.23,1.42,41.44
282,281,Ural Sverdlovsk Oblast,Russian Premier Liga,1.06,1.21,41.4
283,296,Gazisehir Gaziantep,Turkish Turkcell Super Lig,1.25,1.44,41.25
284,291,Atlético Tucumán,Argentina Primera Division,1.07,1.24,41.23
285,307,Heracles,Dutch Eredivisie,1.28,1.48,41.22
286,267,Columbus Crew,Major League Soccer,1.26,1.46,41.15
287,300,FC Luzern,Swiss Raiffeisen Super League,1.37,1.59,41.11
288,285,Luton Town,English League Championship,1.14,1.32,41.09
289,274,C.D. Nacional,Portuguese Liga,1.18,1.37,41.07
290,257,Cerezo Osaka,Japanese J League,1.1,1.28,41.02
291,293,San Lorenzo,Argentina Primera Division,1.14,1.33,40.96
292,298,Goztepe,Turkish Turkcell Super Lig,1.27,1.48,40.91
293,295,Servette,Swiss Raiffeisen Super League,1.26,1.48,40.87
294,297,Tondela,Portuguese Liga,1.13,1.33,40.76
295,280,Maritimo,Portuguese Liga,1.16,1.37,40.75
296,302,Willem II,Dutch Eredivisie,1.35,1.58,40.73
297,290,Sport Recife,Brasileiro Série A,1.15,1.36,40.5
298,306,FC Twente,Dutch Eredivisie,1.3,1.54,40.44
299,299,Boavista,Portuguese Liga,1.09,1.3,40.44
300,292,Konyaspor,Turkish Turkcell Super Lig,1.14,1.35,40.42
301,313,Gamba Osaka,Japanese J League,1.17,1.39,40.39
302,304,Patronato,Argentina Primera Division,1.2,1.43,40.35
303,305,Gimnasia La Plata,Argentina Primera Division,0.98,1.17,40.3
304,309,Belenenses,Portuguese Liga,0.99,1.18,40.22
305,303,Chicago Fire,Major League Soccer,1.39,1.67,40.04
306,294,Tijuana,Mexican Primera Division Torneo Apertura,1.12,1.34,40.03
307,273,AaB,Danish SAS-Ligaen,1.16,1.4,39.97
308,264,Monza,Italy Serie B,1.24,1.49,39.97
309,314,Necaxa,Mexican Primera Division Torneo Apertura,1.09,1.33,39.8
310,316,SC Paderborn,German 2. Bundesliga,1.22,1.48,39.8
311,315,Querétaro,Mexican Primera Division Torneo Apertura,1.17,1.43,39.77
312,326,PEC Zwolle,Dutch Eredivisie,1.3,1.58,39.67
313,317,Banfield,Argentina Primera Division,0.98,1.2,39.66
314,354,FC Khimki,Russian Premier Liga,1.24,1.51,39.61
315,319,Cercle Brugge,Belgian Jupiler League,1.28,1.56,39.58
316,301,Arizona United,United Soccer League,1.48,1.8,39.5
317,286,Colorado Rapids,Major League Soccer,1.37,1.68,39.35
318,310,BK Hacken,Swedish Allsvenskan,1.13,1.4,39.32
319,336,Leganes,Spanish Segunda Division,1.07,1.33,39.28
320,323,Union Santa Fe,Argentina Primera Division,1.0,1.25,39.16
321,333,New York Red Bulls,Major League Soccer,1.26,1.56,39.13
322,328,Asteras Tripolis,Greek Super League,1.04,1.3,39.02
323,334,Lausanne Sports,Swiss Raiffeisen Super League,1.18,1.48,38.71
324,371,Odense BK,Danish SAS-Ligaen,1.23,1.54,38.71
325,350,Toluca,Mexican Primera Division Torneo Apertura,1.24,1.56,38.69
326,335,Shanghai Greenland,Chinese Super League,1.34,1.68,38.68
327,320,Rotherham United,English League Championship,1.12,1.42,38.56
328,338,Henan Jianye,Chinese Super League,1.25,1.57,38.55
329,324,Sanfrecce Hiroshima,Japanese J League,1.06,1.36,38.21
330,308,FC Dallas,Major League Soccer,1.23,1.57,38.21
331,344,Rijeka,UEFA Europa League,1.2,1.53,38.21
332,352,Minnesota United FC,Major League Soccer,1.29,1.64,38.21
333,332,Atlas,Mexican Primera Division Torneo Apertura,1.05,1.35,38.19
334,373,OH Leuven,Belgian Jupiler League,1.26,1.61,38.17
335,342,Hebei China Fortune FC,Chinese Super League,1.29,1.65,38.14
336,322,KV Kortrijk,Belgian Jupiler League,1.17,1.49,38.12
337,343,Mamelodi Sundowns,South African ABSA Premier League,0.98,1.26,38.09
338,348,Atlético San Luis,Mexican Primera Division Torneo Apertura,1.13,1.46,38.05
339,360,FC Juárez,Mexican Primera Division Torneo Apertura,1.12,1.45,38.01
340,377,Almeria,Spanish Segunda Division,1.02,1.33,37.97
341,346,Huracán,Argentina Primera Division,0.95,1.24,37.93
342,340,Troyes,French Ligue 2,0.97,1.27,37.88
343,330,Sparta,Dutch Eredivisie,1.3,1.68,37.81
344,312,St. Pölten,Austrian T-Mobile Bundesliga,1.27,1.64,37.81
345,381,Caykur Rizespor,Turkish Turkcell Super Lig,1.22,1.58,37.8
346,325,FC Ufa,Russian Premier Liga,0.88,1.17,37.77
347,347,Goiás,Brasileiro Série A,1.14,1.49,37.64
348,351,Wuhan Zall,Chinese Super League,1.17,1.53,37.62
349,337,Brescia,Italy Serie B,1.15,1.5,37.61
350,383,KV Oostende,Belgian Jupiler League,1.17,1.53,37.6
351,321,Antalyaspor,Turkish Turkcell Super Lig,1.12,1.47,37.54
352,329,Hull City,English League One,1.16,1.52,37.53
353,331,Vissel Kobe,Japanese J League,1.44,1.86,37.51
354,318,Coventry City,English League Championship,1.12,1.48,37.5
355,355,FC Sion,Swiss Raiffeisen Super League,1.02,1.36,37.31
356,357,Atromitos,Greek Super League,1.0,1.33,37.25
357,378,Houston Dynamo,Major League Soccer,1.29,1.7,37.23
358,327,Girona FC,Spanish Segunda Division,0.94,1.26,37.21
359,358,Central Córdoba Santiago del Estero,Argentina Primera Division,1.0,1.34,37.16
360,366,KFCO Beerschot-Wilrijk,Belgian Jupiler League,1.41,1.85,37.16
361,341,Atlanta United FC,Major League Soccer,1.05,1.42,36.96
362,356,Sporting Gijón,Spanish Segunda Division,0.85,1.16,36.88
363,375,Puebla,Mexican Primera Division Torneo Apertura,1.09,1.46,36.85
364,349,Spal,Italy Serie B,1.21,1.61,36.84
365,392,FK Volgograd,Russian Premier Liga,1.06,1.43,36.82
366,369,Dalian Aerbin,Chinese Super League,1.29,1.73,36.66
367,370,Hartberg,Austrian T-Mobile Bundesliga,1.32,1.76,36.62
368,372,Kaizer Chiefs,South African ABSA Premier League,1.01,1.39,36.44
369,353,Los Angeles Galaxy,Major League Soccer,1.32,1.77,36.44
370,361,Kashiwa Reysol,Japanese J League,1.29,1.73,36.44
371,365,Nagoya Grampus Eight,Japanese J League,1.02,1.4,36.39
372,420,Aberdeen,Scottish Premiership,1.13,1.54,36.36
373,380,AIK,Swedish Allsvenskan,1.0,1.38,36.27
374,374,Eupen,Belgian Jupiler League,1.12,1.53,36.2
375,403,Vejle,Danish SAS-Ligaen,1.24,1.69,36.11
376,368,SV Darmstadt 98,German 2. Bundesliga,1.16,1.6,36.05
377,376,KV Mechelen,Belgian Jupiler League,1.22,1.67,36.05
378,339,Clermont Foot,French Ligue 2,0.94,1.31,36.02
379,345,Las Palmas,Spanish Segunda Division,1.03,1.44,36.01
380,363,Guingamp,French Ligue 2,1.03,1.44,35.94
381,421,FC Zurich,Swiss Raiffeisen Super League,1.32,1.82,35.67
382,388,1. FC Heidenheim 1846,German 2. Bundesliga,1.09,1.53,35.66
383,385,Melbourne City,Australian A-League,1.17,1.64,35.39
384,400,Odd BK,Norwegian Tippeligaen,1.3,1.8,35.32
385,386,Sydney FC,Australian A-League,1.12,1.58,35.2
386,393,Caen,French Ligue 2,0.95,1.37,35.11
387,379,Fatih Karagümrük,Turkish Turkcell Super Lig,1.08,1.54,35.04
388,396,Real Salt Lake,Major League Soccer,1.05,1.51,34.96
389,398,Hibernian,Scottish Premiership,1.07,1.53,34.89
390,367,Holstein Kiel,German 2. Bundesliga,1.16,1.66,34.86
391,390,OFI Crete,Greek Super League,1.06,1.52,34.85
392,391,Chongqing Lifan,Chinese Super League,1.08,1.56,34.78
393,406,Sonderjyske,Danish SAS-Ligaen,1.15,1.65,34.77
394,433,FC Cartagena,Spanish Segunda Division,1.02,1.49,34.66
395,382,Randers FC,Danish SAS-Ligaen,1.07,1.55,34.66
396,359,FC Tokyo,Japanese J League,1.0,1.46,34.59
397,389,1. FC Nürnberg,German 2. Bundesliga,1.09,1.58,34.57
398,397,Karlsruher SC,German 2. Bundesliga,1.07,1.55,34.53
399,364,Sunderland,English League One,0.97,1.42,34.48
400,422,VfL Bochum,German 2. Bundesliga,1.06,1.55,34.38
401,402,Yeni Malatyaspor,Turkish Turkcell Super Lig,1.07,1.56,34.36
402,387,San Jose Earthquakes,Major League Soccer,1.2,1.74,34.33
403,436,Urawa Red Diamonds,Japanese J League,1.13,1.65,34.26
404,440,Auxerre,French Ligue 2,1.03,1.52,34.21
405,432,SpVgg Greuther Fürth,German 2. Bundesliga,1.07,1.57,34.13
406,362,Fuenlabrada,Spanish Segunda Division,0.89,1.35,34.09
407,407,Málaga,Spanish Segunda Division,0.75,1.17,33.98
408,394,Valerenga,Norwegian Tippeligaen,1.15,1.69,33.94
409,399,IF Elfsborg,Swedish Allsvenskan,1.14,1.68,33.79
410,404,Guangzhou RF,Chinese Super League,1.44,2.07,33.73
411,405,Orlando Pirates,South African ABSA Premier League,0.98,1.48,33.73
412,408,Aldosivi,Argentina Primera Division,0.86,1.33,33.63
413,426,Cashpoint SC Rheindorf Altach,Austrian T-Mobile Bundesliga,1.13,1.68,33.53
414,410,Tianjin Quanujian,Chinese Super League,1.16,1.73,33.51
415,411,Viking FK,Norwegian Tippeligaen,1.37,2.0,33.41
416,417,Kristiansund BK,Norwegian Tippeligaen,1.2,1.79,33.39
417,413,Hatayspor,Turkish Turkcell Super Lig,1.01,1.54,33.37
418,428,Paris FC,French Ligue 2,0.96,1.47,33.3
419,444,St. Truidense,Belgian Jupiler League,1.13,1.7,33.27
420,414,Erzurumspor,Turkish Turkcell Super Lig,1.03,1.57,33.14
421,412,SV Sandhausen,German 2. Bundesliga,1.11,1.69,33.13
422,430,Le Havre,French Ligue 2,0.89,1.4,33.05
423,451,Empoli,Italy Serie B,1.05,1.62,32.88
424,439,Jahn Regensburg,German 2. Bundesliga,1.06,1.64,32.86
425,424,ADO Den Haag,Dutch Eredivisie,1.18,1.8,32.73
426,476,Lugo,Spanish Segunda Division,0.95,1.49,32.68
427,442,Wycombe Wanderers,English League Championship,1.03,1.6,32.65
428,425,Shenzhen FC,Chinese Super League,1.19,1.81,32.64
429,452,Peterborough United,English League One,1.05,1.64,32.62
430,395,SV Zulte Waregem,Belgian Jupiler League,1.19,1.82,32.45
431,409,Emmen,Dutch Eredivisie,1.16,1.79,32.41
432,419,Tenerife,Spanish Segunda Division,0.84,1.36,32.38
433,401,SV Ried,Austrian T-Mobile Bundesliga,1.1,1.71,32.35
434,416,Louisville City FC,United Soccer League,1.08,1.69,32.24
435,431,Grenoble,French Ligue 2,0.93,1.49,32.2
436,384,Ipswich Town,English League One,0.99,1.58,32.18
437,455,Lecce,Italy Serie B,1.05,1.66,32.17
438,429,Mirandes,Spanish Segunda Division,0.91,1.47,32.09
439,443,Nashville SC,Major League Soccer,0.91,1.48,31.96
440,435,Perth Glory,Australian A-League,1.09,1.72,31.9
441,438,Newcastle Jets,Australian A-League,1.11,1.76,31.86
442,418,Fortuna Sittard,Dutch Eredivisie,1.2,1.87,31.84
443,453,FC St. Pauli,German 2. Bundesliga,1.12,1.78,31.59
444,427,Real Zaragoza,Spanish Segunda Division,0.92,1.51,31.57
445,449,Mazatlán FC,Mexican Primera Division Torneo Apertura,0.99,1.61,31.56
446,434,Real Oviedo,Spanish Segunda Division,0.8,1.36,31.39
447,446,Reno 1868 FC,United Soccer League,1.27,2.0,31.38
448,447,Mouscron-Peruwelz,Belgian Jupiler League,0.95,1.56,31.36
449,457,Montreal Impact,Major League Soccer,1.16,1.87,31.15
450,423,AD Alcorcon,Spanish Segunda Division,0.81,1.39,31.12
451,454,SD Ponferradina,Spanish Segunda Division,0.87,1.47,31.06
452,466,Albacete,Spanish Segunda Division,0.77,1.33,31.06
453,456,Valenciennes,French Ligue 2,0.77,1.34,31.0
454,448,Genclerbirligi,Turkish Turkcell Super Lig,0.93,1.57,30.95
455,437,Castellon,Spanish Segunda Division,0.9,1.54,30.58
456,441,Kilmarnock,Scottish Premiership,0.95,1.61,30.57
457,450,VfL Osnabruck,German 2. Bundesliga,1.0,1.69,30.56
458,458,Kayserispor,Turkish Turkcell Super Lig,1.06,1.77,30.45
459,483,Chievo Verona,Italy Serie B,0.9,1.55,30.37
460,477,Tampa Bay Rowdies,United Soccer League,0.96,1.64,30.21
461,459,Wellington Phoenix,Australian A-League,1.1,1.83,30.17
462,462,Denizlispor,Turkish Turkcell Super Lig,0.9,1.56,30.14
463,460,Panetolikos,Greek Super League,0.86,1.51,30.07
464,461,Colon Santa Fe,Argentina Primera Division,0.83,1.48,29.95
465,465,Godoy Cruz,Argentina Primera Division,0.94,1.64,29.76
466,467,SuperSport United,South African ABSA Premier League,0.81,1.46,29.64
467,480,Frosinone,Italy Serie B,0.83,1.49,29.57
468,489,AC Ajaccio,French Ligue 2,0.81,1.47,29.46
469,498,Motherwell,Scottish Premiership,0.92,1.63,29.42
470,471,Adelaide United,Australian A-League,1.22,2.05,29.37
471,472,AS Nancy Lorraine,French Ligue 2,0.79,1.45,29.35
472,445,FC Vaduz,Swiss Raiffeisen Super League,0.94,1.68,29.1
473,474,Ankaragucu,Turkish Turkcell Super Lig,0.96,1.7,29.08
474,473,WSG Swarovski Wattens,Austrian T-Mobile Bundesliga,1.0,1.77,29.06
475,468,Logrones,Spanish Segunda Division,0.88,1.59,29.01
476,475,Pittsburgh Riverhounds,United Soccer League,0.91,1.64,28.95
477,497,Doncaster Rovers,English League One,0.96,1.74,28.65
478,469,RKC,Dutch Eredivisie,1.01,1.81,28.6
479,415,VVV Venlo,Dutch Eredivisie,1.13,1.99,28.45
480,479,Bidvest Wits,South African ABSA Premier League,0.74,1.44,28.42
481,464,Sochaux,French Ligue 2,0.81,1.54,28.4
482,485,Cittadella,Italy Serie B,0.88,1.64,28.23
483,491,DC United,Major League Soccer,0.98,1.79,28.22
484,526,Portsmouth,English League One,0.89,1.66,28.19
485,482,Larissa,Greek Super League,0.7,1.38,28.18
486,463,IK Sirius,Swedish Allsvenskan,1.14,2.03,27.91
487,484,San Antonio FC,United Soccer League,1.03,1.88,27.84
488,487,AC Horsens,Danish SAS-Ligaen,0.91,1.72,27.73
489,488,Lamia,Greek Super League,0.55,1.18,27.53
490,509,Reggina,Italy Serie B,0.89,1.7,27.47
491,481,FC Trenkwalder Admira,Austrian T-Mobile Bundesliga,1.08,1.98,27.43
492,494,Orebro SK,Swedish Allsvenskan,1.01,1.88,27.35
493,486,Livingston,Scottish Premiership,0.94,1.79,27.1
494,495,Guizhou Renhe,Chinese Super League,0.94,1.82,26.81
495,470,Erzgebirge Aue,German 2. Bundesliga,0.88,1.72,26.81
496,496,Western Sydney FC,Australian A-League,1.07,2.0,26.8
497,493,IFK Goteborg,Swedish Allsvenskan,0.88,1.72,26.79
498,508,Mjallby,Swedish Allsvenskan,1.05,1.98,26.71
499,500,Stabaek,Norwegian Tippeligaen,0.93,1.81,26.62
500,501,Melbourne Victory,Australian A-League,1.07,2.01,26.6
501,517,Consadole Sapporo,Japanese J League,0.96,1.86,26.51
502,502,Western United,Australian A-League,1.02,1.96,26.35
503,515,Charlton Athletic,English League One,0.81,1.65,26.34
504,478,Niort,French Ligue 2,0.88,1.76,26.28
505,504,CD Sabadell,Spanish Segunda Division,0.8,1.65,26.26
506,490,Östersunds FK,Swedish Allsvenskan,0.79,1.62,26.21
507,503,Brisbane Roar,Australian A-League,0.91,1.81,26.16
508,499,Chateauroux,French Ligue 2,0.76,1.6,26.07
509,492,Dunkerque,French Ligue 2,0.78,1.62,26.03
510,505,Waasland-Beveren,Belgian Jupiler League,1.06,2.04,25.98
511,507,FC Xanthi,Greek Super League,0.58,1.33,25.81
512,518,Salernitana,Italy Serie B,0.84,1.74,25.59
513,510,Haugesund,Norwegian Tippeligaen,0.97,1.94,25.51
514,516,Oxford United,English League One,0.93,1.88,25.49
515,514,Oita Trinita,Japanese J League,0.7,1.56,25.01
516,512,Würzburger Kickers,German 2. Bundesliga,0.83,1.77,24.97
517,506,Eintracht Braunschweig,German 2. Bundesliga,0.83,1.77,24.9
518,513,Sarpsborg,Norwegian Tippeligaen,0.76,1.66,24.82
519,538,Pau,French Ligue 2,0.77,1.69,24.77
520,519,Stromsgodset,Norwegian Tippeligaen,1.0,2.04,24.68
521,535,F.B.C Unione Venezia,Italy Serie B,0.74,1.65,24.64
522,521,Fleetwood Town,English League One,0.8,1.75,24.53
523,520,Black Aces,South African ABSA Premier League,0.81,1.78,24.28
524,522,Maritzburg Utd,South African ABSA Premier League,0.56,1.39,24.05
525,537,Lincoln City,English League One,0.78,1.75,23.95
526,529,Salford City,English League Two,0.81,1.81,23.85
527,525,Sacramento Republic FC,United Soccer League,0.8,1.8,23.75
528,511,Lyngby,Danish SAS-Ligaen,0.83,1.87,23.41
529,528,Cremonese,Italy Serie B,0.71,1.69,23.22
530,531,New Mexico United,United Soccer League,0.81,1.88,22.97
531,530,Helsingborgs IF,Swedish Allsvenskan,0.86,1.94,22.93
532,524,Pordenone Calcio,Italy Serie B,0.73,1.75,22.91
533,527,FC Cincinnati,Major League Soccer,0.72,1.74,22.88
534,523,Rodez,French Ligue 2,0.72,1.74,22.7
535,539,Bloem Celtic,South African ABSA Premier League,0.8,1.9,22.37
536,540,Shimizu S-Pulse,Japanese J League,0.98,2.19,22.29
537,536,Virtus Entella,Italy Serie B,0.68,1.72,22.02
538,542,Orange County SC,United Soccer League,0.77,1.88,21.91
539,548,El Paso Locomotive FC,United Soccer League,0.66,1.7,21.89
540,552,Vancouver Whitecaps,Major League Soccer,0.85,2.0,21.86
541,544,Panionios,Greek Super League,0.51,1.45,21.84
542,541,SK Brann,Norwegian Tippeligaen,0.75,1.85,21.83
543,543,Dundee Utd,Scottish Premiership,0.68,1.75,21.79
544,547,Austin Bold FC,United Soccer League,0.94,2.16,21.69
545,549,Charleston Battery,United Soccer League,0.74,1.86,21.6
546,546,Sagan Tosu,Japanese J League,0.64,1.7,21.42
547,550,Pisa,Italy Serie B,0.72,1.84,21.38
548,554,Volos NFC,Greek Super League,0.65,1.73,21.22
549,555,San Diego Loyal SC,United Soccer League,0.7,1.82,21.09
550,551,St Johnstone,Scottish Premiership,0.63,1.71,21.04
551,532,Chambly Thelle FC,French Ligue 2,0.73,1.87,20.96
552,534,Cosenza,Italy Serie B,0.69,1.82,20.85
553,553,Ascoli,Italy Serie B,0.71,1.88,20.63
554,545,Wigan,English League One,0.72,1.88,20.62
555,557,Vicenza,Italy Serie B,0.72,1.89,20.57
556,558,Indy Eleven,United Soccer League,0.68,1.84,20.5
557,559,Varbergs BoIS FC,Swedish Allsvenskan,0.73,1.93,20.14
558,561,Hamilton Academical,Scottish Premiership,0.87,2.18,19.9
559,564,Birmingham Legion FC,United Soccer League,0.84,2.15,19.81
560,563,Reggiana,Italy Serie B,0.71,1.94,19.77
561,533,Gillingham,English League One,0.65,1.83,19.71
562,565,Vegalta Sendai,Japanese J League,0.68,1.93,19.31
563,562,Milton Keynes Dons,English League One,0.66,1.9,19.16
564,568,St Mirren,Scottish Premiership,0.58,1.76,19.13
565,566,Blackpool,English League One,0.65,1.89,18.97
566,570,Highlands Park FC,South African ABSA Premier League,0.57,1.75,18.95
567,560,Yokohama FC,Japanese J League,0.7,1.98,18.82
568,577,Sandefjord,Norwegian Tippeligaen,0.62,1.86,18.56
569,571,Miami FC,United Soccer League,0.83,2.25,18.46
570,574,Shonan Bellmare,Japanese J League,0.61,1.87,18.32
571,556,US Pescara,Italy Serie B,0.6,1.86,18.3
572,569,Swindon Town,English League One,0.72,2.06,18.28
573,567,IK Start,Norwegian Tippeligaen,0.68,2.0,18.22
574,575,Saint Louis FC,United Soccer League,0.64,1.94,18.03
575,580,Falkenbergs FF,Swedish Allsvenskan,0.67,2.04,17.42
576,581,Central Coast Mariners,Australian A-League,0.78,2.26,17.34
577,583,Golden Arrows,South African ABSA Premier League,0.43,1.63,17.14
578,582,Kalmar FF,Swedish Allsvenskan,0.62,2.0,17.04
579,576,Cheltenham Town,English League Two,0.51,1.79,17.04
580,573,Burton Albion,English League One,0.74,2.21,16.96
581,584,Charlotte Independence,United Soccer League,0.66,2.09,16.87
582,579,Plymouth Argyle,English League One,0.62,2.01,16.81
583,585,North Carolina FC,United Soccer League,0.65,2.09,16.69
584,587,Colchester United,English League Two,0.61,2.01,16.58
585,588,Accrington Stanley,English League One,0.61,2.03,16.42
586,595,Exeter City,English League Two,0.63,2.07,16.31
587,572,Ross County,Scottish Premiership,0.58,1.98,16.28
588,586,LA Galaxy II,United Soccer League,0.84,2.45,16.26
589,593,Crewe Alexandra,English League One,0.54,1.92,16.23
590,590,Bristol Rovers,English League One,0.56,1.94,16.21
591,578,Shrewsbury Town,English League One,0.49,1.84,15.94
592,591,Polokwane City FC,South African ABSA Premier League,0.47,1.84,15.52
593,592,Tulsa Roughnecks,United Soccer League,0.62,2.14,15.51
594,594,Memphis 901 FC,United Soccer League,0.74,2.37,15.25
595,589,Oldham Athletic,English League Two,0.71,2.38,14.76
596,596,Mjondalen,Norwegian Tippeligaen,0.55,2.09,14.5
597,607,Rochdale,English League One,0.54,2.09,14.37
598,597,AFC Wimbledon,English League One,0.49,2.01,14.02
599,598,Chippa United,South African ABSA Premier League,0.26,1.54,13.92
600,601,Bolton,English League Two,0.54,2.13,13.91
601,599,Hartford Athletic,United Soccer League,0.66,2.37,13.84
602,602,AmaZulu,South African ABSA Premier League,0.31,1.68,13.48
603,603,Real Monarchs SLC,United Soccer League,0.56,2.22,13.33
604,604,Las Vegas Lights FC,United Soccer League,0.67,2.44,13.32
605,606,Crawley Town,English League Two,0.49,2.1,13.07
606,608,Baroka FC,South African ABSA Premier League,0.24,1.57,12.84
607,618,Leyton Orient,English League Two,0.51,2.2,12.65
608,609,Tacoma Defiance,United Soccer League,0.65,2.49,12.51
609,610,Portland Timbers 2,United Soccer League,0.79,2.78,12.37
610,605,Aalesund,Norwegian Tippeligaen,0.7,2.62,12.32
611,621,Cambridge United,English League Two,0.46,2.12,12.31
612,612,Stellenbosch FC,South African ABSA Premier League,0.35,1.89,12.29
613,611,Northampton Town,English League One,0.46,2.15,12.04
614,613,Forest Green Rovers,English League Two,0.4,2.03,11.93
615,614,Black Leopards,South African ABSA Premier League,0.39,2.03,11.75
616,600,Bradford City,English League Two,0.44,2.14,11.68
617,616,Swope Park Rangers,United Soccer League,0.62,2.56,11.56
618,615,Mansfield Town,English League Two,0.44,2.2,11.19
619,620,Colorado Springs Switchbacks FC,United Soccer League,0.47,2.27,11.15
620,619,Port Vale,English League Two,0.34,2.0,11.13
621,622,Tranmere Rovers,English League Two,0.35,2.04,10.85
622,617,Grimsby Town,English League Two,0.43,2.26,10.54
623,623,Oklahoma City Energy FC,United Soccer League,0.42,2.3,10.16
624,624,New York Red Bulls II,United Soccer League,0.64,2.79,10.04
625,628,Barrow,English League Two,0.41,2.3,10.03
626,625,Rio Grande Valley FC Toros,United Soccer League,0.47,2.42,10.01
627,632,Newport County,English League Two,0.28,1.99,9.97
628,626,Atlanta United 2,United Soccer League,0.57,2.67,9.86
629,627,Walsall,English League Two,0.35,2.18,9.65
630,630,Carlisle United,English League Two,0.31,2.18,8.96
631,631,Morecambe,English League Two,0.35,2.46,7.85
632,629,Southend United,English League Two,0.31,2.4,7.62
633,633,Stevenage,English League Two,0.2,2.12,7.44
634,635,Harrogate Town,English League Two,0.23,2.23,7.19
635,636,Loudoun United FC,United Soccer League,0.34,2.65,6.51
636,634,Scunthorpe,English League Two,0.27,2.49,6.47
637,637,Bethlehem Steel FC,United Soccer League,0.41,2.99,5.78
